2026-09-23 09:38:28.947  INFO 872 --- [fifa] [restartedMain] com.example.demo.DemoApplication         : Starting DemoApplication using Java 24.0.2 with PID 872 (C:\Users\flore\Documents\UNIVERSIDAD\Sexto Semestre\Compunet 2\SpringBoot\PreParcial_CopaMundial\demo\target\classes started by flore in C:\Users\flore\Documents\UNIVERSIDAD\Sexto Semestre\Compunet 2\SpringBoot\PreParcial_CopaMundial\demo)
2026-09-23 09:38:28.956  INFO 872 --- [fifa] [restartedMain] com.example.demo.DemoApplication         : The following 1 profile is active: "dev"
2026-09-23 09:38:29.016  INFO 872 --- [fifa] [restartedMain] .e.DevToolsPropertyDefaultsPostProcessor : Devtools property defaults active! Set 'spring.devtools.add-properties' to 'false' to disable
2026-09-23 09:38:29.017  INFO 872 --- [fifa] [restartedMain] .e.DevToolsPropertyDefaultsPostProcessor : For additional web related logging consider setting the 'logging.level.web' property to 'DEBUG'
2026-09-23 09:38:29.687  INFO 872 --- [fifa] [restartedMain] .s.d.r.c.RepositoryConfigurationDelegate : Bootstrapping Spring Data JPA repositories in DEFAULT mode.
2026-09-23 09:38:29.768  INFO 872 --- [fifa] [restartedMain] .s.d.r.c.RepositoryConfigurationDelegate : Finished Spring Data repository scanning in 70 ms. Found 5 JPA repository interfaces.
2026-09-23 09:38:30.356  INFO 872 --- [fifa] [restartedMain] o.s.boot.tomcat.TomcatWebServer          : Tomcat initialized with port 8081 (http)
2026-09-23 09:38:30.377  INFO 872 --- [fifa] [restartedMain] o.apache.catalina.core.StandardService   : Starting service [Tomcat]
2026-09-23 09:38:30.378  INFO 872 --- [fifa] [restartedMain] o.apache.catalina.core.StandardEngine    : Starting Servlet engine: [Apache Tomcat/11.0.24]
2026-09-23 09:38:30.431  INFO 872 --- [fifa] [restartedMain] b.w.c.s.WebApplicationContextInitializer : Root WebApplicationContext: initialization completed in 1413 ms
2026-09-23 09:38:30.630  INFO 872 --- [fifa] [restartedMain] org.hibernate.orm.jpa                    : HHH008540: Processing PersistenceUnitInfo [name: default]
2026-09-23 09:38:30.745  INFO 872 --- [fifa] [restartedMain] org.hibernate.orm.core                   : HHH000001: Hibernate ORM core version 7.4.5.Final
2026-09-23 09:38:31.335  INFO 872 --- [fifa] [restartedMain] o.s.o.j.p.SpringPersistenceUnitInfo      : No LoadTimeWeaver setup: ignoring JPA class transformer
2026-09-23 09:38:31.383  INFO 872 --- [fifa] [restartedMain] com.zaxxer.hikari.HikariDataSource       : HikariPool-1 - Starting...
2026-09-23 09:38:31.618  INFO 872 --- [fifa] [restartedMain] com.zaxxer.hikari.pool.HikariPool        : HikariPool-1 - Added connection conn0: url=jdbc:h2:mem:db-kevin user=POSTGRES
2026-09-23 09:38:31.620  INFO 872 --- [fifa] [restartedMain] com.zaxxer.hikari.HikariDataSource       : HikariPool-1 - Start completed.
2026-09-23 09:38:31.702  INFO 872 --- [fifa] [restartedMain] org.hibernate.orm.connections.pooling    : HHH10001005: Database info:
	Database JDBC URL [jdbc:h2:mem:db-kevin]
	Database driver: H2 JDBC Driver
	Database dialect: H2Dialect
	Database version: 2.4.240
	Default catalog/schema: DB-KEVIN/PUBLIC
	Autocommit mode: undefined/unknown
	Isolation level: READ_COMMITTED [default READ_COMMITTED]
	JDBC fetch size: 100
	Pool: DataSourceConnectionProvider
	Minimum pool size: undefined/unknown
	Maximum pool size: undefined/unknown
2026-09-23 09:38:32.919  INFO 872 --- [fifa] [restartedMain] org.hibernate.orm.core                   : HHH000489: No JTA platform available (set 'hibernate.transaction.jta.platform' to enable JTA platform integration)
2026-09-23 09:38:32.995  INFO 872 --- [fifa] [restartedMain] j.LocalContainerEntityManagerFactoryBean : Initialized JPA EntityManagerFactory for persistence unit 'default'
2026-09-23 09:38:33.096  INFO 872 --- [fifa] [restartedMain] o.s.d.j.r.query.QueryEnhancerFactories   : Hibernate is in classpath; If applicable, HQL parser will be used.
2026-09-23 09:38:33.287  WARN 872 --- [fifa] [restartedMain] JpaBaseConfiguration$JpaWebConfiguration : spring.jpa.open-in-view is enabled by default. Therefore, database queries may be performed during view rendering. Explicitly configure spring.jpa.open-in-view to disable this warning
2026-09-23 09:38:33.585  INFO 872 --- [fifa] [restartedMain] o.s.b.h.a.H2ConsoleAutoConfiguration     : H2 console available at '/h2-console'. Database available at 'jdbc:h2:mem:db-kevin'
2026-09-23 09:38:33.680  INFO 872 --- [fifa] [restartedMain] o.s.boot.tomcat.TomcatWebServer          : Tomcat started on port 8081 (http) with context path '/fifaparcial'
2026-09-23 09:38:33.685  INFO 872 --- [fifa] [restartedMain] com.example.demo.DemoApplication         : Started DemoApplication in 5.25 seconds (process running for 5.801)
2026-09-23 09:42:17.675  INFO 872 --- [fifa] [File Watcher] rtingClassPathChangeChangedEventListener : Restarting due to 1 class path change (0 additions, 0 deletions, 1 modification)
2026-09-23 09:42:17.683  INFO 872 --- [fifa] [Thread-1] o.s.boot.tomcat.GracefulShutdown         : Commencing graceful shutdown. Waiting for active requests to complete
2026-09-23 09:42:17.712  INFO 872 --- [fifa] [tomcat-shutdown] o.s.boot.tomcat.GracefulShutdown         : Graceful shutdown complete
2026-09-23 09:42:17.716  INFO 872 --- [fifa] [Thread-1] j.LocalContainerEntityManagerFactoryBean : Closing JPA EntityManagerFactory for persistence unit 'default'
2026-09-23 09:42:17.725  WARN 872 --- [fifa] [Thread-1] o.s.b.f.support.DisposableBeanAdapter    : Invocation of destroy method failed on bean with name 'inMemoryDatabaseShutdownExecutor': org.h2.jdbc.JdbcSQLNonTransientConnectionException: La base de datos ya esta cerrada (para des-habilitar el cerrado automatico durante el shutdown de la VM, agregue ";DB_CLOSE_ON_EXIT=FALSE" a la URL de conexión)
Database is already closed (to disable automatic closing at VM shutdown, add ";DB_CLOSE_ON_EXIT=FALSE" to the db URL) [90121-240]
2026-09-23 09:42:17.727  INFO 872 --- [fifa] [Thread-1] com.zaxxer.hikari.HikariDataSource       : HikariPool-1 - Shutdown initiated...
2026-09-23 09:42:17.728  INFO 872 --- [fifa] [Thread-1] com.zaxxer.hikari.HikariDataSource       : HikariPool-1 - Shutdown completed.
2026-09-23 09:42:17.817  INFO 872 --- [fifa] [restartedMain] com.example.demo.DemoApplication         : Starting DemoApplication using Java 24.0.2 with PID 872 (C:\Users\flore\Documents\UNIVERSIDAD\Sexto Semestre\Compunet 2\SpringBoot\PreParcial_CopaMundial\demo\target\classes started by flore in C:\Users\flore\Documents\UNIVERSIDAD\Sexto Semestre\Compunet 2\SpringBoot\PreParcial_CopaMundial\demo)
2026-09-23 09:42:17.818  INFO 872 --- [fifa] [restartedMain] com.example.demo.DemoApplication         : The following 1 profile is active: "dev"
2026-09-23 09:42:17.964  INFO 872 --- [fifa] [restartedMain] .s.d.r.c.RepositoryConfigurationDelegate : Bootstrapping Spring Data JPA repositories in DEFAULT mode.
2026-09-23 09:42:17.987  INFO 872 --- [fifa] [restartedMain] .s.d.r.c.RepositoryConfigurationDelegate : Finished Spring Data repository scanning in 21 ms. Found 5 JPA repository interfaces.
2026-09-23 09:42:18.052  INFO 872 --- [fifa] [restartedMain] o.s.boot.tomcat.TomcatWebServer          : Tomcat initialized with port 8081 (http)
2026-09-23 09:42:18.053  INFO 872 --- [fifa] [restartedMain] o.apache.catalina.core.StandardService   : Starting service [Tomcat]
2026-09-23 09:42:18.053  INFO 872 --- [fifa] [restartedMain] o.apache.catalina.core.StandardEngine    : Starting Servlet engine: [Apache Tomcat/11.0.24]
2026-09-23 09:42:18.074  INFO 872 --- [fifa] [restartedMain] b.w.c.s.WebApplicationContextInitializer : Root WebApplicationContext: initialization completed in 254 ms
2026-09-23 09:42:18.100  INFO 872 --- [fifa] [restartedMain] org.hibernate.orm.jpa                    : HHH008540: Processing PersistenceUnitInfo [name: default]
2026-09-23 09:42:18.134  INFO 872 --- [fifa] [restartedMain] o.s.o.j.p.SpringPersistenceUnitInfo      : No LoadTimeWeaver setup: ignoring JPA class transformer
2026-09-23 09:42:18.135  INFO 872 --- [fifa] [restartedMain] com.zaxxer.hikari.HikariDataSource       : HikariPool-2 - Starting...
2026-09-23 09:42:18.137  INFO 872 --- [fifa] [restartedMain] com.zaxxer.hikari.pool.HikariPool        : HikariPool-2 - Added connection conn6: url=jdbc:h2:mem:db-kevin user=POSTGRES
2026-09-23 09:42:18.137  INFO 872 --- [fifa] [restartedMain] com.zaxxer.hikari.HikariDataSource       : HikariPool-2 - Start completed.
2026-09-23 09:42:18.138  INFO 872 --- [fifa] [restartedMain] org.hibernate.orm.connections.pooling    : HHH10001005: Database info:
	Database JDBC URL [jdbc:h2:mem:db-kevin]
	Database driver: H2 JDBC Driver
	Database dialect: H2Dialect
	Database version: 2.4.240
	Default catalog/schema: DB-KEVIN/PUBLIC
	Autocommit mode: undefined/unknown
	Isolation level: READ_COMMITTED [default READ_COMMITTED]
	JDBC fetch size: 100
	Pool: DataSourceConnectionProvider
	Minimum pool size: undefined/unknown
	Maximum pool size: undefined/unknown
2026-09-23 09:42:18.237  INFO 872 --- [fifa] [restartedMain] org.hibernate.orm.core                   : HHH000489: No JTA platform available (set 'hibernate.transaction.jta.platform' to enable JTA platform integration)
2026-09-23 09:42:18.248  INFO 872 --- [fifa] [restartedMain] j.LocalContainerEntityManagerFactoryBean : Initialized JPA EntityManagerFactory for persistence unit 'default'
2026-09-23 09:42:18.323  WARN 872 --- [fifa] [restartedMain] JpaBaseConfiguration$JpaWebConfiguration : spring.jpa.open-in-view is enabled by default. Therefore, database queries may be performed during view rendering. Explicitly configure spring.jpa.open-in-view to disable this warning
2026-09-23 09:42:18.375  INFO 872 --- [fifa] [restartedMain] o.s.b.h.a.H2ConsoleAutoConfiguration     : H2 console available at '/h2-console'. Database available at 'jdbc:h2:mem:db-kevin'
2026-09-23 09:42:18.393  INFO 872 --- [fifa] [restartedMain] o.s.boot.tomcat.TomcatWebServer          : Tomcat started on port 8081 (http) with context path '/fifaparcial'
2026-09-23 09:42:18.395  INFO 872 --- [fifa] [restartedMain] com.example.demo.DemoApplication         : Started DemoApplication in 0.604 seconds (process running for 230.512)
2026-09-23 09:42:18.397  INFO 872 --- [fifa] [restartedMain] .ConditionEvaluationDeltaLoggingListener : Condition evaluation unchanged
2026-09-23 09:42:52.615  INFO 872 --- [fifa] [File Watcher] rtingClassPathChangeChangedEventListener : Restarting due to 1 class path change (1 addition, 0 deletions, 0 modifications)
2026-09-23 09:42:52.617  INFO 872 --- [fifa] [Thread-5] o.s.boot.tomcat.GracefulShutdown         : Commencing graceful shutdown. Waiting for active requests to complete
2026-09-23 09:42:52.643  INFO 872 --- [fifa] [tomcat-shutdown] o.s.boot.tomcat.GracefulShutdown         : Graceful shutdown complete
2026-09-23 09:42:52.645  INFO 872 --- [fifa] [Thread-5] j.LocalContainerEntityManagerFactoryBean : Closing JPA EntityManagerFactory for persistence unit 'default'
2026-09-23 09:42:52.649  WARN 872 --- [fifa] [Thread-5] o.s.b.f.support.DisposableBeanAdapter    : Invocation of destroy method failed on bean with name 'inMemoryDatabaseShutdownExecutor': org.h2.jdbc.JdbcSQLNonTransientConnectionException: La base de datos ya esta cerrada (para des-habilitar el cerrado automatico durante el shutdown de la VM, agregue ";DB_CLOSE_ON_EXIT=FALSE" a la URL de conexión)
Database is already closed (to disable automatic closing at VM shutdown, add ";DB_CLOSE_ON_EXIT=FALSE" to the db URL) [90121-240]
2026-09-23 09:42:52.649  INFO 872 --- [fifa] [Thread-5] com.zaxxer.hikari.HikariDataSource       : HikariPool-2 - Shutdown initiated...
2026-09-23 09:42:52.651  INFO 872 --- [fifa] [Thread-5] com.zaxxer.hikari.HikariDataSource       : HikariPool-2 - Shutdown completed.
2026-09-23 09:42:52.741  INFO 872 --- [fifa] [restartedMain] com.example.demo.DemoApplication         : Starting DemoApplication using Java 24.0.2 with PID 872 (C:\Users\flore\Documents\UNIVERSIDAD\Sexto Semestre\Compunet 2\SpringBoot\PreParcial_CopaMundial\demo\target\classes started by flore in C:\Users\flore\Documents\UNIVERSIDAD\Sexto Semestre\Compunet 2\SpringBoot\PreParcial_CopaMundial\demo)
2026-09-23 09:42:52.742  INFO 872 --- [fifa] [restartedMain] com.example.demo.DemoApplication         : The following 1 profile is active: "dev"
2026-09-23 09:42:52.931  INFO 872 --- [fifa] [restartedMain] .s.d.r.c.RepositoryConfigurationDelegate : Bootstrapping Spring Data JPA repositories in DEFAULT mode.
2026-09-23 09:42:52.952  INFO 872 --- [fifa] [restartedMain] .s.d.r.c.RepositoryConfigurationDelegate : Finished Spring Data repository scanning in 20 ms. Found 5 JPA repository interfaces.
2026-09-23 09:42:53.013  INFO 872 --- [fifa] [restartedMain] o.s.boot.tomcat.TomcatWebServer          : Tomcat initialized with port 8081 (http)
2026-09-23 09:42:53.014  INFO 872 --- [fifa] [restartedMain] o.apache.catalina.core.StandardService   : Starting service [Tomcat]
2026-09-23 09:42:53.015  INFO 872 --- [fifa] [restartedMain] o.apache.catalina.core.StandardEngine    : Starting Servlet engine: [Apache Tomcat/11.0.24]
2026-09-23 09:42:53.035  INFO 872 --- [fifa] [restartedMain] b.w.c.s.WebApplicationContextInitializer : Root WebApplicationContext: initialization completed in 291 ms
2026-09-23 09:42:53.062  INFO 872 --- [fifa] [restartedMain] org.hibernate.orm.jpa                    : HHH008540: Processing PersistenceUnitInfo [name: default]
2026-09-23 09:42:53.093  INFO 872 --- [fifa] [restartedMain] o.s.o.j.p.SpringPersistenceUnitInfo      : No LoadTimeWeaver setup: ignoring JPA class transformer
2026-09-23 09:42:53.095  INFO 872 --- [fifa] [restartedMain] com.zaxxer.hikari.HikariDataSource       : HikariPool-3 - Starting...
2026-09-23 09:42:53.097  INFO 872 --- [fifa] [restartedMain] com.zaxxer.hikari.pool.HikariPool        : HikariPool-3 - Added connection conn11: url=jdbc:h2:mem:db-kevin user=POSTGRES
2026-09-23 09:42:53.097  INFO 872 --- [fifa] [restartedMain] com.zaxxer.hikari.HikariDataSource       : HikariPool-3 - Start completed.
2026-09-23 09:42:53.098  INFO 872 --- [fifa] [restartedMain] org.hibernate.orm.connections.pooling    : HHH10001005: Database info:
	Database JDBC URL [jdbc:h2:mem:db-kevin]
	Database driver: H2 JDBC Driver
	Database dialect: H2Dialect
	Database version: 2.4.240
	Default catalog/schema: DB-KEVIN/PUBLIC
	Autocommit mode: undefined/unknown
	Isolation level: READ_COMMITTED [default READ_COMMITTED]
	JDBC fetch size: 100
	Pool: DataSourceConnectionProvider
	Minimum pool size: undefined/unknown
	Maximum pool size: undefined/unknown
2026-09-23 09:42:53.195  INFO 872 --- [fifa] [restartedMain] org.hibernate.orm.core                   : HHH000489: No JTA platform available (set 'hibernate.transaction.jta.platform' to enable JTA platform integration)
2026-09-23 09:42:53.207  INFO 872 --- [fifa] [restartedMain] j.LocalContainerEntityManagerFactoryBean : Initialized JPA EntityManagerFactory for persistence unit 'default'
2026-09-23 09:42:53.276  WARN 872 --- [fifa] [restartedMain] JpaBaseConfiguration$JpaWebConfiguration : spring.jpa.open-in-view is enabled by default. Therefore, database queries may be performed during view rendering. Explicitly configure spring.jpa.open-in-view to disable this warning
2026-09-23 09:42:53.324  INFO 872 --- [fifa] [restartedMain] o.s.b.h.a.H2ConsoleAutoConfiguration     : H2 console available at '/h2-console'. Database available at 'jdbc:h2:mem:db-kevin'
2026-09-23 09:42:53.340  INFO 872 --- [fifa] [restartedMain] o.s.boot.tomcat.TomcatWebServer          : Tomcat started on port 8081 (http) with context path '/fifaparcial'
2026-09-23 09:42:53.343  INFO 872 --- [fifa] [restartedMain] com.example.demo.DemoApplication         : Started DemoApplication in 0.625 seconds (process running for 265.459)
2026-09-23 09:42:53.344  INFO 872 --- [fifa] [restartedMain] .ConditionEvaluationDeltaLoggingListener : Condition evaluation unchanged
2026-09-23 09:43:09.071  INFO 872 --- [fifa] [File Watcher] rtingClassPathChangeChangedEventListener : Restarting due to 1 class path change (0 additions, 0 deletions, 1 modification)
2026-09-23 09:43:09.072  INFO 872 --- [fifa] [Thread-10] o.s.boot.tomcat.GracefulShutdown         : Commencing graceful shutdown. Waiting for active requests to complete
2026-09-23 09:43:09.094  INFO 872 --- [fifa] [tomcat-shutdown] o.s.boot.tomcat.GracefulShutdown         : Graceful shutdown complete
2026-09-23 09:43:09.096  INFO 872 --- [fifa] [Thread-10] j.LocalContainerEntityManagerFactoryBean : Closing JPA EntityManagerFactory for persistence unit 'default'
2026-09-23 09:43:09.099  WARN 872 --- [fifa] [Thread-10] o.s.b.f.support.DisposableBeanAdapter    : Invocation of destroy method failed on bean with name 'inMemoryDatabaseShutdownExecutor': org.h2.jdbc.JdbcSQLNonTransientConnectionException: La base de datos ya esta cerrada (para des-habilitar el cerrado automatico durante el shutdown de la VM, agregue ";DB_CLOSE_ON_EXIT=FALSE" a la URL de conexión)
Database is already closed (to disable automatic closing at VM shutdown, add ";DB_CLOSE_ON_EXIT=FALSE" to the db URL) [90121-240]
2026-09-23 09:43:09.099  INFO 872 --- [fifa] [Thread-10] com.zaxxer.hikari.HikariDataSource       : HikariPool-3 - Shutdown initiated...
2026-09-23 09:43:09.100  INFO 872 --- [fifa] [Thread-10] com.zaxxer.hikari.HikariDataSource       : HikariPool-3 - Shutdown completed.
2026-09-23 09:43:09.222  INFO 872 --- [fifa] [restartedMain] com.example.demo.DemoApplication         : Starting DemoApplication using Java 24.0.2 with PID 872 (C:\Users\flore\Documents\UNIVERSIDAD\Sexto Semestre\Compunet 2\SpringBoot\PreParcial_CopaMundial\demo\target\classes started by flore in C:\Users\flore\Documents\UNIVERSIDAD\Sexto Semestre\Compunet 2\SpringBoot\PreParcial_CopaMundial\demo)
2026-09-23 09:43:09.222  INFO 872 --- [fifa] [restartedMain] com.example.demo.DemoApplication         : The following 1 profile is active: "dev"
2026-09-23 09:43:09.450  INFO 872 --- [fifa] [restartedMain] .s.d.r.c.RepositoryConfigurationDelegate : Bootstrapping Spring Data JPA repositories in DEFAULT mode.
2026-09-23 09:43:09.490  INFO 872 --- [fifa] [restartedMain] .s.d.r.c.RepositoryConfigurationDelegate : Finished Spring Data repository scanning in 37 ms. Found 5 JPA repository interfaces.
2026-09-23 09:43:09.609  INFO 872 --- [fifa] [restartedMain] o.s.boot.tomcat.TomcatWebServer          : Tomcat initialized with port 8081 (http)
2026-09-23 09:43:09.610  INFO 872 --- [fifa] [restartedMain] o.apache.catalina.core.StandardService   : Starting service [Tomcat]
2026-09-23 09:43:09.610  INFO 872 --- [fifa] [restartedMain] o.apache.catalina.core.StandardEngine    : Starting Servlet engine: [Apache Tomcat/11.0.24]
2026-09-23 09:43:09.643  INFO 872 --- [fifa] [restartedMain] b.w.c.s.WebApplicationContextInitializer : Root WebApplicationContext: initialization completed in 419 ms
2026-09-23 09:43:09.700  INFO 872 --- [fifa] [restartedMain] org.hibernate.orm.jpa                    : HHH008540: Processing PersistenceUnitInfo [name: default]
2026-09-23 09:43:09.775  INFO 872 --- [fifa] [restartedMain] o.s.o.j.p.SpringPersistenceUnitInfo      : No LoadTimeWeaver setup: ignoring JPA class transformer
2026-09-23 09:43:09.778  INFO 872 --- [fifa] [restartedMain] com.zaxxer.hikari.HikariDataSource       : HikariPool-4 - Starting...
2026-09-23 09:43:09.781  INFO 872 --- [fifa] [restartedMain] com.zaxxer.hikari.pool.HikariPool        : HikariPool-4 - Added connection conn16: url=jdbc:h2:mem:db-kevin user=POSTGRES
2026-09-23 09:43:09.781  INFO 872 --- [fifa] [restartedMain] com.zaxxer.hikari.HikariDataSource       : HikariPool-4 - Start completed.
2026-09-23 09:43:09.782  INFO 872 --- [fifa] [restartedMain] org.hibernate.orm.connections.pooling    : HHH10001005: Database info:
	Database JDBC URL [jdbc:h2:mem:db-kevin]
	Database driver: H2 JDBC Driver
	Database dialect: H2Dialect
	Database version: 2.4.240
	Default catalog/schema: DB-KEVIN/PUBLIC
	Autocommit mode: undefined/unknown
	Isolation level: READ_COMMITTED [default READ_COMMITTED]
	JDBC fetch size: 100
	Pool: DataSourceConnectionProvider
	Minimum pool size: undefined/unknown
	Maximum pool size: undefined/unknown
2026-09-23 09:43:09.947  INFO 872 --- [fifa] [restartedMain] org.hibernate.orm.core                   : HHH000489: No JTA platform available (set 'hibernate.transaction.jta.platform' to enable JTA platform integration)
2026-09-23 09:43:09.962  INFO 872 --- [fifa] [restartedMain] j.LocalContainerEntityManagerFactoryBean : Initialized JPA EntityManagerFactory for persistence unit 'default'
2026-09-23 09:43:10.026  WARN 872 --- [fifa] [restartedMain] ConfigServletWebServerApplicationContext : Exception encountered during context initialization - cancelling refresh attempt: org.springframework.beans.factory.BeanCreationException: Error creating bean with name 'playerController' defined in file [C:\Users\flore\Documents\UNIVERSIDAD\Sexto Semestre\Compunet 2\SpringBoot\PreParcial_CopaMundial\demo\target\classes\com\example\demo\controller\PlayerController.class]: Failed to instantiate [com.example.demo.controller.PlayerController]: Constructor threw exception
2026-09-23 09:43:10.029  INFO 872 --- [fifa] [restartedMain] j.LocalContainerEntityManagerFactoryBean : Closing JPA EntityManagerFactory for persistence unit 'default'
2026-09-23 09:43:10.044  WARN 872 --- [fifa] [restartedMain] o.s.b.f.support.DisposableBeanAdapter    : Invocation of destroy method failed on bean with name 'inMemoryDatabaseShutdownExecutor': org.h2.jdbc.JdbcSQLNonTransientConnectionException: La base de datos ya esta cerrada (para des-habilitar el cerrado automatico durante el shutdown de la VM, agregue ";DB_CLOSE_ON_EXIT=FALSE" a la URL de conexión)
Database is already closed (to disable automatic closing at VM shutdown, add ";DB_CLOSE_ON_EXIT=FALSE" to the db URL) [90121-240]
2026-09-23 09:43:10.050  INFO 872 --- [fifa] [restartedMain] com.zaxxer.hikari.HikariDataSource       : HikariPool-4 - Shutdown initiated...
2026-09-23 09:43:10.058  INFO 872 --- [fifa] [restartedMain] com.zaxxer.hikari.HikariDataSource       : HikariPool-4 - Shutdown completed.
2026-09-23 09:43:10.059  INFO 872 --- [fifa] [restartedMain] o.apache.catalina.core.StandardService   : Stopping service [Tomcat]
2026-09-23 09:43:10.066  INFO 872 --- [fifa] [restartedMain] .s.b.a.l.ConditionEvaluationReportLogger : 

Error starting ApplicationContext. To display the condition evaluation report re-run your application with 'debug' enabled.
2026-09-23 09:43:10.112 ERROR 872 --- [fifa] [restartedMain] o.s.boot.SpringApplication               : Application run failed

org.springframework.beans.factory.BeanCreationException: Error creating bean with name 'playerController' defined in file [C:\Users\flore\Documents\UNIVERSIDAD\Sexto Semestre\Compunet 2\SpringBoot\PreParcial_CopaMundial\demo\target\classes\com\example\demo\controller\PlayerController.class]: Failed to instantiate [com.example.demo.controller.PlayerController]: Constructor threw exception
	at org.springframework.beans.factory.support.AbstractAutowireCapableBeanFactory.instantiateBean(AbstractAutowireCapableBeanFactory.java:1342) ~[spring-beans-7.0.9.jar:7.0.9]
	at org.springframework.beans.factory.support.AbstractAutowireCapableBeanFactory.createBeanInstance(AbstractAutowireCapableBeanFactory.java:1229) ~[spring-beans-7.0.9.jar:7.0.9]
	at org.springframework.beans.factory.support.AbstractAutowireCapableBeanFactory.doCreateBean(AbstractAutowireCapableBeanFactory.java:565) ~[spring-beans-7.0.9.jar:7.0.9]
	at org.springframework.beans.factory.support.AbstractAutowireCapableBeanFactory.createBean(AbstractAutowireCapableBeanFactory.java:525) ~[spring-beans-7.0.9.jar:7.0.9]
	at org.springframework.beans.factory.support.AbstractBeanFactory.lambda$doGetBean$0(AbstractBeanFactory.java:333) ~[spring-beans-7.0.9.jar:7.0.9]
	at org.springframework.beans.factory.support.DefaultSingletonBeanRegistry.getSingleton(DefaultSingletonBeanRegistry.java:371) ~[spring-beans-7.0.9.jar:7.0.9]
	at org.springframework.beans.factory.support.AbstractBeanFactory.doGetBean(AbstractBeanFactory.java:331) ~[spring-beans-7.0.9.jar:7.0.9]
	at org.springframework.beans.factory.support.AbstractBeanFactory.getBean(AbstractBeanFactory.java:196) ~[spring-beans-7.0.9.jar:7.0.9]
	at org.springframework.beans.factory.support.DefaultListableBeanFactory.instantiateSingleton(DefaultListableBeanFactory.java:1225) ~[spring-beans-7.0.9.jar:7.0.9]
	at org.springframework.beans.factory.support.DefaultListableBeanFactory.preInstantiateSingleton(DefaultListableBeanFactory.java:1191) ~[spring-beans-7.0.9.jar:7.0.9]
	at org.springframework.beans.factory.support.DefaultListableBeanFactory.preInstantiateSingletons(DefaultListableBeanFactory.java:1121) ~[spring-beans-7.0.9.jar:7.0.9]
	at org.springframework.context.support.AbstractApplicationContext.finishBeanFactoryInitialization(AbstractApplicationContext.java:994) ~[spring-context-7.0.9.jar:7.0.9]
	at org.springframework.context.support.AbstractApplicationContext.refresh(AbstractApplicationContext.java:621) ~[spring-context-7.0.9.jar:7.0.9]
	at org.springframework.boot.web.server.servlet.context.ServletWebServerApplicationContext.refresh(ServletWebServerApplicationContext.java:143) ~[spring-boot-web-server-4.1.1.jar:4.1.1]
	at org.springframework.boot.SpringApplication.refresh(SpringApplication.java:756) ~[spring-boot-4.1.1.jar:4.1.1]
	at org.springframework.boot.SpringApplication.refreshContext(SpringApplication.java:445) ~[spring-boot-4.1.1.jar:4.1.1]
	at org.springframework.boot.SpringApplication.run(SpringApplication.java:321) ~[spring-boot-4.1.1.jar:4.1.1]
	at org.springframework.boot.SpringApplication.run(SpringApplication.java:1365) ~[spring-boot-4.1.1.jar:4.1.1]
	at org.springframework.boot.SpringApplication.run(SpringApplication.java:1354) ~[spring-boot-4.1.1.jar:4.1.1]
	at com.example.demo.DemoApplication.main(DemoApplication.java:10) ~[classes/:na]
	at java.base/jdk.internal.reflect.DirectMethodHandleAccessor.invoke(DirectMethodHandleAccessor.java:104) ~[na:na]
	at java.base/java.lang.reflect.Method.invoke(Method.java:565) ~[na:na]
	at org.springframework.boot.devtools.restart.RestartLauncher.run(RestartLauncher.java:52) ~[spring-boot-devtools-4.1.1.jar:4.1.1]
Caused by: org.springframework.beans.BeanInstantiationException: Failed to instantiate [com.example.demo.controller.PlayerController]: Constructor threw exception
	at org.springframework.beans.BeanUtils.instantiateClass(BeanUtils.java:220) ~[spring-beans-7.0.9.jar:7.0.9]
	at org.springframework.beans.factory.support.SimpleInstantiationStrategy.instantiate(SimpleInstantiationStrategy.java:106) ~[spring-beans-7.0.9.jar:7.0.9]
	at org.springframework.beans.factory.support.AbstractAutowireCapableBeanFactory.instantiateBean(AbstractAutowireCapableBeanFactory.java:1336) ~[spring-beans-7.0.9.jar:7.0.9]
	... 22 common frames omitted
Caused by: java.lang.Error: Unresolved compilation problem: 
	Syntax error on token "@", delete this token

	at com.example.demo.controller.PlayerController.<init>(PlayerController.java:7) ~[classes/:na]
	at java.base/jdk.internal.reflect.DirectConstructorHandleAccessor.newInstance(DirectConstructorHandleAccessor.java:62) ~[na:na]
	at java.base/java.lang.reflect.Constructor.newInstanceWithCaller(Constructor.java:499) ~[na:na]
	at java.base/java.lang.reflect.Constructor.newInstance(Constructor.java:483) ~[na:na]
	at org.springframework.beans.BeanUtils.instantiateClass(BeanUtils.java:194) ~[spring-beans-7.0.9.jar:7.0.9]
	... 24 common frames omitted

2026-09-23 09:43:42.510  INFO 872 --- [fifa] [restartedMain] com.example.demo.DemoApplication         : Starting DemoApplication using Java 24.0.2 with PID 872 (C:\Users\flore\Documents\UNIVERSIDAD\Sexto Semestre\Compunet 2\SpringBoot\PreParcial_CopaMundial\demo\target\classes started by flore in C:\Users\flore\Documents\UNIVERSIDAD\Sexto Semestre\Compunet 2\SpringBoot\PreParcial_CopaMundial\demo)
2026-09-23 09:43:42.510  INFO 872 --- [fifa] [restartedMain] com.example.demo.DemoApplication         : The following 1 profile is active: "dev"
2026-09-23 09:43:42.668  INFO 872 --- [fifa] [restartedMain] .s.d.r.c.RepositoryConfigurationDelegate : Bootstrapping Spring Data JPA repositories in DEFAULT mode.
2026-09-23 09:43:42.687  INFO 872 --- [fifa] [restartedMain] .s.d.r.c.RepositoryConfigurationDelegate : Finished Spring Data repository scanning in 17 ms. Found 5 JPA repository interfaces.
2026-09-23 09:43:42.747  INFO 872 --- [fifa] [restartedMain] o.s.boot.tomcat.TomcatWebServer          : Tomcat initialized with port 8081 (http)
2026-09-23 09:43:42.749  INFO 872 --- [fifa] [restartedMain] o.apache.catalina.core.StandardService   : Starting service [Tomcat]
2026-09-23 09:43:42.750  INFO 872 --- [fifa] [restartedMain] o.apache.catalina.core.StandardEngine    : Starting Servlet engine: [Apache Tomcat/11.0.24]
2026-09-23 09:43:42.769  INFO 872 --- [fifa] [restartedMain] b.w.c.s.WebApplicationContextInitializer : Root WebApplicationContext: initialization completed in 257 ms
2026-09-23 09:43:42.792  INFO 872 --- [fifa] [restartedMain] org.hibernate.orm.jpa                    : HHH008540: Processing PersistenceUnitInfo [name: default]
2026-09-23 09:43:42.829  INFO 872 --- [fifa] [restartedMain] o.s.o.j.p.SpringPersistenceUnitInfo      : No LoadTimeWeaver setup: ignoring JPA class transformer
2026-09-23 09:43:42.830  INFO 872 --- [fifa] [restartedMain] com.zaxxer.hikari.HikariDataSource       : HikariPool-5 - Starting...
2026-09-23 09:43:42.831  INFO 872 --- [fifa] [restartedMain] com.zaxxer.hikari.pool.HikariPool        : HikariPool-5 - Added connection conn21: url=jdbc:h2:mem:db-kevin user=POSTGRES
2026-09-23 09:43:42.831  INFO 872 --- [fifa] [restartedMain] com.zaxxer.hikari.HikariDataSource       : HikariPool-5 - Start completed.
2026-09-23 09:43:42.832  INFO 872 --- [fifa] [restartedMain] org.hibernate.orm.connections.pooling    : HHH10001005: Database info:
	Database JDBC URL [jdbc:h2:mem:db-kevin]
	Database driver: H2 JDBC Driver
	Database dialect: H2Dialect
	Database version: 2.4.240
	Default catalog/schema: DB-KEVIN/PUBLIC
	Autocommit mode: undefined/unknown
	Isolation level: READ_COMMITTED [default READ_COMMITTED]
	JDBC fetch size: 100
	Pool: DataSourceConnectionProvider
	Minimum pool size: undefined/unknown
	Maximum pool size: undefined/unknown
2026-09-23 09:43:42.932  INFO 872 --- [fifa] [restartedMain] org.hibernate.orm.core                   : HHH000489: No JTA platform available (set 'hibernate.transaction.jta.platform' to enable JTA platform integration)
2026-09-23 09:43:42.941  INFO 872 --- [fifa] [restartedMain] j.LocalContainerEntityManagerFactoryBean : Initialized JPA EntityManagerFactory for persistence unit 'default'
2026-09-23 09:43:42.956  WARN 872 --- [fifa] [restartedMain] ConfigServletWebServerApplicationContext : Exception encountered during context initialization - cancelling refresh attempt: org.springframework.beans.factory.BeanCreationException: Error creating bean with name 'playerController' defined in file [C:\Users\flore\Documents\UNIVERSIDAD\Sexto Semestre\Compunet 2\SpringBoot\PreParcial_CopaMundial\demo\target\classes\com\example\demo\controller\PlayerController.class]: Failed to instantiate [com.example.demo.controller.PlayerController]: Constructor threw exception
2026-09-23 09:43:42.957  INFO 872 --- [fifa] [restartedMain] j.LocalContainerEntityManagerFactoryBean : Closing JPA EntityManagerFactory for persistence unit 'default'
2026-09-23 09:43:42.960  WARN 872 --- [fifa] [restartedMain] o.s.b.f.support.DisposableBeanAdapter    : Invocation of destroy method failed on bean with name 'inMemoryDatabaseShutdownExecutor': org.h2.jdbc.JdbcSQLNonTransientConnectionException: La base de datos ya esta cerrada (para des-habilitar el cerrado automatico durante el shutdown de la VM, agregue ";DB_CLOSE_ON_EXIT=FALSE" a la URL de conexión)
Database is already closed (to disable automatic closing at VM shutdown, add ";DB_CLOSE_ON_EXIT=FALSE" to the db URL) [90121-240]
2026-09-23 09:43:42.960  INFO 872 --- [fifa] [restartedMain] com.zaxxer.hikari.HikariDataSource       : HikariPool-5 - Shutdown initiated...
2026-09-23 09:43:42.964  INFO 872 --- [fifa] [restartedMain] com.zaxxer.hikari.HikariDataSource       : HikariPool-5 - Shutdown completed.
2026-09-23 09:43:42.964  INFO 872 --- [fifa] [restartedMain] o.apache.catalina.core.StandardService   : Stopping service [Tomcat]
2026-09-23 09:43:42.972  INFO 872 --- [fifa] [restartedMain] .s.b.a.l.ConditionEvaluationReportLogger : 

Error starting ApplicationContext. To display the condition evaluation report re-run your application with 'debug' enabled.
2026-09-23 09:43:42.975 ERROR 872 --- [fifa] [restartedMain] o.s.boot.SpringApplication               : Application run failed

org.springframework.beans.factory.BeanCreationException: Error creating bean with name 'playerController' defined in file [C:\Users\flore\Documents\UNIVERSIDAD\Sexto Semestre\Compunet 2\SpringBoot\PreParcial_CopaMundial\demo\target\classes\com\example\demo\controller\PlayerController.class]: Failed to instantiate [com.example.demo.controller.PlayerController]: Constructor threw exception
	at org.springframework.beans.factory.support.AbstractAutowireCapableBeanFactory.instantiateBean(AbstractAutowireCapableBeanFactory.java:1342) ~[spring-beans-7.0.9.jar:7.0.9]
	at org.springframework.beans.factory.support.AbstractAutowireCapableBeanFactory.createBeanInstance(AbstractAutowireCapableBeanFactory.java:1229) ~[spring-beans-7.0.9.jar:7.0.9]
	at org.springframework.beans.factory.support.AbstractAutowireCapableBeanFactory.doCreateBean(AbstractAutowireCapableBeanFactory.java:565) ~[spring-beans-7.0.9.jar:7.0.9]
	at org.springframework.beans.factory.support.AbstractAutowireCapableBeanFactory.createBean(AbstractAutowireCapableBeanFactory.java:525) ~[spring-beans-7.0.9.jar:7.0.9]
	at org.springframework.beans.factory.support.AbstractBeanFactory.lambda$doGetBean$0(AbstractBeanFactory.java:333) ~[spring-beans-7.0.9.jar:7.0.9]
	at org.springframework.beans.factory.support.DefaultSingletonBeanRegistry.getSingleton(DefaultSingletonBeanRegistry.java:371) ~[spring-beans-7.0.9.jar:7.0.9]
	at org.springframework.beans.factory.support.AbstractBeanFactory.doGetBean(AbstractBeanFactory.java:331) ~[spring-beans-7.0.9.jar:7.0.9]
	at org.springframework.beans.factory.support.AbstractBeanFactory.getBean(AbstractBeanFactory.java:196) ~[spring-beans-7.0.9.jar:7.0.9]
	at org.springframework.beans.factory.support.DefaultListableBeanFactory.instantiateSingleton(DefaultListableBeanFactory.java:1225) ~[spring-beans-7.0.9.jar:7.0.9]
	at org.springframework.beans.factory.support.DefaultListableBeanFactory.preInstantiateSingleton(DefaultListableBeanFactory.java:1191) ~[spring-beans-7.0.9.jar:7.0.9]
	at org.springframework.beans.factory.support.DefaultListableBeanFactory.preInstantiateSingletons(DefaultListableBeanFactory.java:1121) ~[spring-beans-7.0.9.jar:7.0.9]
	at org.springframework.context.support.AbstractApplicationContext.finishBeanFactoryInitialization(AbstractApplicationContext.java:994) ~[spring-context-7.0.9.jar:7.0.9]
	at org.springframework.context.support.AbstractApplicationContext.refresh(AbstractApplicationContext.java:621) ~[spring-context-7.0.9.jar:7.0.9]
	at org.springframework.boot.web.server.servlet.context.ServletWebServerApplicationContext.refresh(ServletWebServerApplicationContext.java:143) ~[spring-boot-web-server-4.1.1.jar:4.1.1]
	at org.springframework.boot.SpringApplication.refresh(SpringApplication.java:756) ~[spring-boot-4.1.1.jar:4.1.1]
	at org.springframework.boot.SpringApplication.refreshContext(SpringApplication.java:445) ~[spring-boot-4.1.1.jar:4.1.1]
	at org.springframework.boot.SpringApplication.run(SpringApplication.java:321) ~[spring-boot-4.1.1.jar:4.1.1]
	at org.springframework.boot.SpringApplication.run(SpringApplication.java:1365) ~[spring-boot-4.1.1.jar:4.1.1]
	at org.springframework.boot.SpringApplication.run(SpringApplication.java:1354) ~[spring-boot-4.1.1.jar:4.1.1]
	at com.example.demo.DemoApplication.main(DemoApplication.java:10) ~[classes/:na]
	at java.base/jdk.internal.reflect.DirectMethodHandleAccessor.invoke(DirectMethodHandleAccessor.java:104) ~[na:na]
	at java.base/java.lang.reflect.Method.invoke(Method.java:565) ~[na:na]
	at org.springframework.boot.devtools.restart.RestartLauncher.run(RestartLauncher.java:52) ~[spring-boot-devtools-4.1.1.jar:4.1.1]
Caused by: org.springframework.beans.BeanInstantiationException: Failed to instantiate [com.example.demo.controller.PlayerController]: Constructor threw exception
	at org.springframework.beans.BeanUtils.instantiateClass(BeanUtils.java:220) ~[spring-beans-7.0.9.jar:7.0.9]
	at org.springframework.beans.factory.support.SimpleInstantiationStrategy.instantiate(SimpleInstantiationStrategy.java:106) ~[spring-beans-7.0.9.jar:7.0.9]
	at org.springframework.beans.factory.support.AbstractAutowireCapableBeanFactory.instantiateBean(AbstractAutowireCapableBeanFactory.java:1336) ~[spring-beans-7.0.9.jar:7.0.9]
	... 22 common frames omitted
Caused by: java.lang.Error: Unresolved compilation problem: 
	Syntax error on token "@", delete this token

	at com.example.demo.controller.PlayerController.<init>(PlayerController.java:9) ~[classes/:na]
	at java.base/jdk.internal.reflect.DirectConstructorHandleAccessor.newInstance(DirectConstructorHandleAccessor.java:62) ~[na:na]
	at java.base/java.lang.reflect.Constructor.newInstanceWithCaller(Constructor.java:499) ~[na:na]
	at java.base/java.lang.reflect.Constructor.newInstance(Constructor.java:483) ~[na:na]
	at org.springframework.beans.BeanUtils.instantiateClass(BeanUtils.java:194) ~[spring-beans-7.0.9.jar:7.0.9]
	... 24 common frames omitted

2026-09-23 09:43:46.476  INFO 872 --- [fifa] [restartedMain] com.example.demo.DemoApplication         : Starting DemoApplication using Java 24.0.2 with PID 872 (C:\Users\flore\Documents\UNIVERSIDAD\Sexto Semestre\Compunet 2\SpringBoot\PreParcial_CopaMundial\demo\target\classes started by flore in C:\Users\flore\Documents\UNIVERSIDAD\Sexto Semestre\Compunet 2\SpringBoot\PreParcial_CopaMundial\demo)
2026-09-23 09:43:46.477  INFO 872 --- [fifa] [restartedMain] com.example.demo.DemoApplication         : The following 1 profile is active: "dev"
2026-09-23 09:43:46.626  INFO 872 --- [fifa] [restartedMain] .s.d.r.c.RepositoryConfigurationDelegate : Bootstrapping Spring Data JPA repositories in DEFAULT mode.
2026-09-23 09:43:46.650  INFO 872 --- [fifa] [restartedMain] .s.d.r.c.RepositoryConfigurationDelegate : Finished Spring Data repository scanning in 22 ms. Found 5 JPA repository interfaces.
2026-09-23 09:43:46.711  INFO 872 --- [fifa] [restartedMain] o.s.boot.tomcat.TomcatWebServer          : Tomcat initialized with port 8081 (http)
2026-09-23 09:43:46.714  INFO 872 --- [fifa] [restartedMain] o.apache.catalina.core.StandardService   : Starting service [Tomcat]
2026-09-23 09:43:46.714  INFO 872 --- [fifa] [restartedMain] o.apache.catalina.core.StandardEngine    : Starting Servlet engine: [Apache Tomcat/11.0.24]
2026-09-23 09:43:46.741  INFO 872 --- [fifa] [restartedMain] b.w.c.s.WebApplicationContextInitializer : Root WebApplicationContext: initialization completed in 263 ms
2026-09-23 09:43:46.779  INFO 872 --- [fifa] [restartedMain] org.hibernate.orm.jpa                    : HHH008540: Processing PersistenceUnitInfo [name: default]
2026-09-23 09:43:46.811  INFO 872 --- [fifa] [restartedMain] o.s.o.j.p.SpringPersistenceUnitInfo      : No LoadTimeWeaver setup: ignoring JPA class transformer
2026-09-23 09:43:46.812  INFO 872 --- [fifa] [restartedMain] com.zaxxer.hikari.HikariDataSource       : HikariPool-6 - Starting...
2026-09-23 09:43:46.813  INFO 872 --- [fifa] [restartedMain] com.zaxxer.hikari.pool.HikariPool        : HikariPool-6 - Added connection conn23: url=jdbc:h2:mem:db-kevin user=POSTGRES
2026-09-23 09:43:46.813  INFO 872 --- [fifa] [restartedMain] com.zaxxer.hikari.HikariDataSource       : HikariPool-6 - Start completed.
2026-09-23 09:43:46.814  INFO 872 --- [fifa] [restartedMain] org.hibernate.orm.connections.pooling    : HHH10001005: Database info:
	Database JDBC URL [jdbc:h2:mem:db-kevin]
	Database driver: H2 JDBC Driver
	Database dialect: H2Dialect
	Database version: 2.4.240
	Default catalog/schema: DB-KEVIN/PUBLIC
	Autocommit mode: undefined/unknown
	Isolation level: READ_COMMITTED [default READ_COMMITTED]
	JDBC fetch size: 100
	Pool: DataSourceConnectionProvider
	Minimum pool size: undefined/unknown
	Maximum pool size: undefined/unknown
2026-09-23 09:43:46.893  INFO 872 --- [fifa] [restartedMain] org.hibernate.orm.core                   : HHH000489: No JTA platform available (set 'hibernate.transaction.jta.platform' to enable JTA platform integration)
2026-09-23 09:43:46.901  INFO 872 --- [fifa] [restartedMain] j.LocalContainerEntityManagerFactoryBean : Initialized JPA EntityManagerFactory for persistence unit 'default'
2026-09-23 09:43:46.918  WARN 872 --- [fifa] [restartedMain] ConfigServletWebServerApplicationContext : Exception encountered during context initialization - cancelling refresh attempt: org.springframework.beans.factory.BeanCreationException: Error creating bean with name 'playerController' defined in file [C:\Users\flore\Documents\UNIVERSIDAD\Sexto Semestre\Compunet 2\SpringBoot\PreParcial_CopaMundial\demo\target\classes\com\example\demo\controller\PlayerController.class]: Failed to instantiate [com.example.demo.controller.PlayerController]: Constructor threw exception
2026-09-23 09:43:46.918  INFO 872 --- [fifa] [restartedMain] j.LocalContainerEntityManagerFactoryBean : Closing JPA EntityManagerFactory for persistence unit 'default'
2026-09-23 09:43:46.920  WARN 872 --- [fifa] [restartedMain] o.s.b.f.support.DisposableBeanAdapter    : Invocation of destroy method failed on bean with name 'inMemoryDatabaseShutdownExecutor': org.h2.jdbc.JdbcSQLNonTransientConnectionException: La base de datos ya esta cerrada (para des-habilitar el cerrado automatico durante el shutdown de la VM, agregue ";DB_CLOSE_ON_EXIT=FALSE" a la URL de conexión)
Database is already closed (to disable automatic closing at VM shutdown, add ";DB_CLOSE_ON_EXIT=FALSE" to the db URL) [90121-240]
2026-09-23 09:43:46.920  INFO 872 --- [fifa] [restartedMain] com.zaxxer.hikari.HikariDataSource       : HikariPool-6 - Shutdown initiated...
2026-09-23 09:43:46.945  INFO 872 --- [fifa] [restartedMain] com.zaxxer.hikari.HikariDataSource       : HikariPool-6 - Shutdown completed.
2026-09-23 09:43:46.946  INFO 872 --- [fifa] [restartedMain] o.apache.catalina.core.StandardService   : Stopping service [Tomcat]
2026-09-23 09:43:46.950  INFO 872 --- [fifa] [restartedMain] .s.b.a.l.ConditionEvaluationReportLogger : 

Error starting ApplicationContext. To display the condition evaluation report re-run your application with 'debug' enabled.
2026-09-23 09:43:46.953 ERROR 872 --- [fifa] [restartedMain] o.s.boot.SpringApplication               : Application run failed

org.springframework.beans.factory.BeanCreationException: Error creating bean with name 'playerController' defined in file [C:\Users\flore\Documents\UNIVERSIDAD\Sexto Semestre\Compunet 2\SpringBoot\PreParcial_CopaMundial\demo\target\classes\com\example\demo\controller\PlayerController.class]: Failed to instantiate [com.example.demo.controller.PlayerController]: Constructor threw exception
	at org.springframework.beans.factory.support.AbstractAutowireCapableBeanFactory.instantiateBean(AbstractAutowireCapableBeanFactory.java:1342) ~[spring-beans-7.0.9.jar:7.0.9]
	at org.springframework.beans.factory.support.AbstractAutowireCapableBeanFactory.createBeanInstance(AbstractAutowireCapableBeanFactory.java:1229) ~[spring-beans-7.0.9.jar:7.0.9]
	at org.springframework.beans.factory.support.AbstractAutowireCapableBeanFactory.doCreateBean(AbstractAutowireCapableBeanFactory.java:565) ~[spring-beans-7.0.9.jar:7.0.9]
	at org.springframework.beans.factory.support.AbstractAutowireCapableBeanFactory.createBean(AbstractAutowireCapableBeanFactory.java:525) ~[spring-beans-7.0.9.jar:7.0.9]
	at org.springframework.beans.factory.support.AbstractBeanFactory.lambda$doGetBean$0(AbstractBeanFactory.java:333) ~[spring-beans-7.0.9.jar:7.0.9]
	at org.springframework.beans.factory.support.DefaultSingletonBeanRegistry.getSingleton(DefaultSingletonBeanRegistry.java:371) ~[spring-beans-7.0.9.jar:7.0.9]
	at org.springframework.beans.factory.support.AbstractBeanFactory.doGetBean(AbstractBeanFactory.java:331) ~[spring-beans-7.0.9.jar:7.0.9]
	at org.springframework.beans.factory.support.AbstractBeanFactory.getBean(AbstractBeanFactory.java:196) ~[spring-beans-7.0.9.jar:7.0.9]
	at org.springframework.beans.factory.support.DefaultListableBeanFactory.instantiateSingleton(DefaultListableBeanFactory.java:1225) ~[spring-beans-7.0.9.jar:7.0.9]
	at org.springframework.beans.factory.support.DefaultListableBeanFactory.preInstantiateSingleton(DefaultListableBeanFactory.java:1191) ~[spring-beans-7.0.9.jar:7.0.9]
	at org.springframework.beans.factory.support.DefaultListableBeanFactory.preInstantiateSingletons(DefaultListableBeanFactory.java:1121) ~[spring-beans-7.0.9.jar:7.0.9]
	at org.springframework.context.support.AbstractApplicationContext.finishBeanFactoryInitialization(AbstractApplicationContext.java:994) ~[spring-context-7.0.9.jar:7.0.9]
	at org.springframework.context.support.AbstractApplicationContext.refresh(AbstractApplicationContext.java:621) ~[spring-context-7.0.9.jar:7.0.9]
	at org.springframework.boot.web.server.servlet.context.ServletWebServerApplicationContext.refresh(ServletWebServerApplicationContext.java:143) ~[spring-boot-web-server-4.1.1.jar:4.1.1]
	at org.springframework.boot.SpringApplication.refresh(SpringApplication.java:756) ~[spring-boot-4.1.1.jar:4.1.1]
	at org.springframework.boot.SpringApplication.refreshContext(SpringApplication.java:445) ~[spring-boot-4.1.1.jar:4.1.1]
	at org.springframework.boot.SpringApplication.run(SpringApplication.java:321) ~[spring-boot-4.1.1.jar:4.1.1]
	at org.springframework.boot.SpringApplication.run(SpringApplication.java:1365) ~[spring-boot-4.1.1.jar:4.1.1]
	at org.springframework.boot.SpringApplication.run(SpringApplication.java:1354) ~[spring-boot-4.1.1.jar:4.1.1]
	at com.example.demo.DemoApplication.main(DemoApplication.java:10) ~[classes/:na]
	at java.base/jdk.internal.reflect.DirectMethodHandleAccessor.invoke(DirectMethodHandleAccessor.java:104) ~[na:na]
	at java.base/java.lang.reflect.Method.invoke(Method.java:565) ~[na:na]
	at org.springframework.boot.devtools.restart.RestartLauncher.run(RestartLauncher.java:52) ~[spring-boot-devtools-4.1.1.jar:4.1.1]
Caused by: org.springframework.beans.BeanInstantiationException: Failed to instantiate [com.example.demo.controller.PlayerController]: Constructor threw exception
	at org.springframework.beans.BeanUtils.instantiateClass(BeanUtils.java:220) ~[spring-beans-7.0.9.jar:7.0.9]
	at org.springframework.beans.factory.support.SimpleInstantiationStrategy.instantiate(SimpleInstantiationStrategy.java:106) ~[spring-beans-7.0.9.jar:7.0.9]
	at org.springframework.beans.factory.support.AbstractAutowireCapableBeanFactory.instantiateBean(AbstractAutowireCapableBeanFactory.java:1336) ~[spring-beans-7.0.9.jar:7.0.9]
	... 22 common frames omitted
Caused by: java.lang.Error: Unresolved compilation problems: 
	Syntax error, insert "Identifier (" to complete ConstructorHeaderName
	Syntax error, insert ")" to complete ConstructorDeclaration
	Syntax error, insert ";" to complete ConstructorDeclaration
	Syntax error on token "@", delete this token

	at com.example.demo.controller.PlayerController.<init>(PlayerController.java:10) ~[classes/:na]
	at java.base/jdk.internal.reflect.DirectConstructorHandleAccessor.newInstance(DirectConstructorHandleAccessor.java:62) ~[na:na]
	at java.base/java.lang.reflect.Constructor.newInstanceWithCaller(Constructor.java:499) ~[na:na]
	at java.base/java.lang.reflect.Constructor.newInstance(Constructor.java:483) ~[na:na]
	at org.springframework.beans.BeanUtils.instantiateClass(BeanUtils.java:194) ~[spring-beans-7.0.9.jar:7.0.9]
	... 24 common frames omitted

2026-09-23 09:44:05.896  INFO 872 --- [fifa] [restartedMain] com.example.demo.DemoApplication         : Starting DemoApplication using Java 24.0.2 with PID 872 (C:\Users\flore\Documents\UNIVERSIDAD\Sexto Semestre\Compunet 2\SpringBoot\PreParcial_CopaMundial\demo\target\classes started by flore in C:\Users\flore\Documents\UNIVERSIDAD\Sexto Semestre\Compunet 2\SpringBoot\PreParcial_CopaMundial\demo)
2026-09-23 09:44:05.897  INFO 872 --- [fifa] [restartedMain] com.example.demo.DemoApplication         : The following 1 profile is active: "dev"
2026-09-23 09:44:06.027  INFO 872 --- [fifa] [restartedMain] .s.d.r.c.RepositoryConfigurationDelegate : Bootstrapping Spring Data JPA repositories in DEFAULT mode.
2026-09-23 09:44:06.046  INFO 872 --- [fifa] [restartedMain] .s.d.r.c.RepositoryConfigurationDelegate : Finished Spring Data repository scanning in 18 ms. Found 5 JPA repository interfaces.
2026-09-23 09:44:06.097  INFO 872 --- [fifa] [restartedMain] o.s.boot.tomcat.TomcatWebServer          : Tomcat initialized with port 8081 (http)
2026-09-23 09:44:06.098  INFO 872 --- [fifa] [restartedMain] o.apache.catalina.core.StandardService   : Starting service [Tomcat]
2026-09-23 09:44:06.098  INFO 872 --- [fifa] [restartedMain] o.apache.catalina.core.StandardEngine    : Starting Servlet engine: [Apache Tomcat/11.0.24]
2026-09-23 09:44:06.118  INFO 872 --- [fifa] [restartedMain] b.w.c.s.WebApplicationContextInitializer : Root WebApplicationContext: initialization completed in 219 ms
2026-09-23 09:44:06.144  INFO 872 --- [fifa] [restartedMain] org.hibernate.orm.jpa                    : HHH008540: Processing PersistenceUnitInfo [name: default]
2026-09-23 09:44:06.174  INFO 872 --- [fifa] [restartedMain] o.s.o.j.p.SpringPersistenceUnitInfo      : No LoadTimeWeaver setup: ignoring JPA class transformer
2026-09-23 09:44:06.175  INFO 872 --- [fifa] [restartedMain] com.zaxxer.hikari.HikariDataSource       : HikariPool-7 - Starting...
2026-09-23 09:44:06.176  INFO 872 --- [fifa] [restartedMain] com.zaxxer.hikari.pool.HikariPool        : HikariPool-7 - Added connection conn25: url=jdbc:h2:mem:db-kevin user=POSTGRES
2026-09-23 09:44:06.176  INFO 872 --- [fifa] [restartedMain] com.zaxxer.hikari.HikariDataSource       : HikariPool-7 - Start completed.
2026-09-23 09:44:06.177  INFO 872 --- [fifa] [restartedMain] org.hibernate.orm.connections.pooling    : HHH10001005: Database info:
	Database JDBC URL [jdbc:h2:mem:db-kevin]
	Database driver: H2 JDBC Driver
	Database dialect: H2Dialect
	Database version: 2.4.240
	Default catalog/schema: DB-KEVIN/PUBLIC
	Autocommit mode: undefined/unknown
	Isolation level: READ_COMMITTED [default READ_COMMITTED]
	JDBC fetch size: 100
	Pool: DataSourceConnectionProvider
	Minimum pool size: undefined/unknown
	Maximum pool size: undefined/unknown
2026-09-23 09:44:06.251  INFO 872 --- [fifa] [restartedMain] org.hibernate.orm.core                   : HHH000489: No JTA platform available (set 'hibernate.transaction.jta.platform' to enable JTA platform integration)
2026-09-23 09:44:06.261  INFO 872 --- [fifa] [restartedMain] j.LocalContainerEntityManagerFactoryBean : Initialized JPA EntityManagerFactory for persistence unit 'default'
2026-09-23 09:44:06.344  WARN 872 --- [fifa] [restartedMain] JpaBaseConfiguration$JpaWebConfiguration : spring.jpa.open-in-view is enabled by default. Therefore, database queries may be performed during view rendering. Explicitly configure spring.jpa.open-in-view to disable this warning
2026-09-23 09:44:06.398  INFO 872 --- [fifa] [restartedMain] o.s.b.h.a.H2ConsoleAutoConfiguration     : H2 console available at '/h2-console'. Database available at 'jdbc:h2:mem:db-kevin'
2026-09-23 09:44:06.416  INFO 872 --- [fifa] [restartedMain] o.s.boot.tomcat.TomcatWebServer          : Tomcat started on port 8081 (http) with context path '/fifaparcial'
2026-09-23 09:44:06.417  INFO 872 --- [fifa] [restartedMain] com.example.demo.DemoApplication         : Started DemoApplication in 0.543 seconds (process running for 338.534)
2026-09-23 09:44:06.418  INFO 872 --- [fifa] [restartedMain] .ConditionEvaluationDeltaLoggingListener : Condition evaluation unchanged
2026-09-23 09:44:32.442  INFO 872 --- [fifa] [File Watcher] rtingClassPathChangeChangedEventListener : Restarting due to 1 class path change (0 additions, 0 deletions, 1 modification)
2026-09-23 09:44:32.443  INFO 872 --- [fifa] [Thread-14] o.s.boot.tomcat.GracefulShutdown         : Commencing graceful shutdown. Waiting for active requests to complete
2026-09-23 09:44:32.469  INFO 872 --- [fifa] [tomcat-shutdown] o.s.boot.tomcat.GracefulShutdown         : Graceful shutdown complete
2026-09-23 09:44:32.470  INFO 872 --- [fifa] [Thread-14] j.LocalContainerEntityManagerFactoryBean : Closing JPA EntityManagerFactory for persistence unit 'default'
2026-09-23 09:44:32.472  WARN 872 --- [fifa] [Thread-14] o.s.b.f.support.DisposableBeanAdapter    : Invocation of destroy method failed on bean with name 'inMemoryDatabaseShutdownExecutor': org.h2.jdbc.JdbcSQLNonTransientConnectionException: La base de datos ya esta cerrada (para des-habilitar el cerrado automatico durante el shutdown de la VM, agregue ";DB_CLOSE_ON_EXIT=FALSE" a la URL de conexión)
Database is already closed (to disable automatic closing at VM shutdown, add ";DB_CLOSE_ON_EXIT=FALSE" to the db URL) [90121-240]
2026-09-23 09:44:32.472  INFO 872 --- [fifa] [Thread-14] com.zaxxer.hikari.HikariDataSource       : HikariPool-7 - Shutdown initiated...
2026-09-23 09:44:32.473  INFO 872 --- [fifa] [Thread-14] com.zaxxer.hikari.HikariDataSource       : HikariPool-7 - Shutdown completed.
2026-09-23 09:44:32.565  INFO 872 --- [fifa] [restartedMain] com.example.demo.DemoApplication         : Starting DemoApplication using Java 24.0.2 with PID 872 (C:\Users\flore\Documents\UNIVERSIDAD\Sexto Semestre\Compunet 2\SpringBoot\PreParcial_CopaMundial\demo\target\classes started by flore in C:\Users\flore\Documents\UNIVERSIDAD\Sexto Semestre\Compunet 2\SpringBoot\PreParcial_CopaMundial\demo)
2026-09-23 09:44:32.565  INFO 872 --- [fifa] [restartedMain] com.example.demo.DemoApplication         : The following 1 profile is active: "dev"
2026-09-23 09:44:32.700  INFO 872 --- [fifa] [restartedMain] .s.d.r.c.RepositoryConfigurationDelegate : Bootstrapping Spring Data JPA repositories in DEFAULT mode.
2026-09-23 09:44:32.719  INFO 872 --- [fifa] [restartedMain] .s.d.r.c.RepositoryConfigurationDelegate : Finished Spring Data repository scanning in 17 ms. Found 5 JPA repository interfaces.
2026-09-23 09:44:32.775  INFO 872 --- [fifa] [restartedMain] o.s.boot.tomcat.TomcatWebServer          : Tomcat initialized with port 8081 (http)
2026-09-23 09:44:32.776  INFO 872 --- [fifa] [restartedMain] o.apache.catalina.core.StandardService   : Starting service [Tomcat]
2026-09-23 09:44:32.776  INFO 872 --- [fifa] [restartedMain] o.apache.catalina.core.StandardEngine    : Starting Servlet engine: [Apache Tomcat/11.0.24]
2026-09-23 09:44:32.797  INFO 872 --- [fifa] [restartedMain] b.w.c.s.WebApplicationContextInitializer : Root WebApplicationContext: initialization completed in 230 ms
2026-09-23 09:44:32.821  INFO 872 --- [fifa] [restartedMain] org.hibernate.orm.jpa                    : HHH008540: Processing PersistenceUnitInfo [name: default]
2026-09-23 09:44:32.854  INFO 872 --- [fifa] [restartedMain] o.s.o.j.p.SpringPersistenceUnitInfo      : No LoadTimeWeaver setup: ignoring JPA class transformer
2026-09-23 09:44:32.855  INFO 872 --- [fifa] [restartedMain] com.zaxxer.hikari.HikariDataSource       : HikariPool-8 - Starting...
2026-09-23 09:44:32.856  INFO 872 --- [fifa] [restartedMain] com.zaxxer.hikari.pool.HikariPool        : HikariPool-8 - Added connection conn30: url=jdbc:h2:mem:db-kevin user=POSTGRES
2026-09-23 09:44:32.856  INFO 872 --- [fifa] [restartedMain] com.zaxxer.hikari.HikariDataSource       : HikariPool-8 - Start completed.
2026-09-23 09:44:32.857  INFO 872 --- [fifa] [restartedMain] org.hibernate.orm.connections.pooling    : HHH10001005: Database info:
	Database JDBC URL [jdbc:h2:mem:db-kevin]
	Database driver: H2 JDBC Driver
	Database dialect: H2Dialect
	Database version: 2.4.240
	Default catalog/schema: DB-KEVIN/PUBLIC
	Autocommit mode: undefined/unknown
	Isolation level: READ_COMMITTED [default READ_COMMITTED]
	JDBC fetch size: 100
	Pool: DataSourceConnectionProvider
	Minimum pool size: undefined/unknown
	Maximum pool size: undefined/unknown
2026-09-23 09:44:32.982  INFO 872 --- [fifa] [restartedMain] org.hibernate.orm.core                   : HHH000489: No JTA platform available (set 'hibernate.transaction.jta.platform' to enable JTA platform integration)
2026-09-23 09:44:32.992  INFO 872 --- [fifa] [restartedMain] j.LocalContainerEntityManagerFactoryBean : Initialized JPA EntityManagerFactory for persistence unit 'default'
2026-09-23 09:44:33.069  WARN 872 --- [fifa] [restartedMain] JpaBaseConfiguration$JpaWebConfiguration : spring.jpa.open-in-view is enabled by default. Therefore, database queries may be performed during view rendering. Explicitly configure spring.jpa.open-in-view to disable this warning
2026-09-23 09:44:33.127  INFO 872 --- [fifa] [restartedMain] o.s.b.h.a.H2ConsoleAutoConfiguration     : H2 console available at '/h2-console'. Database available at 'jdbc:h2:mem:db-kevin'
2026-09-23 09:44:33.144  INFO 872 --- [fifa] [restartedMain] o.s.boot.tomcat.TomcatWebServer          : Tomcat started on port 8081 (http) with context path '/fifaparcial'
2026-09-23 09:44:33.145  INFO 872 --- [fifa] [restartedMain] com.example.demo.DemoApplication         : Started DemoApplication in 0.611 seconds (process running for 365.261)
2026-09-23 09:44:33.145  INFO 872 --- [fifa] [restartedMain] .ConditionEvaluationDeltaLoggingListener : Condition evaluation unchanged
2026-09-23 09:44:36.598  INFO 872 --- [fifa] [File Watcher] rtingClassPathChangeChangedEventListener : Restarting due to 1 class path change (0 additions, 0 deletions, 1 modification)
2026-09-23 09:44:36.601  INFO 872 --- [fifa] [Thread-27] o.s.boot.tomcat.GracefulShutdown         : Commencing graceful shutdown. Waiting for active requests to complete
2026-09-23 09:44:36.631  INFO 872 --- [fifa] [tomcat-shutdown] o.s.boot.tomcat.GracefulShutdown         : Graceful shutdown complete
2026-09-23 09:44:36.633  INFO 872 --- [fifa] [Thread-27] j.LocalContainerEntityManagerFactoryBean : Closing JPA EntityManagerFactory for persistence unit 'default'
2026-09-23 09:44:36.636  WARN 872 --- [fifa] [Thread-27] o.s.b.f.support.DisposableBeanAdapter    : Invocation of destroy method failed on bean with name 'inMemoryDatabaseShutdownExecutor': org.h2.jdbc.JdbcSQLNonTransientConnectionException: La base de datos ya esta cerrada (para des-habilitar el cerrado automatico durante el shutdown de la VM, agregue ";DB_CLOSE_ON_EXIT=FALSE" a la URL de conexión)
Database is already closed (to disable automatic closing at VM shutdown, add ";DB_CLOSE_ON_EXIT=FALSE" to the db URL) [90121-240]
2026-09-23 09:44:36.637  INFO 872 --- [fifa] [Thread-27] com.zaxxer.hikari.HikariDataSource       : HikariPool-8 - Shutdown initiated...
2026-09-23 09:44:36.639  INFO 872 --- [fifa] [Thread-27] com.zaxxer.hikari.HikariDataSource       : HikariPool-8 - Shutdown completed.
2026-09-23 09:44:36.738  INFO 872 --- [fifa] [restartedMain] com.example.demo.DemoApplication         : Starting DemoApplication using Java 24.0.2 with PID 872 (C:\Users\flore\Documents\UNIVERSIDAD\Sexto Semestre\Compunet 2\SpringBoot\PreParcial_CopaMundial\demo\target\classes started by flore in C:\Users\flore\Documents\UNIVERSIDAD\Sexto Semestre\Compunet 2\SpringBoot\PreParcial_CopaMundial\demo)
2026-09-23 09:44:36.738  INFO 872 --- [fifa] [restartedMain] com.example.demo.DemoApplication         : The following 1 profile is active: "dev"
2026-09-23 09:44:36.881  INFO 872 --- [fifa] [restartedMain] .s.d.r.c.RepositoryConfigurationDelegate : Bootstrapping Spring Data JPA repositories in DEFAULT mode.
2026-09-23 09:44:36.902  INFO 872 --- [fifa] [restartedMain] .s.d.r.c.RepositoryConfigurationDelegate : Finished Spring Data repository scanning in 18 ms. Found 5 JPA repository interfaces.
2026-09-23 09:44:36.957  INFO 872 --- [fifa] [restartedMain] o.s.boot.tomcat.TomcatWebServer          : Tomcat initialized with port 8081 (http)
2026-09-23 09:44:36.958  INFO 872 --- [fifa] [restartedMain] o.apache.catalina.core.StandardService   : Starting service [Tomcat]
2026-09-23 09:44:36.958  INFO 872 --- [fifa] [restartedMain] o.apache.catalina.core.StandardEngine    : Starting Servlet engine: [Apache Tomcat/11.0.24]
2026-09-23 09:44:36.979  INFO 872 --- [fifa] [restartedMain] b.w.c.s.WebApplicationContextInitializer : Root WebApplicationContext: initialization completed in 239 ms
2026-09-23 09:44:37.005  INFO 872 --- [fifa] [restartedMain] org.hibernate.orm.jpa                    : HHH008540: Processing PersistenceUnitInfo [name: default]
2026-09-23 09:44:37.044  INFO 872 --- [fifa] [restartedMain] o.s.o.j.p.SpringPersistenceUnitInfo      : No LoadTimeWeaver setup: ignoring JPA class transformer
2026-09-23 09:44:37.045  INFO 872 --- [fifa] [restartedMain] com.zaxxer.hikari.HikariDataSource       : HikariPool-9 - Starting...
2026-09-23 09:44:37.048  INFO 872 --- [fifa] [restartedMain] com.zaxxer.hikari.pool.HikariPool        : HikariPool-9 - Added connection conn35: url=jdbc:h2:mem:db-kevin user=POSTGRES
2026-09-23 09:44:37.048  INFO 872 --- [fifa] [restartedMain] com.zaxxer.hikari.HikariDataSource       : HikariPool-9 - Start completed.
2026-09-23 09:44:37.049  INFO 872 --- [fifa] [restartedMain] org.hibernate.orm.connections.pooling    : HHH10001005: Database info:
	Database JDBC URL [jdbc:h2:mem:db-kevin]
	Database driver: H2 JDBC Driver
	Database dialect: H2Dialect
	Database version: 2.4.240
	Default catalog/schema: DB-KEVIN/PUBLIC
	Autocommit mode: undefined/unknown
	Isolation level: READ_COMMITTED [default READ_COMMITTED]
	JDBC fetch size: 100
	Pool: DataSourceConnectionProvider
	Minimum pool size: undefined/unknown
	Maximum pool size: undefined/unknown
2026-09-23 09:44:37.137  INFO 872 --- [fifa] [restartedMain] org.hibernate.orm.core                   : HHH000489: No JTA platform available (set 'hibernate.transaction.jta.platform' to enable JTA platform integration)
2026-09-23 09:44:37.145  INFO 872 --- [fifa] [restartedMain] j.LocalContainerEntityManagerFactoryBean : Initialized JPA EntityManagerFactory for persistence unit 'default'
2026-09-23 09:44:37.212  WARN 872 --- [fifa] [restartedMain] JpaBaseConfiguration$JpaWebConfiguration : spring.jpa.open-in-view is enabled by default. Therefore, database queries may be performed during view rendering. Explicitly configure spring.jpa.open-in-view to disable this warning
2026-09-23 09:44:37.260  INFO 872 --- [fifa] [restartedMain] o.s.b.h.a.H2ConsoleAutoConfiguration     : H2 console available at '/h2-console'. Database available at 'jdbc:h2:mem:db-kevin'
2026-09-23 09:44:37.274  INFO 872 --- [fifa] [restartedMain] o.s.boot.tomcat.TomcatWebServer          : Tomcat started on port 8081 (http) with context path '/fifaparcial'
2026-09-23 09:44:37.276  INFO 872 --- [fifa] [restartedMain] com.example.demo.DemoApplication         : Started DemoApplication in 0.567 seconds (process running for 369.392)
2026-09-23 09:44:37.277  INFO 872 --- [fifa] [restartedMain] .ConditionEvaluationDeltaLoggingListener : Condition evaluation unchanged
2026-09-23 09:45:09.404  INFO 872 --- [fifa] [File Watcher] rtingClassPathChangeChangedEventListener : Restarting due to 1 class path change (0 additions, 0 deletions, 1 modification)
2026-09-23 09:45:09.406  INFO 872 --- [fifa] [Thread-31] o.s.boot.tomcat.GracefulShutdown         : Commencing graceful shutdown. Waiting for active requests to complete
2026-09-23 09:45:09.432  INFO 872 --- [fifa] [tomcat-shutdown] o.s.boot.tomcat.GracefulShutdown         : Graceful shutdown complete
2026-09-23 09:45:09.434  INFO 872 --- [fifa] [Thread-31] j.LocalContainerEntityManagerFactoryBean : Closing JPA EntityManagerFactory for persistence unit 'default'
2026-09-23 09:45:09.436  WARN 872 --- [fifa] [Thread-31] o.s.b.f.support.DisposableBeanAdapter    : Invocation of destroy method failed on bean with name 'inMemoryDatabaseShutdownExecutor': org.h2.jdbc.JdbcSQLNonTransientConnectionException: La base de datos ya esta cerrada (para des-habilitar el cerrado automatico durante el shutdown de la VM, agregue ";DB_CLOSE_ON_EXIT=FALSE" a la URL de conexión)
Database is already closed (to disable automatic closing at VM shutdown, add ";DB_CLOSE_ON_EXIT=FALSE" to the db URL) [90121-240]
2026-09-23 09:45:09.436  INFO 872 --- [fifa] [Thread-31] com.zaxxer.hikari.HikariDataSource       : HikariPool-9 - Shutdown initiated...
2026-09-23 09:45:09.437  INFO 872 --- [fifa] [Thread-31] com.zaxxer.hikari.HikariDataSource       : HikariPool-9 - Shutdown completed.
2026-09-23 09:45:09.543  INFO 872 --- [fifa] [restartedMain] com.example.demo.DemoApplication         : Starting DemoApplication using Java 24.0.2 with PID 872 (C:\Users\flore\Documents\UNIVERSIDAD\Sexto Semestre\Compunet 2\SpringBoot\PreParcial_CopaMundial\demo\target\classes started by flore in C:\Users\flore\Documents\UNIVERSIDAD\Sexto Semestre\Compunet 2\SpringBoot\PreParcial_CopaMundial\demo)
2026-09-23 09:45:09.543  INFO 872 --- [fifa] [restartedMain] com.example.demo.DemoApplication         : The following 1 profile is active: "dev"
2026-09-23 09:45:09.688  INFO 872 --- [fifa] [restartedMain] .s.d.r.c.RepositoryConfigurationDelegate : Bootstrapping Spring Data JPA repositories in DEFAULT mode.
2026-09-23 09:45:09.707  INFO 872 --- [fifa] [restartedMain] .s.d.r.c.RepositoryConfigurationDelegate : Finished Spring Data repository scanning in 18 ms. Found 5 JPA repository interfaces.
2026-09-23 09:45:09.766  INFO 872 --- [fifa] [restartedMain] o.s.boot.tomcat.TomcatWebServer          : Tomcat initialized with port 8081 (http)
2026-09-23 09:45:09.767  INFO 872 --- [fifa] [restartedMain] o.apache.catalina.core.StandardService   : Starting service [Tomcat]
2026-09-23 09:45:09.767  INFO 872 --- [fifa] [restartedMain] o.apache.catalina.core.StandardEngine    : Starting Servlet engine: [Apache Tomcat/11.0.24]
2026-09-23 09:45:09.792  INFO 872 --- [fifa] [restartedMain] b.w.c.s.WebApplicationContextInitializer : Root WebApplicationContext: initialization completed in 248 ms
2026-09-23 09:45:09.826  INFO 872 --- [fifa] [restartedMain] org.hibernate.orm.jpa                    : HHH008540: Processing PersistenceUnitInfo [name: default]
2026-09-23 09:45:09.859  INFO 872 --- [fifa] [restartedMain] o.s.o.j.p.SpringPersistenceUnitInfo      : No LoadTimeWeaver setup: ignoring JPA class transformer
2026-09-23 09:45:09.860  INFO 872 --- [fifa] [restartedMain] com.zaxxer.hikari.HikariDataSource       : HikariPool-10 - Starting...
2026-09-23 09:45:09.862  INFO 872 --- [fifa] [restartedMain] com.zaxxer.hikari.pool.HikariPool        : HikariPool-10 - Added connection conn40: url=jdbc:h2:mem:db-kevin user=POSTGRES
2026-09-23 09:45:09.862  INFO 872 --- [fifa] [restartedMain] com.zaxxer.hikari.HikariDataSource       : HikariPool-10 - Start completed.
2026-09-23 09:45:09.862  INFO 872 --- [fifa] [restartedMain] org.hibernate.orm.connections.pooling    : HHH10001005: Database info:
	Database JDBC URL [jdbc:h2:mem:db-kevin]
	Database driver: H2 JDBC Driver
	Database dialect: H2Dialect
	Database version: 2.4.240
	Default catalog/schema: DB-KEVIN/PUBLIC
	Autocommit mode: undefined/unknown
	Isolation level: READ_COMMITTED [default READ_COMMITTED]
	JDBC fetch size: 100
	Pool: DataSourceConnectionProvider
	Minimum pool size: undefined/unknown
	Maximum pool size: undefined/unknown
2026-09-23 09:45:09.959  INFO 872 --- [fifa] [restartedMain] org.hibernate.orm.core                   : HHH000489: No JTA platform available (set 'hibernate.transaction.jta.platform' to enable JTA platform integration)
2026-09-23 09:45:09.967  INFO 872 --- [fifa] [restartedMain] j.LocalContainerEntityManagerFactoryBean : Initialized JPA EntityManagerFactory for persistence unit 'default'
2026-09-23 09:45:10.048  WARN 872 --- [fifa] [restartedMain] JpaBaseConfiguration$JpaWebConfiguration : spring.jpa.open-in-view is enabled by default. Therefore, database queries may be performed during view rendering. Explicitly configure spring.jpa.open-in-view to disable this warning
2026-09-23 09:45:10.097  INFO 872 --- [fifa] [restartedMain] o.s.b.h.a.H2ConsoleAutoConfiguration     : H2 console available at '/h2-console'. Database available at 'jdbc:h2:mem:db-kevin'
2026-09-23 09:45:10.114  INFO 872 --- [fifa] [restartedMain] o.s.boot.tomcat.TomcatWebServer          : Tomcat started on port 8081 (http) with context path '/fifaparcial'
2026-09-23 09:45:10.116  INFO 872 --- [fifa] [restartedMain] com.example.demo.DemoApplication         : Started DemoApplication in 0.601 seconds (process running for 402.232)
2026-09-23 09:45:10.116  INFO 872 --- [fifa] [restartedMain] .ConditionEvaluationDeltaLoggingListener : Condition evaluation unchanged
2026-09-23 09:45:17.630  INFO 872 --- [fifa] [File Watcher] rtingClassPathChangeChangedEventListener : Restarting due to 1 class path change (0 additions, 0 deletions, 1 modification)
2026-09-23 09:45:17.632  INFO 872 --- [fifa] [Thread-35] o.s.boot.tomcat.GracefulShutdown         : Commencing graceful shutdown. Waiting for active requests to complete
2026-09-23 09:45:17.656  INFO 872 --- [fifa] [tomcat-shutdown] o.s.boot.tomcat.GracefulShutdown         : Graceful shutdown complete
2026-09-23 09:45:17.657  INFO 872 --- [fifa] [Thread-35] j.LocalContainerEntityManagerFactoryBean : Closing JPA EntityManagerFactory for persistence unit 'default'
2026-09-23 09:45:17.659  WARN 872 --- [fifa] [Thread-35] o.s.b.f.support.DisposableBeanAdapter    : Invocation of destroy method failed on bean with name 'inMemoryDatabaseShutdownExecutor': org.h2.jdbc.JdbcSQLNonTransientConnectionException: La base de datos ya esta cerrada (para des-habilitar el cerrado automatico durante el shutdown de la VM, agregue ";DB_CLOSE_ON_EXIT=FALSE" a la URL de conexión)
Database is already closed (to disable automatic closing at VM shutdown, add ";DB_CLOSE_ON_EXIT=FALSE" to the db URL) [90121-240]
2026-09-23 09:45:17.659  INFO 872 --- [fifa] [Thread-35] com.zaxxer.hikari.HikariDataSource       : HikariPool-10 - Shutdown initiated...
2026-09-23 09:45:17.660  INFO 872 --- [fifa] [Thread-35] com.zaxxer.hikari.HikariDataSource       : HikariPool-10 - Shutdown completed.
2026-09-23 09:45:17.739  INFO 872 --- [fifa] [restartedMain] com.example.demo.DemoApplication         : Starting DemoApplication using Java 24.0.2 with PID 872 (C:\Users\flore\Documents\UNIVERSIDAD\Sexto Semestre\Compunet 2\SpringBoot\PreParcial_CopaMundial\demo\target\classes started by flore in C:\Users\flore\Documents\UNIVERSIDAD\Sexto Semestre\Compunet 2\SpringBoot\PreParcial_CopaMundial\demo)
2026-09-23 09:45:17.739  INFO 872 --- [fifa] [restartedMain] com.example.demo.DemoApplication         : The following 1 profile is active: "dev"
2026-09-23 09:45:17.866  INFO 872 --- [fifa] [restartedMain] .s.d.r.c.RepositoryConfigurationDelegate : Bootstrapping Spring Data JPA repositories in DEFAULT mode.
2026-09-23 09:45:17.884  INFO 872 --- [fifa] [restartedMain] .s.d.r.c.RepositoryConfigurationDelegate : Finished Spring Data repository scanning in 16 ms. Found 5 JPA repository interfaces.
2026-09-23 09:45:17.938  INFO 872 --- [fifa] [restartedMain] o.s.boot.tomcat.TomcatWebServer          : Tomcat initialized with port 8081 (http)
2026-09-23 09:45:17.939  INFO 872 --- [fifa] [restartedMain] o.apache.catalina.core.StandardService   : Starting service [Tomcat]
2026-09-23 09:45:17.939  INFO 872 --- [fifa] [restartedMain] o.apache.catalina.core.StandardEngine    : Starting Servlet engine: [Apache Tomcat/11.0.24]
2026-09-23 09:45:17.959  INFO 872 --- [fifa] [restartedMain] b.w.c.s.WebApplicationContextInitializer : Root WebApplicationContext: initialization completed in 219 ms
2026-09-23 09:45:17.985  INFO 872 --- [fifa] [restartedMain] org.hibernate.orm.jpa                    : HHH008540: Processing PersistenceUnitInfo [name: default]
2026-09-23 09:45:18.016  INFO 872 --- [fifa] [restartedMain] o.s.o.j.p.SpringPersistenceUnitInfo      : No LoadTimeWeaver setup: ignoring JPA class transformer
2026-09-23 09:45:18.017  INFO 872 --- [fifa] [restartedMain] com.zaxxer.hikari.HikariDataSource       : HikariPool-11 - Starting...
2026-09-23 09:45:18.020  INFO 872 --- [fifa] [restartedMain] com.zaxxer.hikari.pool.HikariPool        : HikariPool-11 - Added connection conn45: url=jdbc:h2:mem:db-kevin user=POSTGRES
2026-09-23 09:45:18.020  INFO 872 --- [fifa] [restartedMain] com.zaxxer.hikari.HikariDataSource       : HikariPool-11 - Start completed.
2026-09-23 09:45:18.020  INFO 872 --- [fifa] [restartedMain] org.hibernate.orm.connections.pooling    : HHH10001005: Database info:
	Database JDBC URL [jdbc:h2:mem:db-kevin]
	Database driver: H2 JDBC Driver
	Database dialect: H2Dialect
	Database version: 2.4.240
	Default catalog/schema: DB-KEVIN/PUBLIC
	Autocommit mode: undefined/unknown
	Isolation level: READ_COMMITTED [default READ_COMMITTED]
	JDBC fetch size: 100
	Pool: DataSourceConnectionProvider
	Minimum pool size: undefined/unknown
	Maximum pool size: undefined/unknown
2026-09-23 09:45:18.102  INFO 872 --- [fifa] [restartedMain] org.hibernate.orm.core                   : HHH000489: No JTA platform available (set 'hibernate.transaction.jta.platform' to enable JTA platform integration)
2026-09-23 09:45:18.111  INFO 872 --- [fifa] [restartedMain] j.LocalContainerEntityManagerFactoryBean : Initialized JPA EntityManagerFactory for persistence unit 'default'
2026-09-23 09:45:18.182  WARN 872 --- [fifa] [restartedMain] JpaBaseConfiguration$JpaWebConfiguration : spring.jpa.open-in-view is enabled by default. Therefore, database queries may be performed during view rendering. Explicitly configure spring.jpa.open-in-view to disable this warning
2026-09-23 09:45:18.232  INFO 872 --- [fifa] [restartedMain] o.s.b.h.a.H2ConsoleAutoConfiguration     : H2 console available at '/h2-console'. Database available at 'jdbc:h2:mem:db-kevin'
2026-09-23 09:45:18.247  INFO 872 --- [fifa] [restartedMain] o.s.boot.tomcat.TomcatWebServer          : Tomcat started on port 8081 (http) with context path '/fifaparcial'
2026-09-23 09:45:18.248  INFO 872 --- [fifa] [restartedMain] com.example.demo.DemoApplication         : Started DemoApplication in 0.534 seconds (process running for 410.365)
2026-09-23 09:45:18.249  INFO 872 --- [fifa] [restartedMain] .ConditionEvaluationDeltaLoggingListener : Condition evaluation unchanged
2026-09-23 09:46:55.548  INFO 872 --- [fifa] [File Watcher] rtingClassPathChangeChangedEventListener : Restarting due to 2 class path changes (0 additions, 0 deletions, 2 modifications)
2026-09-23 09:46:55.549  INFO 872 --- [fifa] [Thread-39] o.s.boot.tomcat.GracefulShutdown         : Commencing graceful shutdown. Waiting for active requests to complete
2026-09-23 09:46:55.572  INFO 872 --- [fifa] [tomcat-shutdown] o.s.boot.tomcat.GracefulShutdown         : Graceful shutdown complete
2026-09-23 09:46:55.574  INFO 872 --- [fifa] [Thread-39] j.LocalContainerEntityManagerFactoryBean : Closing JPA EntityManagerFactory for persistence unit 'default'
2026-09-23 09:46:55.575  WARN 872 --- [fifa] [Thread-39] o.s.b.f.support.DisposableBeanAdapter    : Invocation of destroy method failed on bean with name 'inMemoryDatabaseShutdownExecutor': org.h2.jdbc.JdbcSQLNonTransientConnectionException: La base de datos ya esta cerrada (para des-habilitar el cerrado automatico durante el shutdown de la VM, agregue ";DB_CLOSE_ON_EXIT=FALSE" a la URL de conexión)
Database is already closed (to disable automatic closing at VM shutdown, add ";DB_CLOSE_ON_EXIT=FALSE" to the db URL) [90121-240]
2026-09-23 09:46:55.576  INFO 872 --- [fifa] [Thread-39] com.zaxxer.hikari.HikariDataSource       : HikariPool-11 - Shutdown initiated...
2026-09-23 09:46:55.576  INFO 872 --- [fifa] [Thread-39] com.zaxxer.hikari.HikariDataSource       : HikariPool-11 - Shutdown completed.
2026-09-23 09:46:55.662  INFO 872 --- [fifa] [restartedMain] com.example.demo.DemoApplication         : Starting DemoApplication using Java 24.0.2 with PID 872 (C:\Users\flore\Documents\UNIVERSIDAD\Sexto Semestre\Compunet 2\SpringBoot\PreParcial_CopaMundial\demo\target\classes started by flore in C:\Users\flore\Documents\UNIVERSIDAD\Sexto Semestre\Compunet 2\SpringBoot\PreParcial_CopaMundial\demo)
2026-09-23 09:46:55.662  INFO 872 --- [fifa] [restartedMain] com.example.demo.DemoApplication         : The following 1 profile is active: "dev"
2026-09-23 09:46:55.796  INFO 872 --- [fifa] [restartedMain] .s.d.r.c.RepositoryConfigurationDelegate : Bootstrapping Spring Data JPA repositories in DEFAULT mode.
2026-09-23 09:46:55.818  INFO 872 --- [fifa] [restartedMain] .s.d.r.c.RepositoryConfigurationDelegate : Finished Spring Data repository scanning in 19 ms. Found 5 JPA repository interfaces.
2026-09-23 09:46:55.871  INFO 872 --- [fifa] [restartedMain] o.s.boot.tomcat.TomcatWebServer          : Tomcat initialized with port 8081 (http)
2026-09-23 09:46:55.872  INFO 872 --- [fifa] [restartedMain] o.apache.catalina.core.StandardService   : Starting service [Tomcat]
2026-09-23 09:46:55.872  INFO 872 --- [fifa] [restartedMain] o.apache.catalina.core.StandardEngine    : Starting Servlet engine: [Apache Tomcat/11.0.24]
2026-09-23 09:46:55.891  INFO 872 --- [fifa] [restartedMain] b.w.c.s.WebApplicationContextInitializer : Root WebApplicationContext: initialization completed in 226 ms
2026-09-23 09:46:55.916  INFO 872 --- [fifa] [restartedMain] org.hibernate.orm.jpa                    : HHH008540: Processing PersistenceUnitInfo [name: default]
2026-09-23 09:46:55.948  INFO 872 --- [fifa] [restartedMain] o.s.o.j.p.SpringPersistenceUnitInfo      : No LoadTimeWeaver setup: ignoring JPA class transformer
2026-09-23 09:46:55.949  INFO 872 --- [fifa] [restartedMain] com.zaxxer.hikari.HikariDataSource       : HikariPool-12 - Starting...
2026-09-23 09:46:55.950  INFO 872 --- [fifa] [restartedMain] com.zaxxer.hikari.pool.HikariPool        : HikariPool-12 - Added connection conn50: url=jdbc:h2:mem:db-kevin user=POSTGRES
2026-09-23 09:46:55.951  INFO 872 --- [fifa] [restartedMain] com.zaxxer.hikari.HikariDataSource       : HikariPool-12 - Start completed.
2026-09-23 09:46:55.951  INFO 872 --- [fifa] [restartedMain] org.hibernate.orm.connections.pooling    : HHH10001005: Database info:
	Database JDBC URL [jdbc:h2:mem:db-kevin]
	Database driver: H2 JDBC Driver
	Database dialect: H2Dialect
	Database version: 2.4.240
	Default catalog/schema: DB-KEVIN/PUBLIC
	Autocommit mode: undefined/unknown
	Isolation level: READ_COMMITTED [default READ_COMMITTED]
	JDBC fetch size: 100
	Pool: DataSourceConnectionProvider
	Minimum pool size: undefined/unknown
	Maximum pool size: undefined/unknown
2026-09-23 09:46:56.026  INFO 872 --- [fifa] [restartedMain] org.hibernate.orm.core                   : HHH000489: No JTA platform available (set 'hibernate.transaction.jta.platform' to enable JTA platform integration)
2026-09-23 09:46:56.033  INFO 872 --- [fifa] [restartedMain] j.LocalContainerEntityManagerFactoryBean : Initialized JPA EntityManagerFactory for persistence unit 'default'
2026-09-23 09:46:56.098  WARN 872 --- [fifa] [restartedMain] JpaBaseConfiguration$JpaWebConfiguration : spring.jpa.open-in-view is enabled by default. Therefore, database queries may be performed during view rendering. Explicitly configure spring.jpa.open-in-view to disable this warning
2026-09-23 09:46:56.143  INFO 872 --- [fifa] [restartedMain] o.s.b.h.a.H2ConsoleAutoConfiguration     : H2 console available at '/h2-console'. Database available at 'jdbc:h2:mem:db-kevin'
2026-09-23 09:46:56.159  INFO 872 --- [fifa] [restartedMain] o.s.boot.tomcat.TomcatWebServer          : Tomcat started on port 8081 (http) with context path '/fifaparcial'
2026-09-23 09:46:56.160  INFO 872 --- [fifa] [restartedMain] com.example.demo.DemoApplication         : Started DemoApplication in 0.523 seconds (process running for 508.276)
2026-09-23 09:46:56.161  INFO 872 --- [fifa] [restartedMain] .ConditionEvaluationDeltaLoggingListener : Condition evaluation unchanged
2026-09-23 09:47:13.844  INFO 872 --- [fifa] [File Watcher] rtingClassPathChangeChangedEventListener : Restarting due to 2 class path changes (0 additions, 0 deletions, 2 modifications)
2026-09-23 09:47:13.845  INFO 872 --- [fifa] [Thread-43] o.s.boot.tomcat.GracefulShutdown         : Commencing graceful shutdown. Waiting for active requests to complete
2026-09-23 09:47:13.876  INFO 872 --- [fifa] [tomcat-shutdown] o.s.boot.tomcat.GracefulShutdown         : Graceful shutdown complete
2026-09-23 09:47:13.879  INFO 872 --- [fifa] [Thread-43] j.LocalContainerEntityManagerFactoryBean : Closing JPA EntityManagerFactory for persistence unit 'default'
2026-09-23 09:47:13.881  WARN 872 --- [fifa] [Thread-43] o.s.b.f.support.DisposableBeanAdapter    : Invocation of destroy method failed on bean with name 'inMemoryDatabaseShutdownExecutor': org.h2.jdbc.JdbcSQLNonTransientConnectionException: La base de datos ya esta cerrada (para des-habilitar el cerrado automatico durante el shutdown de la VM, agregue ";DB_CLOSE_ON_EXIT=FALSE" a la URL de conexión)
Database is already closed (to disable automatic closing at VM shutdown, add ";DB_CLOSE_ON_EXIT=FALSE" to the db URL) [90121-240]
2026-09-23 09:47:13.881  INFO 872 --- [fifa] [Thread-43] com.zaxxer.hikari.HikariDataSource       : HikariPool-12 - Shutdown initiated...
2026-09-23 09:47:13.882  INFO 872 --- [fifa] [Thread-43] com.zaxxer.hikari.HikariDataSource       : HikariPool-12 - Shutdown completed.
2026-09-23 09:47:13.965  INFO 872 --- [fifa] [restartedMain] com.example.demo.DemoApplication         : Starting DemoApplication using Java 24.0.2 with PID 872 (C:\Users\flore\Documents\UNIVERSIDAD\Sexto Semestre\Compunet 2\SpringBoot\PreParcial_CopaMundial\demo\target\classes started by flore in C:\Users\flore\Documents\UNIVERSIDAD\Sexto Semestre\Compunet 2\SpringBoot\PreParcial_CopaMundial\demo)
2026-09-23 09:47:13.965  INFO 872 --- [fifa] [restartedMain] com.example.demo.DemoApplication         : The following 1 profile is active: "dev"
2026-09-23 09:47:14.090  INFO 872 --- [fifa] [restartedMain] .s.d.r.c.RepositoryConfigurationDelegate : Bootstrapping Spring Data JPA repositories in DEFAULT mode.
2026-09-23 09:47:14.112  INFO 872 --- [fifa] [restartedMain] .s.d.r.c.RepositoryConfigurationDelegate : Finished Spring Data repository scanning in 19 ms. Found 5 JPA repository interfaces.
2026-09-23 09:47:14.178  INFO 872 --- [fifa] [restartedMain] o.s.boot.tomcat.TomcatWebServer          : Tomcat initialized with port 8081 (http)
2026-09-23 09:47:14.179  INFO 872 --- [fifa] [restartedMain] o.apache.catalina.core.StandardService   : Starting service [Tomcat]
2026-09-23 09:47:14.179  INFO 872 --- [fifa] [restartedMain] o.apache.catalina.core.StandardEngine    : Starting Servlet engine: [Apache Tomcat/11.0.24]
2026-09-23 09:47:14.198  INFO 872 --- [fifa] [restartedMain] b.w.c.s.WebApplicationContextInitializer : Root WebApplicationContext: initialization completed in 231 ms
2026-09-23 09:47:14.228  INFO 872 --- [fifa] [restartedMain] org.hibernate.orm.jpa                    : HHH008540: Processing PersistenceUnitInfo [name: default]
2026-09-23 09:47:14.261  INFO 872 --- [fifa] [restartedMain] o.s.o.j.p.SpringPersistenceUnitInfo      : No LoadTimeWeaver setup: ignoring JPA class transformer
2026-09-23 09:47:14.262  INFO 872 --- [fifa] [restartedMain] com.zaxxer.hikari.HikariDataSource       : HikariPool-13 - Starting...
2026-09-23 09:47:14.263  INFO 872 --- [fifa] [restartedMain] com.zaxxer.hikari.pool.HikariPool        : HikariPool-13 - Added connection conn55: url=jdbc:h2:mem:db-kevin user=POSTGRES
2026-09-23 09:47:14.264  INFO 872 --- [fifa] [restartedMain] com.zaxxer.hikari.HikariDataSource       : HikariPool-13 - Start completed.
2026-09-23 09:47:14.264  INFO 872 --- [fifa] [restartedMain] org.hibernate.orm.connections.pooling    : HHH10001005: Database info:
	Database JDBC URL [jdbc:h2:mem:db-kevin]
	Database driver: H2 JDBC Driver
	Database dialect: H2Dialect
	Database version: 2.4.240
	Default catalog/schema: DB-KEVIN/PUBLIC
	Autocommit mode: undefined/unknown
	Isolation level: READ_COMMITTED [default READ_COMMITTED]
	JDBC fetch size: 100
	Pool: DataSourceConnectionProvider
	Minimum pool size: undefined/unknown
	Maximum pool size: undefined/unknown
2026-09-23 09:47:14.342  INFO 872 --- [fifa] [restartedMain] org.hibernate.orm.core                   : HHH000489: No JTA platform available (set 'hibernate.transaction.jta.platform' to enable JTA platform integration)
2026-09-23 09:47:14.349  INFO 872 --- [fifa] [restartedMain] j.LocalContainerEntityManagerFactoryBean : Initialized JPA EntityManagerFactory for persistence unit 'default'
2026-09-23 09:47:14.413  WARN 872 --- [fifa] [restartedMain] ConfigServletWebServerApplicationContext : Exception encountered during context initialization - cancelling refresh attempt: org.springframework.beans.factory.BeanCreationException: Error creating bean with name 'playerClubServiceImpl': Lookup method resolution failed
2026-09-23 09:47:14.413  INFO 872 --- [fifa] [restartedMain] j.LocalContainerEntityManagerFactoryBean : Closing JPA EntityManagerFactory for persistence unit 'default'
2026-09-23 09:47:14.414  WARN 872 --- [fifa] [restartedMain] o.s.b.f.support.DisposableBeanAdapter    : Invocation of destroy method failed on bean with name 'inMemoryDatabaseShutdownExecutor': org.h2.jdbc.JdbcSQLNonTransientConnectionException: La base de datos ya esta cerrada (para des-habilitar el cerrado automatico durante el shutdown de la VM, agregue ";DB_CLOSE_ON_EXIT=FALSE" a la URL de conexión)
Database is already closed (to disable automatic closing at VM shutdown, add ";DB_CLOSE_ON_EXIT=FALSE" to the db URL) [90121-240]
2026-09-23 09:47:14.415  INFO 872 --- [fifa] [restartedMain] com.zaxxer.hikari.HikariDataSource       : HikariPool-13 - Shutdown initiated...
2026-09-23 09:47:14.428  INFO 872 --- [fifa] [restartedMain] com.zaxxer.hikari.HikariDataSource       : HikariPool-13 - Shutdown completed.
2026-09-23 09:47:14.428  INFO 872 --- [fifa] [restartedMain] o.apache.catalina.core.StandardService   : Stopping service [Tomcat]
2026-09-23 09:47:14.433  INFO 872 --- [fifa] [restartedMain] .s.b.a.l.ConditionEvaluationReportLogger : 

Error starting ApplicationContext. To display the condition evaluation report re-run your application with 'debug' enabled.
2026-09-23 09:47:14.436 ERROR 872 --- [fifa] [restartedMain] o.s.boot.SpringApplication               : Application run failed

org.springframework.beans.factory.BeanCreationException: Error creating bean with name 'playerClubServiceImpl': Lookup method resolution failed
	at org.springframework.beans.factory.annotation.AutowiredAnnotationBeanPostProcessor.checkLookupMethods(AutowiredAnnotationBeanPostProcessor.java:482) ~[spring-beans-7.0.9.jar:7.0.9]
	at org.springframework.beans.factory.annotation.AutowiredAnnotationBeanPostProcessor.determineCandidateConstructors(AutowiredAnnotationBeanPostProcessor.java:352) ~[spring-beans-7.0.9.jar:7.0.9]
	at org.springframework.beans.factory.support.AbstractAutowireCapableBeanFactory.determineConstructorsFromBeanPostProcessors(AbstractAutowireCapableBeanFactory.java:1319) ~[spring-beans-7.0.9.jar:7.0.9]
	at org.springframework.beans.factory.support.AbstractAutowireCapableBeanFactory.createBeanInstance(AbstractAutowireCapableBeanFactory.java:1216) ~[spring-beans-7.0.9.jar:7.0.9]
	at org.springframework.beans.factory.support.AbstractAutowireCapableBeanFactory.doCreateBean(AbstractAutowireCapableBeanFactory.java:565) ~[spring-beans-7.0.9.jar:7.0.9]
	at org.springframework.beans.factory.support.AbstractAutowireCapableBeanFactory.createBean(AbstractAutowireCapableBeanFactory.java:525) ~[spring-beans-7.0.9.jar:7.0.9]
	at org.springframework.beans.factory.support.AbstractBeanFactory.lambda$doGetBean$0(AbstractBeanFactory.java:333) ~[spring-beans-7.0.9.jar:7.0.9]
	at org.springframework.beans.factory.support.DefaultSingletonBeanRegistry.getSingleton(DefaultSingletonBeanRegistry.java:371) ~[spring-beans-7.0.9.jar:7.0.9]
	at org.springframework.beans.factory.support.AbstractBeanFactory.doGetBean(AbstractBeanFactory.java:331) ~[spring-beans-7.0.9.jar:7.0.9]
	at org.springframework.beans.factory.support.AbstractBeanFactory.getBean(AbstractBeanFactory.java:196) ~[spring-beans-7.0.9.jar:7.0.9]
	at org.springframework.beans.factory.support.DefaultListableBeanFactory.instantiateSingleton(DefaultListableBeanFactory.java:1225) ~[spring-beans-7.0.9.jar:7.0.9]
	at org.springframework.beans.factory.support.DefaultListableBeanFactory.preInstantiateSingleton(DefaultListableBeanFactory.java:1191) ~[spring-beans-7.0.9.jar:7.0.9]
	at org.springframework.beans.factory.support.DefaultListableBeanFactory.preInstantiateSingletons(DefaultListableBeanFactory.java:1121) ~[spring-beans-7.0.9.jar:7.0.9]
	at org.springframework.context.support.AbstractApplicationContext.finishBeanFactoryInitialization(AbstractApplicationContext.java:994) ~[spring-context-7.0.9.jar:7.0.9]
	at org.springframework.context.support.AbstractApplicationContext.refresh(AbstractApplicationContext.java:621) ~[spring-context-7.0.9.jar:7.0.9]
	at org.springframework.boot.web.server.servlet.context.ServletWebServerApplicationContext.refresh(ServletWebServerApplicationContext.java:143) ~[spring-boot-web-server-4.1.1.jar:4.1.1]
	at org.springframework.boot.SpringApplication.refresh(SpringApplication.java:756) ~[spring-boot-4.1.1.jar:4.1.1]
	at org.springframework.boot.SpringApplication.refreshContext(SpringApplication.java:445) ~[spring-boot-4.1.1.jar:4.1.1]
	at org.springframework.boot.SpringApplication.run(SpringApplication.java:321) ~[spring-boot-4.1.1.jar:4.1.1]
	at org.springframework.boot.SpringApplication.run(SpringApplication.java:1365) ~[spring-boot-4.1.1.jar:4.1.1]
	at org.springframework.boot.SpringApplication.run(SpringApplication.java:1354) ~[spring-boot-4.1.1.jar:4.1.1]
	at com.example.demo.DemoApplication.main(DemoApplication.java:10) ~[classes/:na]
	at java.base/jdk.internal.reflect.DirectMethodHandleAccessor.invoke(DirectMethodHandleAccessor.java:104) ~[na:na]
	at java.base/java.lang.reflect.Method.invoke(Method.java:565) ~[na:na]
	at org.springframework.boot.devtools.restart.RestartLauncher.run(RestartLauncher.java:52) ~[spring-boot-devtools-4.1.1.jar:4.1.1]
Caused by: java.lang.IllegalStateException: Failed to introspect Class [com.example.demo.service.impl.PlayerClubServiceImpl] from ClassLoader [org.springframework.boot.devtools.restart.classloader.RestartClassLoader@46bd6484]
	at org.springframework.util.ReflectionUtils.getDeclaredMethods(ReflectionUtils.java:483) ~[spring-core-7.0.9.jar:7.0.9]
	at org.springframework.util.ReflectionUtils.doWithLocalMethods(ReflectionUtils.java:320) ~[spring-core-7.0.9.jar:7.0.9]
	at org.springframework.beans.factory.annotation.AutowiredAnnotationBeanPostProcessor.checkLookupMethods(AutowiredAnnotationBeanPostProcessor.java:460) ~[spring-beans-7.0.9.jar:7.0.9]
	... 24 common frames omitted
Caused by: java.lang.NoClassDefFoundError: Optional
	at java.base/java.lang.Class.getDeclaredMethods0(Native Method) ~[na:na]
	at java.base/java.lang.Class.privateGetDeclaredMethods(Class.java:3035) ~[na:na]
	at java.base/java.lang.Class.getDeclaredMethods(Class.java:2331) ~[na:na]
	at org.springframework.util.ReflectionUtils.getDeclaredMethods(ReflectionUtils.java:465) ~[spring-core-7.0.9.jar:7.0.9]
	... 26 common frames omitted
Caused by: java.lang.ClassNotFoundException: Optional
	at java.base/jdk.internal.loader.BuiltinClassLoader.loadClass(BuiltinClassLoader.java:580) ~[na:na]
	at java.base/java.lang.ClassLoader.loadClass(ClassLoader.java:490) ~[na:na]
	at java.base/java.lang.Class.forName0(Native Method) ~[na:na]
	at java.base/java.lang.Class.forName(Class.java:543) ~[na:na]
	at org.springframework.boot.devtools.restart.classloader.RestartClassLoader.loadClass(RestartClassLoader.java:123) ~[spring-boot-devtools-4.1.1.jar:4.1.1]
	at java.base/java.lang.ClassLoader.loadClass(ClassLoader.java:490) ~[na:na]
	... 30 common frames omitted

2026-09-23 09:47:36.168  INFO 872 --- [fifa] [restartedMain] com.example.demo.DemoApplication         : Starting DemoApplication using Java 24.0.2 with PID 872 (C:\Users\flore\Documents\UNIVERSIDAD\Sexto Semestre\Compunet 2\SpringBoot\PreParcial_CopaMundial\demo\target\classes started by flore in C:\Users\flore\Documents\UNIVERSIDAD\Sexto Semestre\Compunet 2\SpringBoot\PreParcial_CopaMundial\demo)
2026-09-23 09:47:36.168  INFO 872 --- [fifa] [restartedMain] com.example.demo.DemoApplication         : The following 1 profile is active: "dev"
2026-09-23 09:47:36.306  INFO 872 --- [fifa] [restartedMain] .s.d.r.c.RepositoryConfigurationDelegate : Bootstrapping Spring Data JPA repositories in DEFAULT mode.
2026-09-23 09:47:36.324  INFO 872 --- [fifa] [restartedMain] .s.d.r.c.RepositoryConfigurationDelegate : Finished Spring Data repository scanning in 16 ms. Found 5 JPA repository interfaces.
2026-09-23 09:47:36.379  INFO 872 --- [fifa] [restartedMain] o.s.boot.tomcat.TomcatWebServer          : Tomcat initialized with port 8081 (http)
2026-09-23 09:47:36.379  INFO 872 --- [fifa] [restartedMain] o.apache.catalina.core.StandardService   : Starting service [Tomcat]
2026-09-23 09:47:36.380  INFO 872 --- [fifa] [restartedMain] o.apache.catalina.core.StandardEngine    : Starting Servlet engine: [Apache Tomcat/11.0.24]
2026-09-23 09:47:36.400  INFO 872 --- [fifa] [restartedMain] b.w.c.s.WebApplicationContextInitializer : Root WebApplicationContext: initialization completed in 230 ms
2026-09-23 09:47:36.429  INFO 872 --- [fifa] [restartedMain] org.hibernate.orm.jpa                    : HHH008540: Processing PersistenceUnitInfo [name: default]
2026-09-23 09:47:36.459  INFO 872 --- [fifa] [restartedMain] o.s.o.j.p.SpringPersistenceUnitInfo      : No LoadTimeWeaver setup: ignoring JPA class transformer
2026-09-23 09:47:36.460  INFO 872 --- [fifa] [restartedMain] com.zaxxer.hikari.HikariDataSource       : HikariPool-14 - Starting...
2026-09-23 09:47:36.461  INFO 872 --- [fifa] [restartedMain] com.zaxxer.hikari.pool.HikariPool        : HikariPool-14 - Added connection conn58: url=jdbc:h2:mem:db-kevin user=POSTGRES
2026-09-23 09:47:36.461  INFO 872 --- [fifa] [restartedMain] com.zaxxer.hikari.HikariDataSource       : HikariPool-14 - Start completed.
2026-09-23 09:47:36.462  INFO 872 --- [fifa] [restartedMain] org.hibernate.orm.connections.pooling    : HHH10001005: Database info:
	Database JDBC URL [jdbc:h2:mem:db-kevin]
	Database driver: H2 JDBC Driver
	Database dialect: H2Dialect
	Database version: 2.4.240
	Default catalog/schema: DB-KEVIN/PUBLIC
	Autocommit mode: undefined/unknown
	Isolation level: READ_COMMITTED [default READ_COMMITTED]
	JDBC fetch size: 100
	Pool: DataSourceConnectionProvider
	Minimum pool size: undefined/unknown
	Maximum pool size: undefined/unknown
2026-09-23 09:47:36.533  INFO 872 --- [fifa] [restartedMain] org.hibernate.orm.core                   : HHH000489: No JTA platform available (set 'hibernate.transaction.jta.platform' to enable JTA platform integration)
2026-09-23 09:47:36.539  INFO 872 --- [fifa] [restartedMain] j.LocalContainerEntityManagerFactoryBean : Initialized JPA EntityManagerFactory for persistence unit 'default'
2026-09-23 09:47:36.613  WARN 872 --- [fifa] [restartedMain] JpaBaseConfiguration$JpaWebConfiguration : spring.jpa.open-in-view is enabled by default. Therefore, database queries may be performed during view rendering. Explicitly configure spring.jpa.open-in-view to disable this warning
2026-09-23 09:47:36.658  INFO 872 --- [fifa] [restartedMain] o.s.b.h.a.H2ConsoleAutoConfiguration     : H2 console available at '/h2-console'. Database available at 'jdbc:h2:mem:db-kevin'
2026-09-23 09:47:36.672  INFO 872 --- [fifa] [restartedMain] o.s.boot.tomcat.TomcatWebServer          : Tomcat started on port 8081 (http) with context path '/fifaparcial'
2026-09-23 09:47:36.674  INFO 872 --- [fifa] [restartedMain] com.example.demo.DemoApplication         : Started DemoApplication in 0.526 seconds (process running for 548.791)
2026-09-23 09:47:36.675  INFO 872 --- [fifa] [restartedMain] .ConditionEvaluationDeltaLoggingListener : Condition evaluation unchanged
2026-09-23 09:47:40.108  INFO 872 --- [fifa] [File Watcher] rtingClassPathChangeChangedEventListener : Restarting due to 1 class path change (0 additions, 0 deletions, 1 modification)
2026-09-23 09:47:40.111  INFO 872 --- [fifa] [Thread-47] o.s.boot.tomcat.GracefulShutdown         : Commencing graceful shutdown. Waiting for active requests to complete
2026-09-23 09:47:40.134  INFO 872 --- [fifa] [tomcat-shutdown] o.s.boot.tomcat.GracefulShutdown         : Graceful shutdown complete
2026-09-23 09:47:40.136  INFO 872 --- [fifa] [Thread-47] j.LocalContainerEntityManagerFactoryBean : Closing JPA EntityManagerFactory for persistence unit 'default'
2026-09-23 09:47:40.138  WARN 872 --- [fifa] [Thread-47] o.s.b.f.support.DisposableBeanAdapter    : Invocation of destroy method failed on bean with name 'inMemoryDatabaseShutdownExecutor': org.h2.jdbc.JdbcSQLNonTransientConnectionException: La base de datos ya esta cerrada (para des-habilitar el cerrado automatico durante el shutdown de la VM, agregue ";DB_CLOSE_ON_EXIT=FALSE" a la URL de conexión)
Database is already closed (to disable automatic closing at VM shutdown, add ";DB_CLOSE_ON_EXIT=FALSE" to the db URL) [90121-240]
2026-09-23 09:47:40.138  INFO 872 --- [fifa] [Thread-47] com.zaxxer.hikari.HikariDataSource       : HikariPool-14 - Shutdown initiated...
2026-09-23 09:47:40.139  INFO 872 --- [fifa] [Thread-47] com.zaxxer.hikari.HikariDataSource       : HikariPool-14 - Shutdown completed.
2026-09-23 09:47:40.223  INFO 872 --- [fifa] [restartedMain] com.example.demo.DemoApplication         : Starting DemoApplication using Java 24.0.2 with PID 872 (C:\Users\flore\Documents\UNIVERSIDAD\Sexto Semestre\Compunet 2\SpringBoot\PreParcial_CopaMundial\demo\target\classes started by flore in C:\Users\flore\Documents\UNIVERSIDAD\Sexto Semestre\Compunet 2\SpringBoot\PreParcial_CopaMundial\demo)
2026-09-23 09:47:40.224  INFO 872 --- [fifa] [restartedMain] com.example.demo.DemoApplication         : The following 1 profile is active: "dev"
2026-09-23 09:47:40.355  INFO 872 --- [fifa] [restartedMain] .s.d.r.c.RepositoryConfigurationDelegate : Bootstrapping Spring Data JPA repositories in DEFAULT mode.
2026-09-23 09:47:40.374  INFO 872 --- [fifa] [restartedMain] .s.d.r.c.RepositoryConfigurationDelegate : Finished Spring Data repository scanning in 16 ms. Found 5 JPA repository interfaces.
2026-09-23 09:47:40.434  INFO 872 --- [fifa] [restartedMain] o.s.boot.tomcat.TomcatWebServer          : Tomcat initialized with port 8081 (http)
2026-09-23 09:47:40.436  INFO 872 --- [fifa] [restartedMain] o.apache.catalina.core.StandardService   : Starting service [Tomcat]
2026-09-23 09:47:40.437  INFO 872 --- [fifa] [restartedMain] o.apache.catalina.core.StandardEngine    : Starting Servlet engine: [Apache Tomcat/11.0.24]
2026-09-23 09:47:40.459  INFO 872 --- [fifa] [restartedMain] b.w.c.s.WebApplicationContextInitializer : Root WebApplicationContext: initialization completed in 233 ms
2026-09-23 09:47:40.484  INFO 872 --- [fifa] [restartedMain] org.hibernate.orm.jpa                    : HHH008540: Processing PersistenceUnitInfo [name: default]
2026-09-23 09:47:40.515  INFO 872 --- [fifa] [restartedMain] o.s.o.j.p.SpringPersistenceUnitInfo      : No LoadTimeWeaver setup: ignoring JPA class transformer
2026-09-23 09:47:40.516  INFO 872 --- [fifa] [restartedMain] com.zaxxer.hikari.HikariDataSource       : HikariPool-15 - Starting...
2026-09-23 09:47:40.517  INFO 872 --- [fifa] [restartedMain] com.zaxxer.hikari.pool.HikariPool        : HikariPool-15 - Added connection conn63: url=jdbc:h2:mem:db-kevin user=POSTGRES
2026-09-23 09:47:40.519  INFO 872 --- [fifa] [restartedMain] com.zaxxer.hikari.HikariDataSource       : HikariPool-15 - Start completed.
2026-09-23 09:47:40.519  INFO 872 --- [fifa] [restartedMain] org.hibernate.orm.connections.pooling    : HHH10001005: Database info:
	Database JDBC URL [jdbc:h2:mem:db-kevin]
	Database driver: H2 JDBC Driver
	Database dialect: H2Dialect
	Database version: 2.4.240
	Default catalog/schema: DB-KEVIN/PUBLIC
	Autocommit mode: undefined/unknown
	Isolation level: READ_COMMITTED [default READ_COMMITTED]
	JDBC fetch size: 100
	Pool: DataSourceConnectionProvider
	Minimum pool size: undefined/unknown
	Maximum pool size: undefined/unknown
2026-09-23 09:47:40.598  INFO 872 --- [fifa] [restartedMain] org.hibernate.orm.core                   : HHH000489: No JTA platform available (set 'hibernate.transaction.jta.platform' to enable JTA platform integration)
2026-09-23 09:47:40.605  INFO 872 --- [fifa] [restartedMain] j.LocalContainerEntityManagerFactoryBean : Initialized JPA EntityManagerFactory for persistence unit 'default'
2026-09-23 09:47:40.676  WARN 872 --- [fifa] [restartedMain] JpaBaseConfiguration$JpaWebConfiguration : spring.jpa.open-in-view is enabled by default. Therefore, database queries may be performed during view rendering. Explicitly configure spring.jpa.open-in-view to disable this warning
2026-09-23 09:47:40.722  INFO 872 --- [fifa] [restartedMain] o.s.b.h.a.H2ConsoleAutoConfiguration     : H2 console available at '/h2-console'. Database available at 'jdbc:h2:mem:db-kevin'
2026-09-23 09:47:40.738  INFO 872 --- [fifa] [restartedMain] o.s.boot.tomcat.TomcatWebServer          : Tomcat started on port 8081 (http) with context path '/fifaparcial'
2026-09-23 09:47:40.739  INFO 872 --- [fifa] [restartedMain] com.example.demo.DemoApplication         : Started DemoApplication in 0.539 seconds (process running for 552.856)
2026-09-23 09:47:40.740  INFO 872 --- [fifa] [restartedMain] .ConditionEvaluationDeltaLoggingListener : Condition evaluation unchanged
2026-09-23 09:47:52.378  INFO 872 --- [fifa] [File Watcher] rtingClassPathChangeChangedEventListener : Restarting due to 2 class path changes (0 additions, 0 deletions, 2 modifications)
2026-09-23 09:47:52.381  INFO 872 --- [fifa] [Thread-54] o.s.boot.tomcat.GracefulShutdown         : Commencing graceful shutdown. Waiting for active requests to complete
2026-09-23 09:47:52.405  INFO 872 --- [fifa] [tomcat-shutdown] o.s.boot.tomcat.GracefulShutdown         : Graceful shutdown complete
2026-09-23 09:47:52.407  INFO 872 --- [fifa] [Thread-54] j.LocalContainerEntityManagerFactoryBean : Closing JPA EntityManagerFactory for persistence unit 'default'
2026-09-23 09:47:52.408  WARN 872 --- [fifa] [Thread-54] o.s.b.f.support.DisposableBeanAdapter    : Invocation of destroy method failed on bean with name 'inMemoryDatabaseShutdownExecutor': org.h2.jdbc.JdbcSQLNonTransientConnectionException: La base de datos ya esta cerrada (para des-habilitar el cerrado automatico durante el shutdown de la VM, agregue ";DB_CLOSE_ON_EXIT=FALSE" a la URL de conexión)
Database is already closed (to disable automatic closing at VM shutdown, add ";DB_CLOSE_ON_EXIT=FALSE" to the db URL) [90121-240]
2026-09-23 09:47:52.408  INFO 872 --- [fifa] [Thread-54] com.zaxxer.hikari.HikariDataSource       : HikariPool-15 - Shutdown initiated...
2026-09-23 09:47:52.409  INFO 872 --- [fifa] [Thread-54] com.zaxxer.hikari.HikariDataSource       : HikariPool-15 - Shutdown completed.
2026-09-23 09:47:52.499  INFO 872 --- [fifa] [restartedMain] com.example.demo.DemoApplication         : Starting DemoApplication using Java 24.0.2 with PID 872 (C:\Users\flore\Documents\UNIVERSIDAD\Sexto Semestre\Compunet 2\SpringBoot\PreParcial_CopaMundial\demo\target\classes started by flore in C:\Users\flore\Documents\UNIVERSIDAD\Sexto Semestre\Compunet 2\SpringBoot\PreParcial_CopaMundial\demo)
2026-09-23 09:47:52.499  INFO 872 --- [fifa] [restartedMain] com.example.demo.DemoApplication         : The following 1 profile is active: "dev"
2026-09-23 09:47:52.698  INFO 872 --- [fifa] [restartedMain] .s.d.r.c.RepositoryConfigurationDelegate : Bootstrapping Spring Data JPA repositories in DEFAULT mode.
2026-09-23 09:47:52.714  INFO 872 --- [fifa] [restartedMain] .s.d.r.c.RepositoryConfigurationDelegate : Finished Spring Data repository scanning in 14 ms. Found 5 JPA repository interfaces.
2026-09-23 09:47:52.769  INFO 872 --- [fifa] [restartedMain] o.s.boot.tomcat.TomcatWebServer          : Tomcat initialized with port 8081 (http)
2026-09-23 09:47:52.770  INFO 872 --- [fifa] [restartedMain] o.apache.catalina.core.StandardService   : Starting service [Tomcat]
2026-09-23 09:47:52.770  INFO 872 --- [fifa] [restartedMain] o.apache.catalina.core.StandardEngine    : Starting Servlet engine: [Apache Tomcat/11.0.24]
2026-09-23 09:47:52.791  INFO 872 --- [fifa] [restartedMain] b.w.c.s.WebApplicationContextInitializer : Root WebApplicationContext: initialization completed in 290 ms
2026-09-23 09:47:52.819  INFO 872 --- [fifa] [restartedMain] org.hibernate.orm.jpa                    : HHH008540: Processing PersistenceUnitInfo [name: default]
2026-09-23 09:47:52.852  INFO 872 --- [fifa] [restartedMain] o.s.o.j.p.SpringPersistenceUnitInfo      : No LoadTimeWeaver setup: ignoring JPA class transformer
2026-09-23 09:47:52.853  INFO 872 --- [fifa] [restartedMain] com.zaxxer.hikari.HikariDataSource       : HikariPool-16 - Starting...
2026-09-23 09:47:52.855  INFO 872 --- [fifa] [restartedMain] com.zaxxer.hikari.pool.HikariPool        : HikariPool-16 - Added connection conn68: url=jdbc:h2:mem:db-kevin user=POSTGRES
2026-09-23 09:47:52.855  INFO 872 --- [fifa] [restartedMain] com.zaxxer.hikari.HikariDataSource       : HikariPool-16 - Start completed.
2026-09-23 09:47:52.855  INFO 872 --- [fifa] [restartedMain] org.hibernate.orm.connections.pooling    : HHH10001005: Database info:
	Database JDBC URL [jdbc:h2:mem:db-kevin]
	Database driver: H2 JDBC Driver
	Database dialect: H2Dialect
	Database version: 2.4.240
	Default catalog/schema: DB-KEVIN/PUBLIC
	Autocommit mode: undefined/unknown
	Isolation level: READ_COMMITTED [default READ_COMMITTED]
	JDBC fetch size: 100
	Pool: DataSourceConnectionProvider
	Minimum pool size: undefined/unknown
	Maximum pool size: undefined/unknown
2026-09-23 09:47:52.951  INFO 872 --- [fifa] [restartedMain] org.hibernate.orm.core                   : HHH000489: No JTA platform available (set 'hibernate.transaction.jta.platform' to enable JTA platform integration)
2026-09-23 09:47:52.957  INFO 872 --- [fifa] [restartedMain] j.LocalContainerEntityManagerFactoryBean : Initialized JPA EntityManagerFactory for persistence unit 'default'
2026-09-23 09:47:53.008  WARN 872 --- [fifa] [restartedMain] ConfigServletWebServerApplicationContext : Exception encountered during context initialization - cancelling refresh attempt: org.springframework.beans.factory.BeanCreationException: Error creating bean with name 'matchServiceImpl': Lookup method resolution failed
2026-09-23 09:47:53.009  INFO 872 --- [fifa] [restartedMain] j.LocalContainerEntityManagerFactoryBean : Closing JPA EntityManagerFactory for persistence unit 'default'
2026-09-23 09:47:53.010  WARN 872 --- [fifa] [restartedMain] o.s.b.f.support.DisposableBeanAdapter    : Invocation of destroy method failed on bean with name 'inMemoryDatabaseShutdownExecutor': org.h2.jdbc.JdbcSQLNonTransientConnectionException: La base de datos ya esta cerrada (para des-habilitar el cerrado automatico durante el shutdown de la VM, agregue ";DB_CLOSE_ON_EXIT=FALSE" a la URL de conexión)
Database is already closed (to disable automatic closing at VM shutdown, add ";DB_CLOSE_ON_EXIT=FALSE" to the db URL) [90121-240]
2026-09-23 09:47:53.010  INFO 872 --- [fifa] [restartedMain] com.zaxxer.hikari.HikariDataSource       : HikariPool-16 - Shutdown initiated...
2026-09-23 09:47:53.018  INFO 872 --- [fifa] [restartedMain] com.zaxxer.hikari.HikariDataSource       : HikariPool-16 - Shutdown completed.
2026-09-23 09:47:53.018  INFO 872 --- [fifa] [restartedMain] o.apache.catalina.core.StandardService   : Stopping service [Tomcat]
2026-09-23 09:47:53.022  INFO 872 --- [fifa] [restartedMain] .s.b.a.l.ConditionEvaluationReportLogger : 

Error starting ApplicationContext. To display the condition evaluation report re-run your application with 'debug' enabled.
2026-09-23 09:47:53.025 ERROR 872 --- [fifa] [restartedMain] o.s.boot.SpringApplication               : Application run failed

org.springframework.beans.factory.BeanCreationException: Error creating bean with name 'matchServiceImpl': Lookup method resolution failed
	at org.springframework.beans.factory.annotation.AutowiredAnnotationBeanPostProcessor.checkLookupMethods(AutowiredAnnotationBeanPostProcessor.java:482) ~[spring-beans-7.0.9.jar:7.0.9]
	at org.springframework.beans.factory.annotation.AutowiredAnnotationBeanPostProcessor.determineCandidateConstructors(AutowiredAnnotationBeanPostProcessor.java:352) ~[spring-beans-7.0.9.jar:7.0.9]
	at org.springframework.beans.factory.support.AbstractAutowireCapableBeanFactory.determineConstructorsFromBeanPostProcessors(AbstractAutowireCapableBeanFactory.java:1319) ~[spring-beans-7.0.9.jar:7.0.9]
	at org.springframework.beans.factory.support.AbstractAutowireCapableBeanFactory.createBeanInstance(AbstractAutowireCapableBeanFactory.java:1216) ~[spring-beans-7.0.9.jar:7.0.9]
	at org.springframework.beans.factory.support.AbstractAutowireCapableBeanFactory.doCreateBean(AbstractAutowireCapableBeanFactory.java:565) ~[spring-beans-7.0.9.jar:7.0.9]
	at org.springframework.beans.factory.support.AbstractAutowireCapableBeanFactory.createBean(AbstractAutowireCapableBeanFactory.java:525) ~[spring-beans-7.0.9.jar:7.0.9]
	at org.springframework.beans.factory.support.AbstractBeanFactory.lambda$doGetBean$0(AbstractBeanFactory.java:333) ~[spring-beans-7.0.9.jar:7.0.9]
	at org.springframework.beans.factory.support.DefaultSingletonBeanRegistry.getSingleton(DefaultSingletonBeanRegistry.java:371) ~[spring-beans-7.0.9.jar:7.0.9]
	at org.springframework.beans.factory.support.AbstractBeanFactory.doGetBean(AbstractBeanFactory.java:331) ~[spring-beans-7.0.9.jar:7.0.9]
	at org.springframework.beans.factory.support.AbstractBeanFactory.getBean(AbstractBeanFactory.java:196) ~[spring-beans-7.0.9.jar:7.0.9]
	at org.springframework.beans.factory.support.DefaultListableBeanFactory.instantiateSingleton(DefaultListableBeanFactory.java:1225) ~[spring-beans-7.0.9.jar:7.0.9]
	at org.springframework.beans.factory.support.DefaultListableBeanFactory.preInstantiateSingleton(DefaultListableBeanFactory.java:1191) ~[spring-beans-7.0.9.jar:7.0.9]
	at org.springframework.beans.factory.support.DefaultListableBeanFactory.preInstantiateSingletons(DefaultListableBeanFactory.java:1121) ~[spring-beans-7.0.9.jar:7.0.9]
	at org.springframework.context.support.AbstractApplicationContext.finishBeanFactoryInitialization(AbstractApplicationContext.java:994) ~[spring-context-7.0.9.jar:7.0.9]
	at org.springframework.context.support.AbstractApplicationContext.refresh(AbstractApplicationContext.java:621) ~[spring-context-7.0.9.jar:7.0.9]
	at org.springframework.boot.web.server.servlet.context.ServletWebServerApplicationContext.refresh(ServletWebServerApplicationContext.java:143) ~[spring-boot-web-server-4.1.1.jar:4.1.1]
	at org.springframework.boot.SpringApplication.refresh(SpringApplication.java:756) ~[spring-boot-4.1.1.jar:4.1.1]
	at org.springframework.boot.SpringApplication.refreshContext(SpringApplication.java:445) ~[spring-boot-4.1.1.jar:4.1.1]
	at org.springframework.boot.SpringApplication.run(SpringApplication.java:321) ~[spring-boot-4.1.1.jar:4.1.1]
	at org.springframework.boot.SpringApplication.run(SpringApplication.java:1365) ~[spring-boot-4.1.1.jar:4.1.1]
	at org.springframework.boot.SpringApplication.run(SpringApplication.java:1354) ~[spring-boot-4.1.1.jar:4.1.1]
	at com.example.demo.DemoApplication.main(DemoApplication.java:10) ~[classes/:na]
	at java.base/jdk.internal.reflect.DirectMethodHandleAccessor.invoke(DirectMethodHandleAccessor.java:104) ~[na:na]
	at java.base/java.lang.reflect.Method.invoke(Method.java:565) ~[na:na]
	at org.springframework.boot.devtools.restart.RestartLauncher.run(RestartLauncher.java:52) ~[spring-boot-devtools-4.1.1.jar:4.1.1]
Caused by: java.lang.IllegalStateException: Failed to introspect Class [com.example.demo.service.impl.MatchServiceImpl] from ClassLoader [org.springframework.boot.devtools.restart.classloader.RestartClassLoader@7040f185]
	at org.springframework.util.ReflectionUtils.getDeclaredMethods(ReflectionUtils.java:483) ~[spring-core-7.0.9.jar:7.0.9]
	at org.springframework.util.ReflectionUtils.doWithLocalMethods(ReflectionUtils.java:320) ~[spring-core-7.0.9.jar:7.0.9]
	at org.springframework.beans.factory.annotation.AutowiredAnnotationBeanPostProcessor.checkLookupMethods(AutowiredAnnotationBeanPostProcessor.java:460) ~[spring-beans-7.0.9.jar:7.0.9]
	... 24 common frames omitted
Caused by: java.lang.NoClassDefFoundError: List
	at java.base/java.lang.Class.getDeclaredMethods0(Native Method) ~[na:na]
	at java.base/java.lang.Class.privateGetDeclaredMethods(Class.java:3035) ~[na:na]
	at java.base/java.lang.Class.privateGetPublicMethods(Class.java:3060) ~[na:na]
	at java.base/java.lang.Class.getMethods(Class.java:1998) ~[na:na]
	at org.springframework.util.ReflectionUtils.findDefaultMethodsOnInterfaces(ReflectionUtils.java:492) ~[spring-core-7.0.9.jar:7.0.9]
	at org.springframework.util.ReflectionUtils.getDeclaredMethods(ReflectionUtils.java:466) ~[spring-core-7.0.9.jar:7.0.9]
	... 26 common frames omitted
Caused by: java.lang.ClassNotFoundException: List
	at java.base/jdk.internal.loader.BuiltinClassLoader.loadClass(BuiltinClassLoader.java:580) ~[na:na]
	at java.base/java.lang.ClassLoader.loadClass(ClassLoader.java:490) ~[na:na]
	at java.base/java.lang.Class.forName0(Native Method) ~[na:na]
	at java.base/java.lang.Class.forName(Class.java:543) ~[na:na]
	at org.springframework.boot.devtools.restart.classloader.RestartClassLoader.loadClass(RestartClassLoader.java:123) ~[spring-boot-devtools-4.1.1.jar:4.1.1]
	at java.base/java.lang.ClassLoader.loadClass(ClassLoader.java:490) ~[na:na]
	... 32 common frames omitted

2026-09-23 09:48:08.771  INFO 872 --- [fifa] [restartedMain] com.example.demo.DemoApplication         : Starting DemoApplication using Java 24.0.2 with PID 872 (C:\Users\flore\Documents\UNIVERSIDAD\Sexto Semestre\Compunet 2\SpringBoot\PreParcial_CopaMundial\demo\target\classes started by flore in C:\Users\flore\Documents\UNIVERSIDAD\Sexto Semestre\Compunet 2\SpringBoot\PreParcial_CopaMundial\demo)
2026-09-23 09:48:08.771  INFO 872 --- [fifa] [restartedMain] com.example.demo.DemoApplication         : The following 1 profile is active: "dev"
2026-09-23 09:48:08.916  INFO 872 --- [fifa] [restartedMain] .s.d.r.c.RepositoryConfigurationDelegate : Bootstrapping Spring Data JPA repositories in DEFAULT mode.
2026-09-23 09:48:08.934  INFO 872 --- [fifa] [restartedMain] .s.d.r.c.RepositoryConfigurationDelegate : Finished Spring Data repository scanning in 17 ms. Found 5 JPA repository interfaces.
2026-09-23 09:48:08.988  INFO 872 --- [fifa] [restartedMain] o.s.boot.tomcat.TomcatWebServer          : Tomcat initialized with port 8081 (http)
2026-09-23 09:48:08.989  INFO 872 --- [fifa] [restartedMain] o.apache.catalina.core.StandardService   : Starting service [Tomcat]
2026-09-23 09:48:08.989  INFO 872 --- [fifa] [restartedMain] o.apache.catalina.core.StandardEngine    : Starting Servlet engine: [Apache Tomcat/11.0.24]
2026-09-23 09:48:09.008  INFO 872 --- [fifa] [restartedMain] b.w.c.s.WebApplicationContextInitializer : Root WebApplicationContext: initialization completed in 235 ms
2026-09-23 09:48:09.032  INFO 872 --- [fifa] [restartedMain] org.hibernate.orm.jpa                    : HHH008540: Processing PersistenceUnitInfo [name: default]
2026-09-23 09:48:09.061  INFO 872 --- [fifa] [restartedMain] o.s.o.j.p.SpringPersistenceUnitInfo      : No LoadTimeWeaver setup: ignoring JPA class transformer
2026-09-23 09:48:09.062  INFO 872 --- [fifa] [restartedMain] com.zaxxer.hikari.HikariDataSource       : HikariPool-17 - Starting...
2026-09-23 09:48:09.064  INFO 872 --- [fifa] [restartedMain] com.zaxxer.hikari.pool.HikariPool        : HikariPool-17 - Added connection conn71: url=jdbc:h2:mem:db-kevin user=POSTGRES
2026-09-23 09:48:09.064  INFO 872 --- [fifa] [restartedMain] com.zaxxer.hikari.HikariDataSource       : HikariPool-17 - Start completed.
2026-09-23 09:48:09.064  INFO 872 --- [fifa] [restartedMain] org.hibernate.orm.connections.pooling    : HHH10001005: Database info:
	Database JDBC URL [jdbc:h2:mem:db-kevin]
	Database driver: H2 JDBC Driver
	Database dialect: H2Dialect
	Database version: 2.4.240
	Default catalog/schema: DB-KEVIN/PUBLIC
	Autocommit mode: undefined/unknown
	Isolation level: READ_COMMITTED [default READ_COMMITTED]
	JDBC fetch size: 100
	Pool: DataSourceConnectionProvider
	Minimum pool size: undefined/unknown
	Maximum pool size: undefined/unknown
2026-09-23 09:48:09.137  INFO 872 --- [fifa] [restartedMain] org.hibernate.orm.core                   : HHH000489: No JTA platform available (set 'hibernate.transaction.jta.platform' to enable JTA platform integration)
2026-09-23 09:48:09.143  INFO 872 --- [fifa] [restartedMain] j.LocalContainerEntityManagerFactoryBean : Initialized JPA EntityManagerFactory for persistence unit 'default'
2026-09-23 09:48:09.209  WARN 872 --- [fifa] [restartedMain] JpaBaseConfiguration$JpaWebConfiguration : spring.jpa.open-in-view is enabled by default. Therefore, database queries may be performed during view rendering. Explicitly configure spring.jpa.open-in-view to disable this warning
2026-09-23 09:48:09.254  INFO 872 --- [fifa] [restartedMain] o.s.b.h.a.H2ConsoleAutoConfiguration     : H2 console available at '/h2-console'. Database available at 'jdbc:h2:mem:db-kevin'
2026-09-23 09:48:09.269  INFO 872 --- [fifa] [restartedMain] o.s.boot.tomcat.TomcatWebServer          : Tomcat started on port 8081 (http) with context path '/fifaparcial'
2026-09-23 09:48:09.271  INFO 872 --- [fifa] [restartedMain] com.example.demo.DemoApplication         : Started DemoApplication in 0.525 seconds (process running for 581.386)
2026-09-23 09:48:09.271  INFO 872 --- [fifa] [restartedMain] .ConditionEvaluationDeltaLoggingListener : Condition evaluation unchanged
2026-09-23 09:48:14.749  INFO 872 --- [fifa] [File Watcher] rtingClassPathChangeChangedEventListener : Restarting due to 1 class path change (0 additions, 0 deletions, 1 modification)
2026-09-23 09:48:14.751  INFO 872 --- [fifa] [Thread-58] o.s.boot.tomcat.GracefulShutdown         : Commencing graceful shutdown. Waiting for active requests to complete
2026-09-23 09:48:14.775  INFO 872 --- [fifa] [tomcat-shutdown] o.s.boot.tomcat.GracefulShutdown         : Graceful shutdown complete
2026-09-23 09:48:14.776  INFO 872 --- [fifa] [Thread-58] j.LocalContainerEntityManagerFactoryBean : Closing JPA EntityManagerFactory for persistence unit 'default'
2026-09-23 09:48:14.777  WARN 872 --- [fifa] [Thread-58] o.s.b.f.support.DisposableBeanAdapter    : Invocation of destroy method failed on bean with name 'inMemoryDatabaseShutdownExecutor': org.h2.jdbc.JdbcSQLNonTransientConnectionException: La base de datos ya esta cerrada (para des-habilitar el cerrado automatico durante el shutdown de la VM, agregue ";DB_CLOSE_ON_EXIT=FALSE" a la URL de conexión)
Database is already closed (to disable automatic closing at VM shutdown, add ";DB_CLOSE_ON_EXIT=FALSE" to the db URL) [90121-240]
2026-09-23 09:48:14.777  INFO 872 --- [fifa] [Thread-58] com.zaxxer.hikari.HikariDataSource       : HikariPool-17 - Shutdown initiated...
2026-09-23 09:48:14.778  INFO 872 --- [fifa] [Thread-58] com.zaxxer.hikari.HikariDataSource       : HikariPool-17 - Shutdown completed.
2026-09-23 09:48:14.855  INFO 872 --- [fifa] [restartedMain] com.example.demo.DemoApplication         : Starting DemoApplication using Java 24.0.2 with PID 872 (C:\Users\flore\Documents\UNIVERSIDAD\Sexto Semestre\Compunet 2\SpringBoot\PreParcial_CopaMundial\demo\target\classes started by flore in C:\Users\flore\Documents\UNIVERSIDAD\Sexto Semestre\Compunet 2\SpringBoot\PreParcial_CopaMundial\demo)
2026-09-23 09:48:14.855  INFO 872 --- [fifa] [restartedMain] com.example.demo.DemoApplication         : The following 1 profile is active: "dev"
2026-09-23 09:48:14.977  INFO 872 --- [fifa] [restartedMain] .s.d.r.c.RepositoryConfigurationDelegate : Bootstrapping Spring Data JPA repositories in DEFAULT mode.
2026-09-23 09:48:14.995  INFO 872 --- [fifa] [restartedMain] .s.d.r.c.RepositoryConfigurationDelegate : Finished Spring Data repository scanning in 17 ms. Found 5 JPA repository interfaces.
2026-09-23 09:48:15.050  INFO 872 --- [fifa] [restartedMain] o.s.boot.tomcat.TomcatWebServer          : Tomcat initialized with port 8081 (http)
2026-09-23 09:48:15.051  INFO 872 --- [fifa] [restartedMain] o.apache.catalina.core.StandardService   : Starting service [Tomcat]
2026-09-23 09:48:15.051  INFO 872 --- [fifa] [restartedMain] o.apache.catalina.core.StandardEngine    : Starting Servlet engine: [Apache Tomcat/11.0.24]
2026-09-23 09:48:15.070  INFO 872 --- [fifa] [restartedMain] b.w.c.s.WebApplicationContextInitializer : Root WebApplicationContext: initialization completed in 214 ms
2026-09-23 09:48:15.093  INFO 872 --- [fifa] [restartedMain] org.hibernate.orm.jpa                    : HHH008540: Processing PersistenceUnitInfo [name: default]
2026-09-23 09:48:15.125  INFO 872 --- [fifa] [restartedMain] o.s.o.j.p.SpringPersistenceUnitInfo      : No LoadTimeWeaver setup: ignoring JPA class transformer
2026-09-23 09:48:15.126  INFO 872 --- [fifa] [restartedMain] com.zaxxer.hikari.HikariDataSource       : HikariPool-18 - Starting...
2026-09-23 09:48:15.128  INFO 872 --- [fifa] [restartedMain] com.zaxxer.hikari.pool.HikariPool        : HikariPool-18 - Added connection conn76: url=jdbc:h2:mem:db-kevin user=POSTGRES
2026-09-23 09:48:15.128  INFO 872 --- [fifa] [restartedMain] com.zaxxer.hikari.HikariDataSource       : HikariPool-18 - Start completed.
2026-09-23 09:48:15.129  INFO 872 --- [fifa] [restartedMain] org.hibernate.orm.connections.pooling    : HHH10001005: Database info:
	Database JDBC URL [jdbc:h2:mem:db-kevin]
	Database driver: H2 JDBC Driver
	Database dialect: H2Dialect
	Database version: 2.4.240
	Default catalog/schema: DB-KEVIN/PUBLIC
	Autocommit mode: undefined/unknown
	Isolation level: READ_COMMITTED [default READ_COMMITTED]
	JDBC fetch size: 100
	Pool: DataSourceConnectionProvider
	Minimum pool size: undefined/unknown
	Maximum pool size: undefined/unknown
2026-09-23 09:48:15.200  INFO 872 --- [fifa] [restartedMain] org.hibernate.orm.core                   : HHH000489: No JTA platform available (set 'hibernate.transaction.jta.platform' to enable JTA platform integration)
2026-09-23 09:48:15.205  INFO 872 --- [fifa] [restartedMain] j.LocalContainerEntityManagerFactoryBean : Initialized JPA EntityManagerFactory for persistence unit 'default'
2026-09-23 09:48:15.306  WARN 872 --- [fifa] [restartedMain] JpaBaseConfiguration$JpaWebConfiguration : spring.jpa.open-in-view is enabled by default. Therefore, database queries may be performed during view rendering. Explicitly configure spring.jpa.open-in-view to disable this warning
2026-09-23 09:48:15.359  INFO 872 --- [fifa] [restartedMain] o.s.b.h.a.H2ConsoleAutoConfiguration     : H2 console available at '/h2-console'. Database available at 'jdbc:h2:mem:db-kevin'
2026-09-23 09:48:15.374  INFO 872 --- [fifa] [restartedMain] o.s.boot.tomcat.TomcatWebServer          : Tomcat started on port 8081 (http) with context path '/fifaparcial'
2026-09-23 09:48:15.376  INFO 872 --- [fifa] [restartedMain] com.example.demo.DemoApplication         : Started DemoApplication in 0.541 seconds (process running for 587.492)
2026-09-23 09:48:15.377  INFO 872 --- [fifa] [restartedMain] .ConditionEvaluationDeltaLoggingListener : Condition evaluation unchanged
2026-09-23 09:48:46.279  INFO 872 --- [fifa] [File Watcher] rtingClassPathChangeChangedEventListener : Restarting due to 2 class path changes (0 additions, 0 deletions, 2 modifications)
2026-09-23 09:48:46.280  INFO 872 --- [fifa] [Thread-65] o.s.boot.tomcat.GracefulShutdown         : Commencing graceful shutdown. Waiting for active requests to complete
2026-09-23 09:48:46.300  INFO 872 --- [fifa] [tomcat-shutdown] o.s.boot.tomcat.GracefulShutdown         : Graceful shutdown complete
2026-09-23 09:48:46.302  INFO 872 --- [fifa] [Thread-65] j.LocalContainerEntityManagerFactoryBean : Closing JPA EntityManagerFactory for persistence unit 'default'
2026-09-23 09:48:46.303  WARN 872 --- [fifa] [Thread-65] o.s.b.f.support.DisposableBeanAdapter    : Invocation of destroy method failed on bean with name 'inMemoryDatabaseShutdownExecutor': org.h2.jdbc.JdbcSQLNonTransientConnectionException: La base de datos ya esta cerrada (para des-habilitar el cerrado automatico durante el shutdown de la VM, agregue ";DB_CLOSE_ON_EXIT=FALSE" a la URL de conexión)
Database is already closed (to disable automatic closing at VM shutdown, add ";DB_CLOSE_ON_EXIT=FALSE" to the db URL) [90121-240]
2026-09-23 09:48:46.303  INFO 872 --- [fifa] [Thread-65] com.zaxxer.hikari.HikariDataSource       : HikariPool-18 - Shutdown initiated...
2026-09-23 09:48:46.304  INFO 872 --- [fifa] [Thread-65] com.zaxxer.hikari.HikariDataSource       : HikariPool-18 - Shutdown completed.
2026-09-23 09:48:46.382  INFO 872 --- [fifa] [restartedMain] com.example.demo.DemoApplication         : Starting DemoApplication using Java 24.0.2 with PID 872 (C:\Users\flore\Documents\UNIVERSIDAD\Sexto Semestre\Compunet 2\SpringBoot\PreParcial_CopaMundial\demo\target\classes started by flore in C:\Users\flore\Documents\UNIVERSIDAD\Sexto Semestre\Compunet 2\SpringBoot\PreParcial_CopaMundial\demo)
2026-09-23 09:48:46.383  INFO 872 --- [fifa] [restartedMain] com.example.demo.DemoApplication         : The following 1 profile is active: "dev"
2026-09-23 09:48:46.511  INFO 872 --- [fifa] [restartedMain] .s.d.r.c.RepositoryConfigurationDelegate : Bootstrapping Spring Data JPA repositories in DEFAULT mode.
2026-09-23 09:48:46.528  INFO 872 --- [fifa] [restartedMain] .s.d.r.c.RepositoryConfigurationDelegate : Finished Spring Data repository scanning in 15 ms. Found 5 JPA repository interfaces.
2026-09-23 09:48:46.584  INFO 872 --- [fifa] [restartedMain] o.s.boot.tomcat.TomcatWebServer          : Tomcat initialized with port 8081 (http)
2026-09-23 09:48:46.584  INFO 872 --- [fifa] [restartedMain] o.apache.catalina.core.StandardService   : Starting service [Tomcat]
2026-09-23 09:48:46.584  INFO 872 --- [fifa] [restartedMain] o.apache.catalina.core.StandardEngine    : Starting Servlet engine: [Apache Tomcat/11.0.24]
2026-09-23 09:48:46.606  INFO 872 --- [fifa] [restartedMain] b.w.c.s.WebApplicationContextInitializer : Root WebApplicationContext: initialization completed in 222 ms
2026-09-23 09:48:46.631  INFO 872 --- [fifa] [restartedMain] org.hibernate.orm.jpa                    : HHH008540: Processing PersistenceUnitInfo [name: default]
2026-09-23 09:48:46.665  INFO 872 --- [fifa] [restartedMain] o.s.o.j.p.SpringPersistenceUnitInfo      : No LoadTimeWeaver setup: ignoring JPA class transformer
2026-09-23 09:48:46.666  INFO 872 --- [fifa] [restartedMain] com.zaxxer.hikari.HikariDataSource       : HikariPool-19 - Starting...
2026-09-23 09:48:46.667  INFO 872 --- [fifa] [restartedMain] com.zaxxer.hikari.pool.HikariPool        : HikariPool-19 - Added connection conn81: url=jdbc:h2:mem:db-kevin user=POSTGRES
2026-09-23 09:48:46.667  INFO 872 --- [fifa] [restartedMain] com.zaxxer.hikari.HikariDataSource       : HikariPool-19 - Start completed.
2026-09-23 09:48:46.668  INFO 872 --- [fifa] [restartedMain] org.hibernate.orm.connections.pooling    : HHH10001005: Database info:
	Database JDBC URL [jdbc:h2:mem:db-kevin]
	Database driver: H2 JDBC Driver
	Database dialect: H2Dialect
	Database version: 2.4.240
	Default catalog/schema: DB-KEVIN/PUBLIC
	Autocommit mode: undefined/unknown
	Isolation level: READ_COMMITTED [default READ_COMMITTED]
	JDBC fetch size: 100
	Pool: DataSourceConnectionProvider
	Minimum pool size: undefined/unknown
	Maximum pool size: undefined/unknown
2026-09-23 09:48:46.743  INFO 872 --- [fifa] [restartedMain] org.hibernate.orm.core                   : HHH000489: No JTA platform available (set 'hibernate.transaction.jta.platform' to enable JTA platform integration)
2026-09-23 09:48:46.748  INFO 872 --- [fifa] [restartedMain] j.LocalContainerEntityManagerFactoryBean : Initialized JPA EntityManagerFactory for persistence unit 'default'
2026-09-23 09:48:46.817  WARN 872 --- [fifa] [restartedMain] JpaBaseConfiguration$JpaWebConfiguration : spring.jpa.open-in-view is enabled by default. Therefore, database queries may be performed during view rendering. Explicitly configure spring.jpa.open-in-view to disable this warning
2026-09-23 09:48:46.863  INFO 872 --- [fifa] [restartedMain] o.s.b.h.a.H2ConsoleAutoConfiguration     : H2 console available at '/h2-console'. Database available at 'jdbc:h2:mem:db-kevin'
2026-09-23 09:48:46.879  INFO 872 --- [fifa] [restartedMain] o.s.boot.tomcat.TomcatWebServer          : Tomcat started on port 8081 (http) with context path '/fifaparcial'
2026-09-23 09:48:46.880  INFO 872 --- [fifa] [restartedMain] com.example.demo.DemoApplication         : Started DemoApplication in 0.519 seconds (process running for 618.996)
2026-09-23 09:48:46.881  INFO 872 --- [fifa] [restartedMain] .ConditionEvaluationDeltaLoggingListener : Condition evaluation unchanged
2026-09-23 09:49:58.602  INFO 872 --- [fifa] [File Watcher] rtingClassPathChangeChangedEventListener : Restarting due to 2 class path changes (0 additions, 0 deletions, 2 modifications)
2026-09-23 09:49:58.605  INFO 872 --- [fifa] [Thread-69] o.s.boot.tomcat.GracefulShutdown         : Commencing graceful shutdown. Waiting for active requests to complete
2026-09-23 09:49:58.642  INFO 872 --- [fifa] [tomcat-shutdown] o.s.boot.tomcat.GracefulShutdown         : Graceful shutdown complete
2026-09-23 09:49:58.644  INFO 872 --- [fifa] [Thread-69] j.LocalContainerEntityManagerFactoryBean : Closing JPA EntityManagerFactory for persistence unit 'default'
2026-09-23 09:49:58.645  WARN 872 --- [fifa] [Thread-69] o.s.b.f.support.DisposableBeanAdapter    : Invocation of destroy method failed on bean with name 'inMemoryDatabaseShutdownExecutor': org.h2.jdbc.JdbcSQLNonTransientConnectionException: La base de datos ya esta cerrada (para des-habilitar el cerrado automatico durante el shutdown de la VM, agregue ";DB_CLOSE_ON_EXIT=FALSE" a la URL de conexión)
Database is already closed (to disable automatic closing at VM shutdown, add ";DB_CLOSE_ON_EXIT=FALSE" to the db URL) [90121-240]
2026-09-23 09:49:58.645  INFO 872 --- [fifa] [Thread-69] com.zaxxer.hikari.HikariDataSource       : HikariPool-19 - Shutdown initiated...
2026-09-23 09:49:58.646  INFO 872 --- [fifa] [Thread-69] com.zaxxer.hikari.HikariDataSource       : HikariPool-19 - Shutdown completed.
2026-09-23 09:49:58.753  INFO 872 --- [fifa] [restartedMain] com.example.demo.DemoApplication         : Starting DemoApplication using Java 24.0.2 with PID 872 (C:\Users\flore\Documents\UNIVERSIDAD\Sexto Semestre\Compunet 2\SpringBoot\PreParcial_CopaMundial\demo\target\classes started by flore in C:\Users\flore\Documents\UNIVERSIDAD\Sexto Semestre\Compunet 2\SpringBoot\PreParcial_CopaMundial\demo)
2026-09-23 09:49:58.753  INFO 872 --- [fifa] [restartedMain] com.example.demo.DemoApplication         : The following 1 profile is active: "dev"
2026-09-23 09:49:58.885  INFO 872 --- [fifa] [restartedMain] .s.d.r.c.RepositoryConfigurationDelegate : Bootstrapping Spring Data JPA repositories in DEFAULT mode.
2026-09-23 09:49:58.903  INFO 872 --- [fifa] [restartedMain] .s.d.r.c.RepositoryConfigurationDelegate : Finished Spring Data repository scanning in 16 ms. Found 5 JPA repository interfaces.
2026-09-23 09:49:58.955  INFO 872 --- [fifa] [restartedMain] o.s.boot.tomcat.TomcatWebServer          : Tomcat initialized with port 8081 (http)
2026-09-23 09:49:58.956  INFO 872 --- [fifa] [restartedMain] o.apache.catalina.core.StandardService   : Starting service [Tomcat]
2026-09-23 09:49:58.956  INFO 872 --- [fifa] [restartedMain] o.apache.catalina.core.StandardEngine    : Starting Servlet engine: [Apache Tomcat/11.0.24]
2026-09-23 09:49:58.982  INFO 872 --- [fifa] [restartedMain] b.w.c.s.WebApplicationContextInitializer : Root WebApplicationContext: initialization completed in 227 ms
2026-09-23 09:49:59.013  INFO 872 --- [fifa] [restartedMain] org.hibernate.orm.jpa                    : HHH008540: Processing PersistenceUnitInfo [name: default]
2026-09-23 09:49:59.046  INFO 872 --- [fifa] [restartedMain] o.s.o.j.p.SpringPersistenceUnitInfo      : No LoadTimeWeaver setup: ignoring JPA class transformer
2026-09-23 09:49:59.047  INFO 872 --- [fifa] [restartedMain] com.zaxxer.hikari.HikariDataSource       : HikariPool-20 - Starting...
2026-09-23 09:49:59.048  INFO 872 --- [fifa] [restartedMain] com.zaxxer.hikari.pool.HikariPool        : HikariPool-20 - Added connection conn86: url=jdbc:h2:mem:db-kevin user=POSTGRES
2026-09-23 09:49:59.049  INFO 872 --- [fifa] [restartedMain] com.zaxxer.hikari.HikariDataSource       : HikariPool-20 - Start completed.
2026-09-23 09:49:59.049  INFO 872 --- [fifa] [restartedMain] org.hibernate.orm.connections.pooling    : HHH10001005: Database info:
	Database JDBC URL [jdbc:h2:mem:db-kevin]
	Database driver: H2 JDBC Driver
	Database dialect: H2Dialect
	Database version: 2.4.240
	Default catalog/schema: DB-KEVIN/PUBLIC
	Autocommit mode: undefined/unknown
	Isolation level: READ_COMMITTED [default READ_COMMITTED]
	JDBC fetch size: 100
	Pool: DataSourceConnectionProvider
	Minimum pool size: undefined/unknown
	Maximum pool size: undefined/unknown
2026-09-23 09:49:59.128  INFO 872 --- [fifa] [restartedMain] org.hibernate.orm.core                   : HHH000489: No JTA platform available (set 'hibernate.transaction.jta.platform' to enable JTA platform integration)
2026-09-23 09:49:59.134  INFO 872 --- [fifa] [restartedMain] j.LocalContainerEntityManagerFactoryBean : Initialized JPA EntityManagerFactory for persistence unit 'default'
2026-09-23 09:49:59.174  WARN 872 --- [fifa] [restartedMain] ConfigServletWebServerApplicationContext : Exception encountered during context initialization - cancelling refresh attempt: org.springframework.beans.factory.BeanCreationException: Error creating bean with name 'clubServiceImpl': Lookup method resolution failed
2026-09-23 09:49:59.174  INFO 872 --- [fifa] [restartedMain] j.LocalContainerEntityManagerFactoryBean : Closing JPA EntityManagerFactory for persistence unit 'default'
2026-09-23 09:49:59.175  WARN 872 --- [fifa] [restartedMain] o.s.b.f.support.DisposableBeanAdapter    : Invocation of destroy method failed on bean with name 'inMemoryDatabaseShutdownExecutor': org.h2.jdbc.JdbcSQLNonTransientConnectionException: La base de datos ya esta cerrada (para des-habilitar el cerrado automatico durante el shutdown de la VM, agregue ";DB_CLOSE_ON_EXIT=FALSE" a la URL de conexión)
Database is already closed (to disable automatic closing at VM shutdown, add ";DB_CLOSE_ON_EXIT=FALSE" to the db URL) [90121-240]
2026-09-23 09:49:59.175  INFO 872 --- [fifa] [restartedMain] com.zaxxer.hikari.HikariDataSource       : HikariPool-20 - Shutdown initiated...
2026-09-23 09:49:59.185  INFO 872 --- [fifa] [restartedMain] com.zaxxer.hikari.HikariDataSource       : HikariPool-20 - Shutdown completed.
2026-09-23 09:49:59.186  INFO 872 --- [fifa] [restartedMain] o.apache.catalina.core.StandardService   : Stopping service [Tomcat]
2026-09-23 09:49:59.190  INFO 872 --- [fifa] [restartedMain] .s.b.a.l.ConditionEvaluationReportLogger : 

Error starting ApplicationContext. To display the condition evaluation report re-run your application with 'debug' enabled.
2026-09-23 09:49:59.193 ERROR 872 --- [fifa] [restartedMain] o.s.boot.SpringApplication               : Application run failed

org.springframework.beans.factory.BeanCreationException: Error creating bean with name 'clubServiceImpl': Lookup method resolution failed
	at org.springframework.beans.factory.annotation.AutowiredAnnotationBeanPostProcessor.checkLookupMethods(AutowiredAnnotationBeanPostProcessor.java:482) ~[spring-beans-7.0.9.jar:7.0.9]
	at org.springframework.beans.factory.annotation.AutowiredAnnotationBeanPostProcessor.determineCandidateConstructors(AutowiredAnnotationBeanPostProcessor.java:352) ~[spring-beans-7.0.9.jar:7.0.9]
	at org.springframework.beans.factory.support.AbstractAutowireCapableBeanFactory.determineConstructorsFromBeanPostProcessors(AbstractAutowireCapableBeanFactory.java:1319) ~[spring-beans-7.0.9.jar:7.0.9]
	at org.springframework.beans.factory.support.AbstractAutowireCapableBeanFactory.createBeanInstance(AbstractAutowireCapableBeanFactory.java:1216) ~[spring-beans-7.0.9.jar:7.0.9]
	at org.springframework.beans.factory.support.AbstractAutowireCapableBeanFactory.doCreateBean(AbstractAutowireCapableBeanFactory.java:565) ~[spring-beans-7.0.9.jar:7.0.9]
	at org.springframework.beans.factory.support.AbstractAutowireCapableBeanFactory.createBean(AbstractAutowireCapableBeanFactory.java:525) ~[spring-beans-7.0.9.jar:7.0.9]
	at org.springframework.beans.factory.support.AbstractBeanFactory.lambda$doGetBean$0(AbstractBeanFactory.java:333) ~[spring-beans-7.0.9.jar:7.0.9]
	at org.springframework.beans.factory.support.DefaultSingletonBeanRegistry.getSingleton(DefaultSingletonBeanRegistry.java:371) ~[spring-beans-7.0.9.jar:7.0.9]
	at org.springframework.beans.factory.support.AbstractBeanFactory.doGetBean(AbstractBeanFactory.java:331) ~[spring-beans-7.0.9.jar:7.0.9]
	at org.springframework.beans.factory.support.AbstractBeanFactory.getBean(AbstractBeanFactory.java:196) ~[spring-beans-7.0.9.jar:7.0.9]
	at org.springframework.beans.factory.support.DefaultListableBeanFactory.instantiateSingleton(DefaultListableBeanFactory.java:1225) ~[spring-beans-7.0.9.jar:7.0.9]
	at org.springframework.beans.factory.support.DefaultListableBeanFactory.preInstantiateSingleton(DefaultListableBeanFactory.java:1191) ~[spring-beans-7.0.9.jar:7.0.9]
	at org.springframework.beans.factory.support.DefaultListableBeanFactory.preInstantiateSingletons(DefaultListableBeanFactory.java:1121) ~[spring-beans-7.0.9.jar:7.0.9]
	at org.springframework.context.support.AbstractApplicationContext.finishBeanFactoryInitialization(AbstractApplicationContext.java:994) ~[spring-context-7.0.9.jar:7.0.9]
	at org.springframework.context.support.AbstractApplicationContext.refresh(AbstractApplicationContext.java:621) ~[spring-context-7.0.9.jar:7.0.9]
	at org.springframework.boot.web.server.servlet.context.ServletWebServerApplicationContext.refresh(ServletWebServerApplicationContext.java:143) ~[spring-boot-web-server-4.1.1.jar:4.1.1]
	at org.springframework.boot.SpringApplication.refresh(SpringApplication.java:756) ~[spring-boot-4.1.1.jar:4.1.1]
	at org.springframework.boot.SpringApplication.refreshContext(SpringApplication.java:445) ~[spring-boot-4.1.1.jar:4.1.1]
	at org.springframework.boot.SpringApplication.run(SpringApplication.java:321) ~[spring-boot-4.1.1.jar:4.1.1]
	at org.springframework.boot.SpringApplication.run(SpringApplication.java:1365) ~[spring-boot-4.1.1.jar:4.1.1]
	at org.springframework.boot.SpringApplication.run(SpringApplication.java:1354) ~[spring-boot-4.1.1.jar:4.1.1]
	at com.example.demo.DemoApplication.main(DemoApplication.java:10) ~[classes/:na]
	at java.base/jdk.internal.reflect.DirectMethodHandleAccessor.invoke(DirectMethodHandleAccessor.java:104) ~[na:na]
	at java.base/java.lang.reflect.Method.invoke(Method.java:565) ~[na:na]
	at org.springframework.boot.devtools.restart.RestartLauncher.run(RestartLauncher.java:52) ~[spring-boot-devtools-4.1.1.jar:4.1.1]
Caused by: java.lang.IllegalStateException: Failed to introspect Class [com.example.demo.service.impl.ClubServiceImpl] from ClassLoader [org.springframework.boot.devtools.restart.classloader.RestartClassLoader@31aabdd7]
	at org.springframework.util.ReflectionUtils.getDeclaredMethods(ReflectionUtils.java:483) ~[spring-core-7.0.9.jar:7.0.9]
	at org.springframework.util.ReflectionUtils.doWithLocalMethods(ReflectionUtils.java:320) ~[spring-core-7.0.9.jar:7.0.9]
	at org.springframework.beans.factory.annotation.AutowiredAnnotationBeanPostProcessor.checkLookupMethods(AutowiredAnnotationBeanPostProcessor.java:460) ~[spring-beans-7.0.9.jar:7.0.9]
	... 24 common frames omitted
Caused by: java.lang.NoClassDefFoundError: List
	at java.base/java.lang.Class.getDeclaredMethods0(Native Method) ~[na:na]
	at java.base/java.lang.Class.privateGetDeclaredMethods(Class.java:3035) ~[na:na]
	at java.base/java.lang.Class.privateGetPublicMethods(Class.java:3060) ~[na:na]
	at java.base/java.lang.Class.getMethods(Class.java:1998) ~[na:na]
	at org.springframework.util.ReflectionUtils.findDefaultMethodsOnInterfaces(ReflectionUtils.java:492) ~[spring-core-7.0.9.jar:7.0.9]
	at org.springframework.util.ReflectionUtils.getDeclaredMethods(ReflectionUtils.java:466) ~[spring-core-7.0.9.jar:7.0.9]
	... 26 common frames omitted
Caused by: java.lang.ClassNotFoundException: List
	at java.base/jdk.internal.loader.BuiltinClassLoader.loadClass(BuiltinClassLoader.java:580) ~[na:na]
	at java.base/java.lang.ClassLoader.loadClass(ClassLoader.java:490) ~[na:na]
	at java.base/java.lang.Class.forName0(Native Method) ~[na:na]
	at java.base/java.lang.Class.forName(Class.java:543) ~[na:na]
	at org.springframework.boot.devtools.restart.classloader.RestartClassLoader.loadClass(RestartClassLoader.java:123) ~[spring-boot-devtools-4.1.1.jar:4.1.1]
	at java.base/java.lang.ClassLoader.loadClass(ClassLoader.java:490) ~[na:na]
	... 32 common frames omitted

2026-09-23 09:50:16.846  INFO 872 --- [fifa] [restartedMain] com.example.demo.DemoApplication         : Starting DemoApplication using Java 24.0.2 with PID 872 (C:\Users\flore\Documents\UNIVERSIDAD\Sexto Semestre\Compunet 2\SpringBoot\PreParcial_CopaMundial\demo\target\classes started by flore in C:\Users\flore\Documents\UNIVERSIDAD\Sexto Semestre\Compunet 2\SpringBoot\PreParcial_CopaMundial\demo)
2026-09-23 09:50:16.846  INFO 872 --- [fifa] [restartedMain] com.example.demo.DemoApplication         : The following 1 profile is active: "dev"
2026-09-23 09:50:16.972  INFO 872 --- [fifa] [restartedMain] .s.d.r.c.RepositoryConfigurationDelegate : Bootstrapping Spring Data JPA repositories in DEFAULT mode.
2026-09-23 09:50:16.989  INFO 872 --- [fifa] [restartedMain] .s.d.r.c.RepositoryConfigurationDelegate : Finished Spring Data repository scanning in 14 ms. Found 5 JPA repository interfaces.
2026-09-23 09:50:17.042  INFO 872 --- [fifa] [restartedMain] o.s.boot.tomcat.TomcatWebServer          : Tomcat initialized with port 8081 (http)
2026-09-23 09:50:17.042  INFO 872 --- [fifa] [restartedMain] o.apache.catalina.core.StandardService   : Starting service [Tomcat]
2026-09-23 09:50:17.042  INFO 872 --- [fifa] [restartedMain] o.apache.catalina.core.StandardEngine    : Starting Servlet engine: [Apache Tomcat/11.0.24]
2026-09-23 09:50:17.062  INFO 872 --- [fifa] [restartedMain] b.w.c.s.WebApplicationContextInitializer : Root WebApplicationContext: initialization completed in 216 ms
2026-09-23 09:50:17.090  INFO 872 --- [fifa] [restartedMain] org.hibernate.orm.jpa                    : HHH008540: Processing PersistenceUnitInfo [name: default]
2026-09-23 09:50:17.122  INFO 872 --- [fifa] [restartedMain] o.s.o.j.p.SpringPersistenceUnitInfo      : No LoadTimeWeaver setup: ignoring JPA class transformer
2026-09-23 09:50:17.123  INFO 872 --- [fifa] [restartedMain] com.zaxxer.hikari.HikariDataSource       : HikariPool-21 - Starting...
2026-09-23 09:50:17.124  INFO 872 --- [fifa] [restartedMain] com.zaxxer.hikari.pool.HikariPool        : HikariPool-21 - Added connection conn88: url=jdbc:h2:mem:db-kevin user=POSTGRES
2026-09-23 09:50:17.124  INFO 872 --- [fifa] [restartedMain] com.zaxxer.hikari.HikariDataSource       : HikariPool-21 - Start completed.
2026-09-23 09:50:17.125  INFO 872 --- [fifa] [restartedMain] org.hibernate.orm.connections.pooling    : HHH10001005: Database info:
	Database JDBC URL [jdbc:h2:mem:db-kevin]
	Database driver: H2 JDBC Driver
	Database dialect: H2Dialect
	Database version: 2.4.240
	Default catalog/schema: DB-KEVIN/PUBLIC
	Autocommit mode: undefined/unknown
	Isolation level: READ_COMMITTED [default READ_COMMITTED]
	JDBC fetch size: 100
	Pool: DataSourceConnectionProvider
	Minimum pool size: undefined/unknown
	Maximum pool size: undefined/unknown
2026-09-23 09:50:17.206  INFO 872 --- [fifa] [restartedMain] org.hibernate.orm.core                   : HHH000489: No JTA platform available (set 'hibernate.transaction.jta.platform' to enable JTA platform integration)
2026-09-23 09:50:17.213  INFO 872 --- [fifa] [restartedMain] j.LocalContainerEntityManagerFactoryBean : Initialized JPA EntityManagerFactory for persistence unit 'default'
2026-09-23 09:50:17.296  WARN 872 --- [fifa] [restartedMain] JpaBaseConfiguration$JpaWebConfiguration : spring.jpa.open-in-view is enabled by default. Therefore, database queries may be performed during view rendering. Explicitly configure spring.jpa.open-in-view to disable this warning
2026-09-23 09:50:17.348  INFO 872 --- [fifa] [restartedMain] o.s.b.h.a.H2ConsoleAutoConfiguration     : H2 console available at '/h2-console'. Database available at 'jdbc:h2:mem:db-kevin'
2026-09-23 09:50:17.362  INFO 872 --- [fifa] [restartedMain] o.s.boot.tomcat.TomcatWebServer          : Tomcat started on port 8081 (http) with context path '/fifaparcial'
2026-09-23 09:50:17.363  INFO 872 --- [fifa] [restartedMain] com.example.demo.DemoApplication         : Started DemoApplication in 0.536 seconds (process running for 709.48)
2026-09-23 09:50:17.365  INFO 872 --- [fifa] [restartedMain] .ConditionEvaluationDeltaLoggingListener : Condition evaluation unchanged
2026-09-23 09:50:35.065  INFO 872 --- [fifa] [File Watcher] rtingClassPathChangeChangedEventListener : Restarting due to 1 class path change (0 additions, 0 deletions, 1 modification)
2026-09-23 09:50:35.066  INFO 872 --- [fifa] [Thread-73] o.s.boot.tomcat.GracefulShutdown         : Commencing graceful shutdown. Waiting for active requests to complete
2026-09-23 09:50:35.089  INFO 872 --- [fifa] [tomcat-shutdown] o.s.boot.tomcat.GracefulShutdown         : Graceful shutdown complete
2026-09-23 09:50:35.090  INFO 872 --- [fifa] [Thread-73] j.LocalContainerEntityManagerFactoryBean : Closing JPA EntityManagerFactory for persistence unit 'default'
2026-09-23 09:50:35.091  WARN 872 --- [fifa] [Thread-73] o.s.b.f.support.DisposableBeanAdapter    : Invocation of destroy method failed on bean with name 'inMemoryDatabaseShutdownExecutor': org.h2.jdbc.JdbcSQLNonTransientConnectionException: La base de datos ya esta cerrada (para des-habilitar el cerrado automatico durante el shutdown de la VM, agregue ";DB_CLOSE_ON_EXIT=FALSE" a la URL de conexión)
Database is already closed (to disable automatic closing at VM shutdown, add ";DB_CLOSE_ON_EXIT=FALSE" to the db URL) [90121-240]
2026-09-23 09:50:35.091  INFO 872 --- [fifa] [Thread-73] com.zaxxer.hikari.HikariDataSource       : HikariPool-21 - Shutdown initiated...
2026-09-23 09:50:35.092  INFO 872 --- [fifa] [Thread-73] com.zaxxer.hikari.HikariDataSource       : HikariPool-21 - Shutdown completed.
2026-09-23 09:50:35.179  INFO 872 --- [fifa] [restartedMain] com.example.demo.DemoApplication         : Starting DemoApplication using Java 24.0.2 with PID 872 (C:\Users\flore\Documents\UNIVERSIDAD\Sexto Semestre\Compunet 2\SpringBoot\PreParcial_CopaMundial\demo\target\classes started by flore in C:\Users\flore\Documents\UNIVERSIDAD\Sexto Semestre\Compunet 2\SpringBoot\PreParcial_CopaMundial\demo)
2026-09-23 09:50:35.180  INFO 872 --- [fifa] [restartedMain] com.example.demo.DemoApplication         : The following 1 profile is active: "dev"
2026-09-23 09:50:35.305  INFO 872 --- [fifa] [restartedMain] .s.d.r.c.RepositoryConfigurationDelegate : Bootstrapping Spring Data JPA repositories in DEFAULT mode.
2026-09-23 09:50:35.321  INFO 872 --- [fifa] [restartedMain] .s.d.r.c.RepositoryConfigurationDelegate : Finished Spring Data repository scanning in 14 ms. Found 5 JPA repository interfaces.
2026-09-23 09:50:35.377  INFO 872 --- [fifa] [restartedMain] o.s.boot.tomcat.TomcatWebServer          : Tomcat initialized with port 8081 (http)
2026-09-23 09:50:35.378  INFO 872 --- [fifa] [restartedMain] o.apache.catalina.core.StandardService   : Starting service [Tomcat]
2026-09-23 09:50:35.378  INFO 872 --- [fifa] [restartedMain] o.apache.catalina.core.StandardEngine    : Starting Servlet engine: [Apache Tomcat/11.0.24]
2026-09-23 09:50:35.398  INFO 872 --- [fifa] [restartedMain] b.w.c.s.WebApplicationContextInitializer : Root WebApplicationContext: initialization completed in 217 ms
2026-09-23 09:50:35.421  INFO 872 --- [fifa] [restartedMain] org.hibernate.orm.jpa                    : HHH008540: Processing PersistenceUnitInfo [name: default]
2026-09-23 09:50:35.455  INFO 872 --- [fifa] [restartedMain] o.s.o.j.p.SpringPersistenceUnitInfo      : No LoadTimeWeaver setup: ignoring JPA class transformer
2026-09-23 09:50:35.457  INFO 872 --- [fifa] [restartedMain] com.zaxxer.hikari.HikariDataSource       : HikariPool-22 - Starting...
2026-09-23 09:50:35.458  INFO 872 --- [fifa] [restartedMain] com.zaxxer.hikari.pool.HikariPool        : HikariPool-22 - Added connection conn93: url=jdbc:h2:mem:db-kevin user=POSTGRES
2026-09-23 09:50:35.458  INFO 872 --- [fifa] [restartedMain] com.zaxxer.hikari.HikariDataSource       : HikariPool-22 - Start completed.
2026-09-23 09:50:35.458  INFO 872 --- [fifa] [restartedMain] org.hibernate.orm.connections.pooling    : HHH10001005: Database info:
	Database JDBC URL [jdbc:h2:mem:db-kevin]
	Database driver: H2 JDBC Driver
	Database dialect: H2Dialect
	Database version: 2.4.240
	Default catalog/schema: DB-KEVIN/PUBLIC
	Autocommit mode: undefined/unknown
	Isolation level: READ_COMMITTED [default READ_COMMITTED]
	JDBC fetch size: 100
	Pool: DataSourceConnectionProvider
	Minimum pool size: undefined/unknown
	Maximum pool size: undefined/unknown
2026-09-23 09:50:35.535  INFO 872 --- [fifa] [restartedMain] org.hibernate.orm.core                   : HHH000489: No JTA platform available (set 'hibernate.transaction.jta.platform' to enable JTA platform integration)
2026-09-23 09:50:35.543  INFO 872 --- [fifa] [restartedMain] j.LocalContainerEntityManagerFactoryBean : Initialized JPA EntityManagerFactory for persistence unit 'default'
2026-09-23 09:50:35.609  WARN 872 --- [fifa] [restartedMain] JpaBaseConfiguration$JpaWebConfiguration : spring.jpa.open-in-view is enabled by default. Therefore, database queries may be performed during view rendering. Explicitly configure spring.jpa.open-in-view to disable this warning
2026-09-23 09:50:35.655  INFO 872 --- [fifa] [restartedMain] o.s.b.h.a.H2ConsoleAutoConfiguration     : H2 console available at '/h2-console'. Database available at 'jdbc:h2:mem:db-kevin'
2026-09-23 09:50:35.669  INFO 872 --- [fifa] [restartedMain] o.s.boot.tomcat.TomcatWebServer          : Tomcat started on port 8081 (http) with context path '/fifaparcial'
2026-09-23 09:50:35.671  INFO 872 --- [fifa] [restartedMain] com.example.demo.DemoApplication         : Started DemoApplication in 0.513 seconds (process running for 727.788)
2026-09-23 09:50:35.672  INFO 872 --- [fifa] [restartedMain] .ConditionEvaluationDeltaLoggingListener : Condition evaluation unchanged
2026-09-23 09:50:43.148  INFO 872 --- [fifa] [File Watcher] rtingClassPathChangeChangedEventListener : Restarting due to 2 class path changes (0 additions, 0 deletions, 2 modifications)
2026-09-23 09:50:43.149  INFO 872 --- [fifa] [Thread-80] o.s.boot.tomcat.GracefulShutdown         : Commencing graceful shutdown. Waiting for active requests to complete
2026-09-23 09:50:43.170  INFO 872 --- [fifa] [tomcat-shutdown] o.s.boot.tomcat.GracefulShutdown         : Graceful shutdown complete
2026-09-23 09:50:43.171  INFO 872 --- [fifa] [Thread-80] j.LocalContainerEntityManagerFactoryBean : Closing JPA EntityManagerFactory for persistence unit 'default'
2026-09-23 09:50:43.172  WARN 872 --- [fifa] [Thread-80] o.s.b.f.support.DisposableBeanAdapter    : Invocation of destroy method failed on bean with name 'inMemoryDatabaseShutdownExecutor': org.h2.jdbc.JdbcSQLNonTransientConnectionException: La base de datos ya esta cerrada (para des-habilitar el cerrado automatico durante el shutdown de la VM, agregue ";DB_CLOSE_ON_EXIT=FALSE" a la URL de conexión)
Database is already closed (to disable automatic closing at VM shutdown, add ";DB_CLOSE_ON_EXIT=FALSE" to the db URL) [90121-240]
2026-09-23 09:50:43.174  INFO 872 --- [fifa] [Thread-80] com.zaxxer.hikari.HikariDataSource       : HikariPool-22 - Shutdown initiated...
2026-09-23 09:50:43.174  INFO 872 --- [fifa] [Thread-80] com.zaxxer.hikari.HikariDataSource       : HikariPool-22 - Shutdown completed.
2026-09-23 09:50:43.278  INFO 872 --- [fifa] [restartedMain] com.example.demo.DemoApplication         : Starting DemoApplication using Java 24.0.2 with PID 872 (C:\Users\flore\Documents\UNIVERSIDAD\Sexto Semestre\Compunet 2\SpringBoot\PreParcial_CopaMundial\demo\target\classes started by flore in C:\Users\flore\Documents\UNIVERSIDAD\Sexto Semestre\Compunet 2\SpringBoot\PreParcial_CopaMundial\demo)
2026-09-23 09:50:43.279  INFO 872 --- [fifa] [restartedMain] com.example.demo.DemoApplication         : The following 1 profile is active: "dev"
2026-09-23 09:50:43.415  INFO 872 --- [fifa] [restartedMain] .s.d.r.c.RepositoryConfigurationDelegate : Bootstrapping Spring Data JPA repositories in DEFAULT mode.
2026-09-23 09:50:43.432  INFO 872 --- [fifa] [restartedMain] .s.d.r.c.RepositoryConfigurationDelegate : Finished Spring Data repository scanning in 14 ms. Found 5 JPA repository interfaces.
2026-09-23 09:50:43.488  INFO 872 --- [fifa] [restartedMain] o.s.boot.tomcat.TomcatWebServer          : Tomcat initialized with port 8081 (http)
2026-09-23 09:50:43.489  INFO 872 --- [fifa] [restartedMain] o.apache.catalina.core.StandardService   : Starting service [Tomcat]
2026-09-23 09:50:43.489  INFO 872 --- [fifa] [restartedMain] o.apache.catalina.core.StandardEngine    : Starting Servlet engine: [Apache Tomcat/11.0.24]
2026-09-23 09:50:43.509  INFO 872 --- [fifa] [restartedMain] b.w.c.s.WebApplicationContextInitializer : Root WebApplicationContext: initialization completed in 229 ms
2026-09-23 09:50:43.533  INFO 872 --- [fifa] [restartedMain] org.hibernate.orm.jpa                    : HHH008540: Processing PersistenceUnitInfo [name: default]
2026-09-23 09:50:43.564  INFO 872 --- [fifa] [restartedMain] o.s.o.j.p.SpringPersistenceUnitInfo      : No LoadTimeWeaver setup: ignoring JPA class transformer
2026-09-23 09:50:43.565  INFO 872 --- [fifa] [restartedMain] com.zaxxer.hikari.HikariDataSource       : HikariPool-23 - Starting...
2026-09-23 09:50:43.566  INFO 872 --- [fifa] [restartedMain] com.zaxxer.hikari.pool.HikariPool        : HikariPool-23 - Added connection conn98: url=jdbc:h2:mem:db-kevin user=POSTGRES
2026-09-23 09:50:43.567  INFO 872 --- [fifa] [restartedMain] com.zaxxer.hikari.HikariDataSource       : HikariPool-23 - Start completed.
2026-09-23 09:50:43.567  INFO 872 --- [fifa] [restartedMain] org.hibernate.orm.connections.pooling    : HHH10001005: Database info:
	Database JDBC URL [jdbc:h2:mem:db-kevin]
	Database driver: H2 JDBC Driver
	Database dialect: H2Dialect
	Database version: 2.4.240
	Default catalog/schema: DB-KEVIN/PUBLIC
	Autocommit mode: undefined/unknown
	Isolation level: READ_COMMITTED [default READ_COMMITTED]
	JDBC fetch size: 100
	Pool: DataSourceConnectionProvider
	Minimum pool size: undefined/unknown
	Maximum pool size: undefined/unknown
2026-09-23 09:50:43.641  INFO 872 --- [fifa] [restartedMain] org.hibernate.orm.core                   : HHH000489: No JTA platform available (set 'hibernate.transaction.jta.platform' to enable JTA platform integration)
2026-09-23 09:50:43.646  INFO 872 --- [fifa] [restartedMain] j.LocalContainerEntityManagerFactoryBean : Initialized JPA EntityManagerFactory for persistence unit 'default'
2026-09-23 09:50:43.714  WARN 872 --- [fifa] [restartedMain] JpaBaseConfiguration$JpaWebConfiguration : spring.jpa.open-in-view is enabled by default. Therefore, database queries may be performed during view rendering. Explicitly configure spring.jpa.open-in-view to disable this warning
2026-09-23 09:50:43.760  INFO 872 --- [fifa] [restartedMain] o.s.b.h.a.H2ConsoleAutoConfiguration     : H2 console available at '/h2-console'. Database available at 'jdbc:h2:mem:db-kevin'
2026-09-23 09:50:43.775  INFO 872 --- [fifa] [restartedMain] o.s.boot.tomcat.TomcatWebServer          : Tomcat started on port 8081 (http) with context path '/fifaparcial'
2026-09-23 09:50:43.776  INFO 872 --- [fifa] [restartedMain] com.example.demo.DemoApplication         : Started DemoApplication in 0.525 seconds (process running for 735.892)
2026-09-23 09:50:43.777  INFO 872 --- [fifa] [restartedMain] .ConditionEvaluationDeltaLoggingListener : Condition evaluation unchanged
2026-09-23 09:51:06.535  INFO 872 --- [fifa] [File Watcher] rtingClassPathChangeChangedEventListener : Restarting due to 1 class path change (0 additions, 0 deletions, 1 modification)
2026-09-23 09:51:06.536  INFO 872 --- [fifa] [Thread-84] o.s.boot.tomcat.GracefulShutdown         : Commencing graceful shutdown. Waiting for active requests to complete
2026-09-23 09:51:06.558  INFO 872 --- [fifa] [tomcat-shutdown] o.s.boot.tomcat.GracefulShutdown         : Graceful shutdown complete
2026-09-23 09:51:06.559  INFO 872 --- [fifa] [Thread-84] j.LocalContainerEntityManagerFactoryBean : Closing JPA EntityManagerFactory for persistence unit 'default'
2026-09-23 09:51:06.561  WARN 872 --- [fifa] [Thread-84] o.s.b.f.support.DisposableBeanAdapter    : Invocation of destroy method failed on bean with name 'inMemoryDatabaseShutdownExecutor': org.h2.jdbc.JdbcSQLNonTransientConnectionException: La base de datos ya esta cerrada (para des-habilitar el cerrado automatico durante el shutdown de la VM, agregue ";DB_CLOSE_ON_EXIT=FALSE" a la URL de conexión)
Database is already closed (to disable automatic closing at VM shutdown, add ";DB_CLOSE_ON_EXIT=FALSE" to the db URL) [90121-240]
2026-09-23 09:51:06.562  INFO 872 --- [fifa] [Thread-84] com.zaxxer.hikari.HikariDataSource       : HikariPool-23 - Shutdown initiated...
2026-09-23 09:51:06.562  INFO 872 --- [fifa] [Thread-84] com.zaxxer.hikari.HikariDataSource       : HikariPool-23 - Shutdown completed.
2026-09-23 09:51:06.643  INFO 872 --- [fifa] [restartedMain] com.example.demo.DemoApplication         : Starting DemoApplication using Java 24.0.2 with PID 872 (C:\Users\flore\Documents\UNIVERSIDAD\Sexto Semestre\Compunet 2\SpringBoot\PreParcial_CopaMundial\demo\target\classes started by flore in C:\Users\flore\Documents\UNIVERSIDAD\Sexto Semestre\Compunet 2\SpringBoot\PreParcial_CopaMundial\demo)
2026-09-23 09:51:06.643  INFO 872 --- [fifa] [restartedMain] com.example.demo.DemoApplication         : The following 1 profile is active: "dev"
2026-09-23 09:51:06.767  INFO 872 --- [fifa] [restartedMain] .s.d.r.c.RepositoryConfigurationDelegate : Bootstrapping Spring Data JPA repositories in DEFAULT mode.
2026-09-23 09:51:06.783  INFO 872 --- [fifa] [restartedMain] .s.d.r.c.RepositoryConfigurationDelegate : Finished Spring Data repository scanning in 14 ms. Found 5 JPA repository interfaces.
2026-09-23 09:51:06.834  INFO 872 --- [fifa] [restartedMain] o.s.boot.tomcat.TomcatWebServer          : Tomcat initialized with port 8081 (http)
2026-09-23 09:51:06.835  INFO 872 --- [fifa] [restartedMain] o.apache.catalina.core.StandardService   : Starting service [Tomcat]
2026-09-23 09:51:06.835  INFO 872 --- [fifa] [restartedMain] o.apache.catalina.core.StandardEngine    : Starting Servlet engine: [Apache Tomcat/11.0.24]
2026-09-23 09:51:06.856  INFO 872 --- [fifa] [restartedMain] b.w.c.s.WebApplicationContextInitializer : Root WebApplicationContext: initialization completed in 212 ms
2026-09-23 09:51:06.879  INFO 872 --- [fifa] [restartedMain] org.hibernate.orm.jpa                    : HHH008540: Processing PersistenceUnitInfo [name: default]
2026-09-23 09:51:06.911  INFO 872 --- [fifa] [restartedMain] o.s.o.j.p.SpringPersistenceUnitInfo      : No LoadTimeWeaver setup: ignoring JPA class transformer
2026-09-23 09:51:06.912  INFO 872 --- [fifa] [restartedMain] com.zaxxer.hikari.HikariDataSource       : HikariPool-24 - Starting...
2026-09-23 09:51:06.913  INFO 872 --- [fifa] [restartedMain] com.zaxxer.hikari.pool.HikariPool        : HikariPool-24 - Added connection conn103: url=jdbc:h2:mem:db-kevin user=POSTGRES
2026-09-23 09:51:06.913  INFO 872 --- [fifa] [restartedMain] com.zaxxer.hikari.HikariDataSource       : HikariPool-24 - Start completed.
2026-09-23 09:51:06.914  INFO 872 --- [fifa] [restartedMain] org.hibernate.orm.connections.pooling    : HHH10001005: Database info:
	Database JDBC URL [jdbc:h2:mem:db-kevin]
	Database driver: H2 JDBC Driver
	Database dialect: H2Dialect
	Database version: 2.4.240
	Default catalog/schema: DB-KEVIN/PUBLIC
	Autocommit mode: undefined/unknown
	Isolation level: READ_COMMITTED [default READ_COMMITTED]
	JDBC fetch size: 100
	Pool: DataSourceConnectionProvider
	Minimum pool size: undefined/unknown
	Maximum pool size: undefined/unknown
2026-09-23 09:51:06.990  INFO 872 --- [fifa] [restartedMain] org.hibernate.orm.core                   : HHH000489: No JTA platform available (set 'hibernate.transaction.jta.platform' to enable JTA platform integration)
2026-09-23 09:51:07.000  INFO 872 --- [fifa] [restartedMain] j.LocalContainerEntityManagerFactoryBean : Initialized JPA EntityManagerFactory for persistence unit 'default'
2026-09-23 09:51:07.138  WARN 872 --- [fifa] [restartedMain] JpaBaseConfiguration$JpaWebConfiguration : spring.jpa.open-in-view is enabled by default. Therefore, database queries may be performed during view rendering. Explicitly configure spring.jpa.open-in-view to disable this warning
2026-09-23 09:51:07.219  INFO 872 --- [fifa] [restartedMain] o.s.b.h.a.H2ConsoleAutoConfiguration     : H2 console available at '/h2-console'. Database available at 'jdbc:h2:mem:db-kevin'
2026-09-23 09:51:07.237  INFO 872 --- [fifa] [restartedMain] o.s.boot.tomcat.TomcatWebServer          : Tomcat started on port 8081 (http) with context path '/fifaparcial'
2026-09-23 09:51:07.239  INFO 872 --- [fifa] [restartedMain] com.example.demo.DemoApplication         : Started DemoApplication in 0.618 seconds (process running for 759.355)
2026-09-23 09:51:07.240  INFO 872 --- [fifa] [restartedMain] .ConditionEvaluationDeltaLoggingListener : Condition evaluation unchanged
2026-09-23 09:51:21.926  INFO 872 --- [fifa] [File Watcher] rtingClassPathChangeChangedEventListener : Restarting due to 1 class path change (0 additions, 0 deletions, 1 modification)
2026-09-23 09:51:21.928  INFO 872 --- [fifa] [Thread-88] o.s.boot.tomcat.GracefulShutdown         : Commencing graceful shutdown. Waiting for active requests to complete
2026-09-23 09:51:21.952  INFO 872 --- [fifa] [tomcat-shutdown] o.s.boot.tomcat.GracefulShutdown         : Graceful shutdown complete
2026-09-23 09:51:21.953  INFO 872 --- [fifa] [Thread-88] j.LocalContainerEntityManagerFactoryBean : Closing JPA EntityManagerFactory for persistence unit 'default'
2026-09-23 09:51:21.955  WARN 872 --- [fifa] [Thread-88] o.s.b.f.support.DisposableBeanAdapter    : Invocation of destroy method failed on bean with name 'inMemoryDatabaseShutdownExecutor': org.h2.jdbc.JdbcSQLNonTransientConnectionException: La base de datos ya esta cerrada (para des-habilitar el cerrado automatico durante el shutdown de la VM, agregue ";DB_CLOSE_ON_EXIT=FALSE" a la URL de conexión)
Database is already closed (to disable automatic closing at VM shutdown, add ";DB_CLOSE_ON_EXIT=FALSE" to the db URL) [90121-240]
2026-09-23 09:51:21.955  INFO 872 --- [fifa] [Thread-88] com.zaxxer.hikari.HikariDataSource       : HikariPool-24 - Shutdown initiated...
2026-09-23 09:51:21.956  INFO 872 --- [fifa] [Thread-88] com.zaxxer.hikari.HikariDataSource       : HikariPool-24 - Shutdown completed.
2026-09-23 09:51:22.034  INFO 872 --- [fifa] [restartedMain] com.example.demo.DemoApplication         : Starting DemoApplication using Java 24.0.2 with PID 872 (C:\Users\flore\Documents\UNIVERSIDAD\Sexto Semestre\Compunet 2\SpringBoot\PreParcial_CopaMundial\demo\target\classes started by flore in C:\Users\flore\Documents\UNIVERSIDAD\Sexto Semestre\Compunet 2\SpringBoot\PreParcial_CopaMundial\demo)
2026-09-23 09:51:22.034  INFO 872 --- [fifa] [restartedMain] com.example.demo.DemoApplication         : The following 1 profile is active: "dev"
2026-09-23 09:51:22.160  INFO 872 --- [fifa] [restartedMain] .s.d.r.c.RepositoryConfigurationDelegate : Bootstrapping Spring Data JPA repositories in DEFAULT mode.
2026-09-23 09:51:22.176  INFO 872 --- [fifa] [restartedMain] .s.d.r.c.RepositoryConfigurationDelegate : Finished Spring Data repository scanning in 13 ms. Found 5 JPA repository interfaces.
2026-09-23 09:51:22.244  INFO 872 --- [fifa] [restartedMain] o.s.boot.tomcat.TomcatWebServer          : Tomcat initialized with port 8081 (http)
2026-09-23 09:51:22.245  INFO 872 --- [fifa] [restartedMain] o.apache.catalina.core.StandardService   : Starting service [Tomcat]
2026-09-23 09:51:22.245  INFO 872 --- [fifa] [restartedMain] o.apache.catalina.core.StandardEngine    : Starting Servlet engine: [Apache Tomcat/11.0.24]
2026-09-23 09:51:22.268  INFO 872 --- [fifa] [restartedMain] b.w.c.s.WebApplicationContextInitializer : Root WebApplicationContext: initialization completed in 233 ms
2026-09-23 09:51:22.300  INFO 872 --- [fifa] [restartedMain] org.hibernate.orm.jpa                    : HHH008540: Processing PersistenceUnitInfo [name: default]
2026-09-23 09:51:22.334  INFO 872 --- [fifa] [restartedMain] o.s.o.j.p.SpringPersistenceUnitInfo      : No LoadTimeWeaver setup: ignoring JPA class transformer
2026-09-23 09:51:22.335  INFO 872 --- [fifa] [restartedMain] com.zaxxer.hikari.HikariDataSource       : HikariPool-25 - Starting...
2026-09-23 09:51:22.336  INFO 872 --- [fifa] [restartedMain] com.zaxxer.hikari.pool.HikariPool        : HikariPool-25 - Added connection conn108: url=jdbc:h2:mem:db-kevin user=POSTGRES
2026-09-23 09:51:22.336  INFO 872 --- [fifa] [restartedMain] com.zaxxer.hikari.HikariDataSource       : HikariPool-25 - Start completed.
2026-09-23 09:51:22.337  INFO 872 --- [fifa] [restartedMain] org.hibernate.orm.connections.pooling    : HHH10001005: Database info:
	Database JDBC URL [jdbc:h2:mem:db-kevin]
	Database driver: H2 JDBC Driver
	Database dialect: H2Dialect
	Database version: 2.4.240
	Default catalog/schema: DB-KEVIN/PUBLIC
	Autocommit mode: undefined/unknown
	Isolation level: READ_COMMITTED [default READ_COMMITTED]
	JDBC fetch size: 100
	Pool: DataSourceConnectionProvider
	Minimum pool size: undefined/unknown
	Maximum pool size: undefined/unknown
2026-09-23 09:51:22.406  INFO 872 --- [fifa] [restartedMain] org.hibernate.orm.core                   : HHH000489: No JTA platform available (set 'hibernate.transaction.jta.platform' to enable JTA platform integration)
2026-09-23 09:51:22.411  INFO 872 --- [fifa] [restartedMain] j.LocalContainerEntityManagerFactoryBean : Initialized JPA EntityManagerFactory for persistence unit 'default'
2026-09-23 09:51:22.475  WARN 872 --- [fifa] [restartedMain] JpaBaseConfiguration$JpaWebConfiguration : spring.jpa.open-in-view is enabled by default. Therefore, database queries may be performed during view rendering. Explicitly configure spring.jpa.open-in-view to disable this warning
2026-09-23 09:51:22.522  INFO 872 --- [fifa] [restartedMain] o.s.b.h.a.H2ConsoleAutoConfiguration     : H2 console available at '/h2-console'. Database available at 'jdbc:h2:mem:db-kevin'
2026-09-23 09:51:22.537  INFO 872 --- [fifa] [restartedMain] o.s.boot.tomcat.TomcatWebServer          : Tomcat started on port 8081 (http) with context path '/fifaparcial'
2026-09-23 09:51:22.539  INFO 872 --- [fifa] [restartedMain] com.example.demo.DemoApplication         : Started DemoApplication in 0.525 seconds (process running for 774.655)
2026-09-23 09:51:22.539  INFO 872 --- [fifa] [restartedMain] .ConditionEvaluationDeltaLoggingListener : Condition evaluation unchanged
2026-09-23 09:51:37.159  INFO 872 --- [fifa] [File Watcher] rtingClassPathChangeChangedEventListener : Restarting due to 1 class path change (0 additions, 0 deletions, 1 modification)
2026-09-23 09:51:37.160  INFO 872 --- [fifa] [Thread-92] o.s.boot.tomcat.GracefulShutdown         : Commencing graceful shutdown. Waiting for active requests to complete
2026-09-23 09:51:37.183  INFO 872 --- [fifa] [tomcat-shutdown] o.s.boot.tomcat.GracefulShutdown         : Graceful shutdown complete
2026-09-23 09:51:37.185  INFO 872 --- [fifa] [Thread-92] j.LocalContainerEntityManagerFactoryBean : Closing JPA EntityManagerFactory for persistence unit 'default'
2026-09-23 09:51:37.186  WARN 872 --- [fifa] [Thread-92] o.s.b.f.support.DisposableBeanAdapter    : Invocation of destroy method failed on bean with name 'inMemoryDatabaseShutdownExecutor': org.h2.jdbc.JdbcSQLNonTransientConnectionException: La base de datos ya esta cerrada (para des-habilitar el cerrado automatico durante el shutdown de la VM, agregue ";DB_CLOSE_ON_EXIT=FALSE" a la URL de conexión)
Database is already closed (to disable automatic closing at VM shutdown, add ";DB_CLOSE_ON_EXIT=FALSE" to the db URL) [90121-240]
2026-09-23 09:51:37.186  INFO 872 --- [fifa] [Thread-92] com.zaxxer.hikari.HikariDataSource       : HikariPool-25 - Shutdown initiated...
2026-09-23 09:51:37.187  INFO 872 --- [fifa] [Thread-92] com.zaxxer.hikari.HikariDataSource       : HikariPool-25 - Shutdown completed.
2026-09-23 09:51:37.287  INFO 872 --- [fifa] [restartedMain] com.example.demo.DemoApplication         : Starting DemoApplication using Java 24.0.2 with PID 872 (C:\Users\flore\Documents\UNIVERSIDAD\Sexto Semestre\Compunet 2\SpringBoot\PreParcial_CopaMundial\demo\target\classes started by flore in C:\Users\flore\Documents\UNIVERSIDAD\Sexto Semestre\Compunet 2\SpringBoot\PreParcial_CopaMundial\demo)
2026-09-23 09:51:37.288  INFO 872 --- [fifa] [restartedMain] com.example.demo.DemoApplication         : The following 1 profile is active: "dev"
2026-09-23 09:51:37.431  INFO 872 --- [fifa] [restartedMain] .s.d.r.c.RepositoryConfigurationDelegate : Bootstrapping Spring Data JPA repositories in DEFAULT mode.
2026-09-23 09:51:37.448  INFO 872 --- [fifa] [restartedMain] .s.d.r.c.RepositoryConfigurationDelegate : Finished Spring Data repository scanning in 14 ms. Found 5 JPA repository interfaces.
2026-09-23 09:51:37.503  INFO 872 --- [fifa] [restartedMain] o.s.boot.tomcat.TomcatWebServer          : Tomcat initialized with port 8081 (http)
2026-09-23 09:51:37.503  INFO 872 --- [fifa] [restartedMain] o.apache.catalina.core.StandardService   : Starting service [Tomcat]
2026-09-23 09:51:37.503  INFO 872 --- [fifa] [restartedMain] o.apache.catalina.core.StandardEngine    : Starting Servlet engine: [Apache Tomcat/11.0.24]
2026-09-23 09:51:37.523  INFO 872 --- [fifa] [restartedMain] b.w.c.s.WebApplicationContextInitializer : Root WebApplicationContext: initialization completed in 234 ms
2026-09-23 09:51:37.551  INFO 872 --- [fifa] [restartedMain] org.hibernate.orm.jpa                    : HHH008540: Processing PersistenceUnitInfo [name: default]
2026-09-23 09:51:37.580  INFO 872 --- [fifa] [restartedMain] o.s.o.j.p.SpringPersistenceUnitInfo      : No LoadTimeWeaver setup: ignoring JPA class transformer
2026-09-23 09:51:37.581  INFO 872 --- [fifa] [restartedMain] com.zaxxer.hikari.HikariDataSource       : HikariPool-26 - Starting...
2026-09-23 09:51:37.583  INFO 872 --- [fifa] [restartedMain] com.zaxxer.hikari.pool.HikariPool        : HikariPool-26 - Added connection conn113: url=jdbc:h2:mem:db-kevin user=POSTGRES
2026-09-23 09:51:37.583  INFO 872 --- [fifa] [restartedMain] com.zaxxer.hikari.HikariDataSource       : HikariPool-26 - Start completed.
2026-09-23 09:51:37.584  INFO 872 --- [fifa] [restartedMain] org.hibernate.orm.connections.pooling    : HHH10001005: Database info:
	Database JDBC URL [jdbc:h2:mem:db-kevin]
	Database driver: H2 JDBC Driver
	Database dialect: H2Dialect
	Database version: 2.4.240
	Default catalog/schema: DB-KEVIN/PUBLIC
	Autocommit mode: undefined/unknown
	Isolation level: READ_COMMITTED [default READ_COMMITTED]
	JDBC fetch size: 100
	Pool: DataSourceConnectionProvider
	Minimum pool size: undefined/unknown
	Maximum pool size: undefined/unknown
2026-09-23 09:51:37.666  INFO 872 --- [fifa] [restartedMain] org.hibernate.orm.core                   : HHH000489: No JTA platform available (set 'hibernate.transaction.jta.platform' to enable JTA platform integration)
2026-09-23 09:51:37.671  INFO 872 --- [fifa] [restartedMain] j.LocalContainerEntityManagerFactoryBean : Initialized JPA EntityManagerFactory for persistence unit 'default'
2026-09-23 09:51:37.736  WARN 872 --- [fifa] [restartedMain] JpaBaseConfiguration$JpaWebConfiguration : spring.jpa.open-in-view is enabled by default. Therefore, database queries may be performed during view rendering. Explicitly configure spring.jpa.open-in-view to disable this warning
2026-09-23 09:51:37.784  INFO 872 --- [fifa] [restartedMain] o.s.b.h.a.H2ConsoleAutoConfiguration     : H2 console available at '/h2-console'. Database available at 'jdbc:h2:mem:db-kevin'
2026-09-23 09:51:37.799  INFO 872 --- [fifa] [restartedMain] o.s.boot.tomcat.TomcatWebServer          : Tomcat started on port 8081 (http) with context path '/fifaparcial'
2026-09-23 09:51:37.800  INFO 872 --- [fifa] [restartedMain] com.example.demo.DemoApplication         : Started DemoApplication in 0.541 seconds (process running for 789.917)
2026-09-23 09:51:37.802  INFO 872 --- [fifa] [restartedMain] .ConditionEvaluationDeltaLoggingListener : Condition evaluation unchanged
2026-09-23 09:51:48.753  INFO 872 --- [fifa] [File Watcher] rtingClassPathChangeChangedEventListener : Restarting due to 1 class path change (0 additions, 0 deletions, 1 modification)
2026-09-23 09:51:48.754  INFO 872 --- [fifa] [Thread-96] o.s.boot.tomcat.GracefulShutdown         : Commencing graceful shutdown. Waiting for active requests to complete
2026-09-23 09:51:48.784  INFO 872 --- [fifa] [tomcat-shutdown] o.s.boot.tomcat.GracefulShutdown         : Graceful shutdown complete
2026-09-23 09:51:48.785  INFO 872 --- [fifa] [Thread-96] j.LocalContainerEntityManagerFactoryBean : Closing JPA EntityManagerFactory for persistence unit 'default'
2026-09-23 09:51:48.787  WARN 872 --- [fifa] [Thread-96] o.s.b.f.support.DisposableBeanAdapter    : Invocation of destroy method failed on bean with name 'inMemoryDatabaseShutdownExecutor': org.h2.jdbc.JdbcSQLNonTransientConnectionException: La base de datos ya esta cerrada (para des-habilitar el cerrado automatico durante el shutdown de la VM, agregue ";DB_CLOSE_ON_EXIT=FALSE" a la URL de conexión)
Database is already closed (to disable automatic closing at VM shutdown, add ";DB_CLOSE_ON_EXIT=FALSE" to the db URL) [90121-240]
2026-09-23 09:51:48.788  INFO 872 --- [fifa] [Thread-96] com.zaxxer.hikari.HikariDataSource       : HikariPool-26 - Shutdown initiated...
2026-09-23 09:51:48.788  INFO 872 --- [fifa] [Thread-96] com.zaxxer.hikari.HikariDataSource       : HikariPool-26 - Shutdown completed.
2026-09-23 09:51:48.910  INFO 872 --- [fifa] [restartedMain] com.example.demo.DemoApplication         : Starting DemoApplication using Java 24.0.2 with PID 872 (C:\Users\flore\Documents\UNIVERSIDAD\Sexto Semestre\Compunet 2\SpringBoot\PreParcial_CopaMundial\demo\target\classes started by flore in C:\Users\flore\Documents\UNIVERSIDAD\Sexto Semestre\Compunet 2\SpringBoot\PreParcial_CopaMundial\demo)
2026-09-23 09:51:48.910  INFO 872 --- [fifa] [restartedMain] com.example.demo.DemoApplication         : The following 1 profile is active: "dev"
2026-09-23 09:51:49.098  INFO 872 --- [fifa] [restartedMain] .s.d.r.c.RepositoryConfigurationDelegate : Bootstrapping Spring Data JPA repositories in DEFAULT mode.
2026-09-23 09:51:49.118  INFO 872 --- [fifa] [restartedMain] .s.d.r.c.RepositoryConfigurationDelegate : Finished Spring Data repository scanning in 18 ms. Found 5 JPA repository interfaces.
2026-09-23 09:51:49.196  INFO 872 --- [fifa] [restartedMain] o.s.boot.tomcat.TomcatWebServer          : Tomcat initialized with port 8081 (http)
2026-09-23 09:51:49.197  INFO 872 --- [fifa] [restartedMain] o.apache.catalina.core.StandardService   : Starting service [Tomcat]
2026-09-23 09:51:49.197  INFO 872 --- [fifa] [restartedMain] o.apache.catalina.core.StandardEngine    : Starting Servlet engine: [Apache Tomcat/11.0.24]
2026-09-23 09:51:49.225  INFO 872 --- [fifa] [restartedMain] b.w.c.s.WebApplicationContextInitializer : Root WebApplicationContext: initialization completed in 312 ms
2026-09-23 09:51:49.280  INFO 872 --- [fifa] [restartedMain] org.hibernate.orm.jpa                    : HHH008540: Processing PersistenceUnitInfo [name: default]
2026-09-23 09:51:49.329  INFO 872 --- [fifa] [restartedMain] o.s.o.j.p.SpringPersistenceUnitInfo      : No LoadTimeWeaver setup: ignoring JPA class transformer
2026-09-23 09:51:49.330  INFO 872 --- [fifa] [restartedMain] com.zaxxer.hikari.HikariDataSource       : HikariPool-27 - Starting...
2026-09-23 09:51:49.332  INFO 872 --- [fifa] [restartedMain] com.zaxxer.hikari.pool.HikariPool        : HikariPool-27 - Added connection conn118: url=jdbc:h2:mem:db-kevin user=POSTGRES
2026-09-23 09:51:49.332  INFO 872 --- [fifa] [restartedMain] com.zaxxer.hikari.HikariDataSource       : HikariPool-27 - Start completed.
2026-09-23 09:51:49.333  INFO 872 --- [fifa] [restartedMain] org.hibernate.orm.connections.pooling    : HHH10001005: Database info:
	Database JDBC URL [jdbc:h2:mem:db-kevin]
	Database driver: H2 JDBC Driver
	Database dialect: H2Dialect
	Database version: 2.4.240
	Default catalog/schema: DB-KEVIN/PUBLIC
	Autocommit mode: undefined/unknown
	Isolation level: READ_COMMITTED [default READ_COMMITTED]
	JDBC fetch size: 100
	Pool: DataSourceConnectionProvider
	Minimum pool size: undefined/unknown
	Maximum pool size: undefined/unknown
2026-09-23 09:51:49.480  INFO 872 --- [fifa] [restartedMain] org.hibernate.orm.core                   : HHH000489: No JTA platform available (set 'hibernate.transaction.jta.platform' to enable JTA platform integration)
2026-09-23 09:51:49.511  INFO 872 --- [fifa] [restartedMain] j.LocalContainerEntityManagerFactoryBean : Initialized JPA EntityManagerFactory for persistence unit 'default'
2026-09-23 09:51:49.660  WARN 872 --- [fifa] [restartedMain] JpaBaseConfiguration$JpaWebConfiguration : spring.jpa.open-in-view is enabled by default. Therefore, database queries may be performed during view rendering. Explicitly configure spring.jpa.open-in-view to disable this warning
2026-09-23 09:51:49.743  INFO 872 --- [fifa] [restartedMain] o.s.b.h.a.H2ConsoleAutoConfiguration     : H2 console available at '/h2-console'. Database available at 'jdbc:h2:mem:db-kevin'
2026-09-23 09:51:49.767  INFO 872 --- [fifa] [restartedMain] o.s.boot.tomcat.TomcatWebServer          : Tomcat started on port 8081 (http) with context path '/fifaparcial'
2026-09-23 09:51:49.770  INFO 872 --- [fifa] [restartedMain] com.example.demo.DemoApplication         : Started DemoApplication in 0.889 seconds (process running for 801.886)
2026-09-23 09:51:49.771  INFO 872 --- [fifa] [restartedMain] .ConditionEvaluationDeltaLoggingListener : Condition evaluation unchanged
2026-09-23 09:52:02.302  INFO 872 --- [fifa] [File Watcher] rtingClassPathChangeChangedEventListener : Restarting due to 1 class path change (0 additions, 0 deletions, 1 modification)
2026-09-23 09:52:02.302  INFO 872 --- [fifa] [Thread-100] o.s.boot.tomcat.GracefulShutdown         : Commencing graceful shutdown. Waiting for active requests to complete
2026-09-23 09:52:02.329  INFO 872 --- [fifa] [tomcat-shutdown] o.s.boot.tomcat.GracefulShutdown         : Graceful shutdown complete
2026-09-23 09:52:02.331  INFO 872 --- [fifa] [Thread-100] j.LocalContainerEntityManagerFactoryBean : Closing JPA EntityManagerFactory for persistence unit 'default'
2026-09-23 09:52:02.332  WARN 872 --- [fifa] [Thread-100] o.s.b.f.support.DisposableBeanAdapter    : Invocation of destroy method failed on bean with name 'inMemoryDatabaseShutdownExecutor': org.h2.jdbc.JdbcSQLNonTransientConnectionException: La base de datos ya esta cerrada (para des-habilitar el cerrado automatico durante el shutdown de la VM, agregue ";DB_CLOSE_ON_EXIT=FALSE" a la URL de conexión)
Database is already closed (to disable automatic closing at VM shutdown, add ";DB_CLOSE_ON_EXIT=FALSE" to the db URL) [90121-240]
2026-09-23 09:52:02.332  INFO 872 --- [fifa] [Thread-100] com.zaxxer.hikari.HikariDataSource       : HikariPool-27 - Shutdown initiated...
2026-09-23 09:52:02.333  INFO 872 --- [fifa] [Thread-100] com.zaxxer.hikari.HikariDataSource       : HikariPool-27 - Shutdown completed.
2026-09-23 09:52:02.420  INFO 872 --- [fifa] [restartedMain] com.example.demo.DemoApplication         : Starting DemoApplication using Java 24.0.2 with PID 872 (C:\Users\flore\Documents\UNIVERSIDAD\Sexto Semestre\Compunet 2\SpringBoot\PreParcial_CopaMundial\demo\target\classes started by flore in C:\Users\flore\Documents\UNIVERSIDAD\Sexto Semestre\Compunet 2\SpringBoot\PreParcial_CopaMundial\demo)
2026-09-23 09:52:02.420  INFO 872 --- [fifa] [restartedMain] com.example.demo.DemoApplication         : The following 1 profile is active: "dev"
2026-09-23 09:52:02.608  INFO 872 --- [fifa] [restartedMain] .s.d.r.c.RepositoryConfigurationDelegate : Bootstrapping Spring Data JPA repositories in DEFAULT mode.
2026-09-23 09:52:02.623  INFO 872 --- [fifa] [restartedMain] .s.d.r.c.RepositoryConfigurationDelegate : Finished Spring Data repository scanning in 13 ms. Found 5 JPA repository interfaces.
2026-09-23 09:52:02.682  INFO 872 --- [fifa] [restartedMain] o.s.boot.tomcat.TomcatWebServer          : Tomcat initialized with port 8081 (http)
2026-09-23 09:52:02.683  INFO 872 --- [fifa] [restartedMain] o.apache.catalina.core.StandardService   : Starting service [Tomcat]
2026-09-23 09:52:02.683  INFO 872 --- [fifa] [restartedMain] o.apache.catalina.core.StandardEngine    : Starting Servlet engine: [Apache Tomcat/11.0.24]
2026-09-23 09:52:02.702  INFO 872 --- [fifa] [restartedMain] b.w.c.s.WebApplicationContextInitializer : Root WebApplicationContext: initialization completed in 278 ms
2026-09-23 09:52:02.725  INFO 872 --- [fifa] [restartedMain] org.hibernate.orm.jpa                    : HHH008540: Processing PersistenceUnitInfo [name: default]
2026-09-23 09:52:02.758  INFO 872 --- [fifa] [restartedMain] o.s.o.j.p.SpringPersistenceUnitInfo      : No LoadTimeWeaver setup: ignoring JPA class transformer
2026-09-23 09:52:02.759  INFO 872 --- [fifa] [restartedMain] com.zaxxer.hikari.HikariDataSource       : HikariPool-28 - Starting...
2026-09-23 09:52:02.760  INFO 872 --- [fifa] [restartedMain] com.zaxxer.hikari.pool.HikariPool        : HikariPool-28 - Added connection conn123: url=jdbc:h2:mem:db-kevin user=POSTGRES
2026-09-23 09:52:02.761  INFO 872 --- [fifa] [restartedMain] com.zaxxer.hikari.HikariDataSource       : HikariPool-28 - Start completed.
2026-09-23 09:52:02.761  INFO 872 --- [fifa] [restartedMain] org.hibernate.orm.connections.pooling    : HHH10001005: Database info:
	Database JDBC URL [jdbc:h2:mem:db-kevin]
	Database driver: H2 JDBC Driver
	Database dialect: H2Dialect
	Database version: 2.4.240
	Default catalog/schema: DB-KEVIN/PUBLIC
	Autocommit mode: undefined/unknown
	Isolation level: READ_COMMITTED [default READ_COMMITTED]
	JDBC fetch size: 100
	Pool: DataSourceConnectionProvider
	Minimum pool size: undefined/unknown
	Maximum pool size: undefined/unknown
2026-09-23 09:52:02.833  INFO 872 --- [fifa] [restartedMain] org.hibernate.orm.core                   : HHH000489: No JTA platform available (set 'hibernate.transaction.jta.platform' to enable JTA platform integration)
2026-09-23 09:52:02.839  INFO 872 --- [fifa] [restartedMain] j.LocalContainerEntityManagerFactoryBean : Initialized JPA EntityManagerFactory for persistence unit 'default'
2026-09-23 09:52:02.909  WARN 872 --- [fifa] [restartedMain] JpaBaseConfiguration$JpaWebConfiguration : spring.jpa.open-in-view is enabled by default. Therefore, database queries may be performed during view rendering. Explicitly configure spring.jpa.open-in-view to disable this warning
2026-09-23 09:52:02.955  INFO 872 --- [fifa] [restartedMain] o.s.b.h.a.H2ConsoleAutoConfiguration     : H2 console available at '/h2-console'. Database available at 'jdbc:h2:mem:db-kevin'
2026-09-23 09:52:02.970  INFO 872 --- [fifa] [restartedMain] o.s.boot.tomcat.TomcatWebServer          : Tomcat started on port 8081 (http) with context path '/fifaparcial'
2026-09-23 09:52:02.972  INFO 872 --- [fifa] [restartedMain] com.example.demo.DemoApplication         : Started DemoApplication in 0.583 seconds (process running for 815.088)
2026-09-23 09:52:02.972  INFO 872 --- [fifa] [restartedMain] .ConditionEvaluationDeltaLoggingListener : Condition evaluation unchanged
2026-09-23 09:52:04.380  INFO 872 --- [fifa] [File Watcher] rtingClassPathChangeChangedEventListener : Restarting due to 1 class path change (0 additions, 0 deletions, 1 modification)
2026-09-23 09:52:04.381  INFO 872 --- [fifa] [Thread-104] o.s.boot.tomcat.GracefulShutdown         : Commencing graceful shutdown. Waiting for active requests to complete
2026-09-23 09:52:04.405  INFO 872 --- [fifa] [tomcat-shutdown] o.s.boot.tomcat.GracefulShutdown         : Graceful shutdown complete
2026-09-23 09:52:04.407  INFO 872 --- [fifa] [Thread-104] j.LocalContainerEntityManagerFactoryBean : Closing JPA EntityManagerFactory for persistence unit 'default'
2026-09-23 09:52:04.408  WARN 872 --- [fifa] [Thread-104] o.s.b.f.support.DisposableBeanAdapter    : Invocation of destroy method failed on bean with name 'inMemoryDatabaseShutdownExecutor': org.h2.jdbc.JdbcSQLNonTransientConnectionException: La base de datos ya esta cerrada (para des-habilitar el cerrado automatico durante el shutdown de la VM, agregue ";DB_CLOSE_ON_EXIT=FALSE" a la URL de conexión)
Database is already closed (to disable automatic closing at VM shutdown, add ";DB_CLOSE_ON_EXIT=FALSE" to the db URL) [90121-240]
2026-09-23 09:52:04.408  INFO 872 --- [fifa] [Thread-104] com.zaxxer.hikari.HikariDataSource       : HikariPool-28 - Shutdown initiated...
2026-09-23 09:52:04.409  INFO 872 --- [fifa] [Thread-104] com.zaxxer.hikari.HikariDataSource       : HikariPool-28 - Shutdown completed.
2026-09-23 09:52:04.500  INFO 872 --- [fifa] [restartedMain] com.example.demo.DemoApplication         : Starting DemoApplication using Java 24.0.2 with PID 872 (C:\Users\flore\Documents\UNIVERSIDAD\Sexto Semestre\Compunet 2\SpringBoot\PreParcial_CopaMundial\demo\target\classes started by flore in C:\Users\flore\Documents\UNIVERSIDAD\Sexto Semestre\Compunet 2\SpringBoot\PreParcial_CopaMundial\demo)
2026-09-23 09:52:04.500  INFO 872 --- [fifa] [restartedMain] com.example.demo.DemoApplication         : The following 1 profile is active: "dev"
2026-09-23 09:52:04.658  INFO 872 --- [fifa] [restartedMain] .s.d.r.c.RepositoryConfigurationDelegate : Bootstrapping Spring Data JPA repositories in DEFAULT mode.
2026-09-23 09:52:04.674  INFO 872 --- [fifa] [restartedMain] .s.d.r.c.RepositoryConfigurationDelegate : Finished Spring Data repository scanning in 14 ms. Found 5 JPA repository interfaces.
2026-09-23 09:52:04.744  INFO 872 --- [fifa] [restartedMain] o.s.boot.tomcat.TomcatWebServer          : Tomcat initialized with port 8081 (http)
2026-09-23 09:52:04.745  INFO 872 --- [fifa] [restartedMain] o.apache.catalina.core.StandardService   : Starting service [Tomcat]
2026-09-23 09:52:04.745  INFO 872 --- [fifa] [restartedMain] o.apache.catalina.core.StandardEngine    : Starting Servlet engine: [Apache Tomcat/11.0.24]
2026-09-23 09:52:04.765  INFO 872 --- [fifa] [restartedMain] b.w.c.s.WebApplicationContextInitializer : Root WebApplicationContext: initialization completed in 264 ms
2026-09-23 09:52:04.789  INFO 872 --- [fifa] [restartedMain] org.hibernate.orm.jpa                    : HHH008540: Processing PersistenceUnitInfo [name: default]
2026-09-23 09:52:04.821  INFO 872 --- [fifa] [restartedMain] o.s.o.j.p.SpringPersistenceUnitInfo      : No LoadTimeWeaver setup: ignoring JPA class transformer
2026-09-23 09:52:04.822  INFO 872 --- [fifa] [restartedMain] com.zaxxer.hikari.HikariDataSource       : HikariPool-29 - Starting...
2026-09-23 09:52:04.823  INFO 872 --- [fifa] [restartedMain] com.zaxxer.hikari.pool.HikariPool        : HikariPool-29 - Added connection conn128: url=jdbc:h2:mem:db-kevin user=POSTGRES
2026-09-23 09:52:04.824  INFO 872 --- [fifa] [restartedMain] com.zaxxer.hikari.HikariDataSource       : HikariPool-29 - Start completed.
2026-09-23 09:52:04.824  INFO 872 --- [fifa] [restartedMain] org.hibernate.orm.connections.pooling    : HHH10001005: Database info:
	Database JDBC URL [jdbc:h2:mem:db-kevin]
	Database driver: H2 JDBC Driver
	Database dialect: H2Dialect
	Database version: 2.4.240
	Default catalog/schema: DB-KEVIN/PUBLIC
	Autocommit mode: undefined/unknown
	Isolation level: READ_COMMITTED [default READ_COMMITTED]
	JDBC fetch size: 100
	Pool: DataSourceConnectionProvider
	Minimum pool size: undefined/unknown
	Maximum pool size: undefined/unknown
2026-09-23 09:52:04.895  INFO 872 --- [fifa] [restartedMain] org.hibernate.orm.core                   : HHH000489: No JTA platform available (set 'hibernate.transaction.jta.platform' to enable JTA platform integration)
2026-09-23 09:52:04.900  INFO 872 --- [fifa] [restartedMain] j.LocalContainerEntityManagerFactoryBean : Initialized JPA EntityManagerFactory for persistence unit 'default'
2026-09-23 09:52:04.969  WARN 872 --- [fifa] [restartedMain] JpaBaseConfiguration$JpaWebConfiguration : spring.jpa.open-in-view is enabled by default. Therefore, database queries may be performed during view rendering. Explicitly configure spring.jpa.open-in-view to disable this warning
2026-09-23 09:52:05.012  INFO 872 --- [fifa] [restartedMain] o.s.b.h.a.H2ConsoleAutoConfiguration     : H2 console available at '/h2-console'. Database available at 'jdbc:h2:mem:db-kevin'
2026-09-23 09:52:05.026  INFO 872 --- [fifa] [restartedMain] o.s.boot.tomcat.TomcatWebServer          : Tomcat started on port 8081 (http) with context path '/fifaparcial'
2026-09-23 09:52:05.028  INFO 872 --- [fifa] [restartedMain] com.example.demo.DemoApplication         : Started DemoApplication in 0.551 seconds (process running for 817.144)
2026-09-23 09:52:05.029  INFO 872 --- [fifa] [restartedMain] .ConditionEvaluationDeltaLoggingListener : Condition evaluation unchanged
2026-09-23 09:53:09.704  INFO 872 --- [fifa] [File Watcher] rtingClassPathChangeChangedEventListener : Restarting due to 1 class path change (0 additions, 0 deletions, 1 modification)
2026-09-23 09:53:09.705  INFO 872 --- [fifa] [Thread-108] o.s.boot.tomcat.GracefulShutdown         : Commencing graceful shutdown. Waiting for active requests to complete
2026-09-23 09:53:09.725  INFO 872 --- [fifa] [tomcat-shutdown] o.s.boot.tomcat.GracefulShutdown         : Graceful shutdown complete
2026-09-23 09:53:09.726  INFO 872 --- [fifa] [Thread-108] j.LocalContainerEntityManagerFactoryBean : Closing JPA EntityManagerFactory for persistence unit 'default'
2026-09-23 09:53:09.728  WARN 872 --- [fifa] [Thread-108] o.s.b.f.support.DisposableBeanAdapter    : Invocation of destroy method failed on bean with name 'inMemoryDatabaseShutdownExecutor': org.h2.jdbc.JdbcSQLNonTransientConnectionException: La base de datos ya esta cerrada (para des-habilitar el cerrado automatico durante el shutdown de la VM, agregue ";DB_CLOSE_ON_EXIT=FALSE" a la URL de conexión)
Database is already closed (to disable automatic closing at VM shutdown, add ";DB_CLOSE_ON_EXIT=FALSE" to the db URL) [90121-240]
2026-09-23 09:53:09.728  INFO 872 --- [fifa] [Thread-108] com.zaxxer.hikari.HikariDataSource       : HikariPool-29 - Shutdown initiated...
2026-09-23 09:53:09.729  INFO 872 --- [fifa] [Thread-108] com.zaxxer.hikari.HikariDataSource       : HikariPool-29 - Shutdown completed.
2026-09-23 09:53:09.814  INFO 872 --- [fifa] [restartedMain] com.example.demo.DemoApplication         : Starting DemoApplication using Java 24.0.2 with PID 872 (C:\Users\flore\Documents\UNIVERSIDAD\Sexto Semestre\Compunet 2\SpringBoot\PreParcial_CopaMundial\demo\target\classes started by flore in C:\Users\flore\Documents\UNIVERSIDAD\Sexto Semestre\Compunet 2\SpringBoot\PreParcial_CopaMundial\demo)
2026-09-23 09:53:09.815  INFO 872 --- [fifa] [restartedMain] com.example.demo.DemoApplication         : The following 1 profile is active: "dev"
2026-09-23 09:53:09.943  INFO 872 --- [fifa] [restartedMain] .s.d.r.c.RepositoryConfigurationDelegate : Bootstrapping Spring Data JPA repositories in DEFAULT mode.
2026-09-23 09:53:09.959  INFO 872 --- [fifa] [restartedMain] .s.d.r.c.RepositoryConfigurationDelegate : Finished Spring Data repository scanning in 15 ms. Found 5 JPA repository interfaces.
2026-09-23 09:53:10.014  INFO 872 --- [fifa] [restartedMain] o.s.boot.tomcat.TomcatWebServer          : Tomcat initialized with port 8081 (http)
2026-09-23 09:53:10.015  INFO 872 --- [fifa] [restartedMain] o.apache.catalina.core.StandardService   : Starting service [Tomcat]
2026-09-23 09:53:10.015  INFO 872 --- [fifa] [restartedMain] o.apache.catalina.core.StandardEngine    : Starting Servlet engine: [Apache Tomcat/11.0.24]
2026-09-23 09:53:10.035  INFO 872 --- [fifa] [restartedMain] b.w.c.s.WebApplicationContextInitializer : Root WebApplicationContext: initialization completed in 219 ms
2026-09-23 09:53:10.064  INFO 872 --- [fifa] [restartedMain] org.hibernate.orm.jpa                    : HHH008540: Processing PersistenceUnitInfo [name: default]
2026-09-23 09:53:10.096  INFO 872 --- [fifa] [restartedMain] o.s.o.j.p.SpringPersistenceUnitInfo      : No LoadTimeWeaver setup: ignoring JPA class transformer
2026-09-23 09:53:10.097  INFO 872 --- [fifa] [restartedMain] com.zaxxer.hikari.HikariDataSource       : HikariPool-30 - Starting...
2026-09-23 09:53:10.099  INFO 872 --- [fifa] [restartedMain] com.zaxxer.hikari.pool.HikariPool        : HikariPool-30 - Added connection conn133: url=jdbc:h2:mem:db-kevin user=POSTGRES
2026-09-23 09:53:10.099  INFO 872 --- [fifa] [restartedMain] com.zaxxer.hikari.HikariDataSource       : HikariPool-30 - Start completed.
2026-09-23 09:53:10.100  INFO 872 --- [fifa] [restartedMain] org.hibernate.orm.connections.pooling    : HHH10001005: Database info:
	Database JDBC URL [jdbc:h2:mem:db-kevin]
	Database driver: H2 JDBC Driver
	Database dialect: H2Dialect
	Database version: 2.4.240
	Default catalog/schema: DB-KEVIN/PUBLIC
	Autocommit mode: undefined/unknown
	Isolation level: READ_COMMITTED [default READ_COMMITTED]
	JDBC fetch size: 100
	Pool: DataSourceConnectionProvider
	Minimum pool size: undefined/unknown
	Maximum pool size: undefined/unknown
2026-09-23 09:53:10.219  INFO 872 --- [fifa] [restartedMain] org.hibernate.orm.core                   : HHH000489: No JTA platform available (set 'hibernate.transaction.jta.platform' to enable JTA platform integration)
2026-09-23 09:53:10.225  INFO 872 --- [fifa] [restartedMain] j.LocalContainerEntityManagerFactoryBean : Initialized JPA EntityManagerFactory for persistence unit 'default'
2026-09-23 09:53:10.331  WARN 872 --- [fifa] [restartedMain] JpaBaseConfiguration$JpaWebConfiguration : spring.jpa.open-in-view is enabled by default. Therefore, database queries may be performed during view rendering. Explicitly configure spring.jpa.open-in-view to disable this warning
2026-09-23 09:53:10.381  INFO 872 --- [fifa] [restartedMain] o.s.b.h.a.H2ConsoleAutoConfiguration     : H2 console available at '/h2-console'. Database available at 'jdbc:h2:mem:db-kevin'
2026-09-23 09:53:10.397  INFO 872 --- [fifa] [restartedMain] o.s.boot.tomcat.TomcatWebServer          : Tomcat started on port 8081 (http) with context path '/fifaparcial'
2026-09-23 09:53:10.399  INFO 872 --- [fifa] [restartedMain] com.example.demo.DemoApplication         : Started DemoApplication in 0.605 seconds (process running for 882.515)
2026-09-23 09:53:10.400  INFO 872 --- [fifa] [restartedMain] .ConditionEvaluationDeltaLoggingListener : Condition evaluation unchanged
2026-09-23 09:53:28.227  INFO 872 --- [fifa] [File Watcher] rtingClassPathChangeChangedEventListener : Restarting due to 1 class path change (0 additions, 0 deletions, 1 modification)
2026-09-23 09:53:28.228  INFO 872 --- [fifa] [Thread-112] o.s.boot.tomcat.GracefulShutdown         : Commencing graceful shutdown. Waiting for active requests to complete
2026-09-23 09:53:28.248  INFO 872 --- [fifa] [tomcat-shutdown] o.s.boot.tomcat.GracefulShutdown         : Graceful shutdown complete
2026-09-23 09:53:28.250  INFO 872 --- [fifa] [Thread-112] j.LocalContainerEntityManagerFactoryBean : Closing JPA EntityManagerFactory for persistence unit 'default'
2026-09-23 09:53:28.251  WARN 872 --- [fifa] [Thread-112] o.s.b.f.support.DisposableBeanAdapter    : Invocation of destroy method failed on bean with name 'inMemoryDatabaseShutdownExecutor': org.h2.jdbc.JdbcSQLNonTransientConnectionException: La base de datos ya esta cerrada (para des-habilitar el cerrado automatico durante el shutdown de la VM, agregue ";DB_CLOSE_ON_EXIT=FALSE" a la URL de conexión)
Database is already closed (to disable automatic closing at VM shutdown, add ";DB_CLOSE_ON_EXIT=FALSE" to the db URL) [90121-240]
2026-09-23 09:53:28.252  INFO 872 --- [fifa] [Thread-112] com.zaxxer.hikari.HikariDataSource       : HikariPool-30 - Shutdown initiated...
2026-09-23 09:53:28.252  INFO 872 --- [fifa] [Thread-112] com.zaxxer.hikari.HikariDataSource       : HikariPool-30 - Shutdown completed.
2026-09-23 09:53:28.340  INFO 872 --- [fifa] [restartedMain] com.example.demo.DemoApplication         : Starting DemoApplication using Java 24.0.2 with PID 872 (C:\Users\flore\Documents\UNIVERSIDAD\Sexto Semestre\Compunet 2\SpringBoot\PreParcial_CopaMundial\demo\target\classes started by flore in C:\Users\flore\Documents\UNIVERSIDAD\Sexto Semestre\Compunet 2\SpringBoot\PreParcial_CopaMundial\demo)
2026-09-23 09:53:28.341  INFO 872 --- [fifa] [restartedMain] com.example.demo.DemoApplication         : The following 1 profile is active: "dev"
2026-09-23 09:53:28.476  INFO 872 --- [fifa] [restartedMain] .s.d.r.c.RepositoryConfigurationDelegate : Bootstrapping Spring Data JPA repositories in DEFAULT mode.
2026-09-23 09:53:28.491  INFO 872 --- [fifa] [restartedMain] .s.d.r.c.RepositoryConfigurationDelegate : Finished Spring Data repository scanning in 14 ms. Found 5 JPA repository interfaces.
2026-09-23 09:53:28.545  INFO 872 --- [fifa] [restartedMain] o.s.boot.tomcat.TomcatWebServer          : Tomcat initialized with port 8081 (http)
2026-09-23 09:53:28.545  INFO 872 --- [fifa] [restartedMain] o.apache.catalina.core.StandardService   : Starting service [Tomcat]
2026-09-23 09:53:28.546  INFO 872 --- [fifa] [restartedMain] o.apache.catalina.core.StandardEngine    : Starting Servlet engine: [Apache Tomcat/11.0.24]
2026-09-23 09:53:28.565  INFO 872 --- [fifa] [restartedMain] b.w.c.s.WebApplicationContextInitializer : Root WebApplicationContext: initialization completed in 222 ms
2026-09-23 09:53:28.589  INFO 872 --- [fifa] [restartedMain] org.hibernate.orm.jpa                    : HHH008540: Processing PersistenceUnitInfo [name: default]
2026-09-23 09:53:28.621  INFO 872 --- [fifa] [restartedMain] o.s.o.j.p.SpringPersistenceUnitInfo      : No LoadTimeWeaver setup: ignoring JPA class transformer
2026-09-23 09:53:28.622  INFO 872 --- [fifa] [restartedMain] com.zaxxer.hikari.HikariDataSource       : HikariPool-31 - Starting...
2026-09-23 09:53:28.624  INFO 872 --- [fifa] [restartedMain] com.zaxxer.hikari.pool.HikariPool        : HikariPool-31 - Added connection conn138: url=jdbc:h2:mem:db-kevin user=POSTGRES
2026-09-23 09:53:28.624  INFO 872 --- [fifa] [restartedMain] com.zaxxer.hikari.HikariDataSource       : HikariPool-31 - Start completed.
2026-09-23 09:53:28.624  INFO 872 --- [fifa] [restartedMain] org.hibernate.orm.connections.pooling    : HHH10001005: Database info:
	Database JDBC URL [jdbc:h2:mem:db-kevin]
	Database driver: H2 JDBC Driver
	Database dialect: H2Dialect
	Database version: 2.4.240
	Default catalog/schema: DB-KEVIN/PUBLIC
	Autocommit mode: undefined/unknown
	Isolation level: READ_COMMITTED [default READ_COMMITTED]
	JDBC fetch size: 100
	Pool: DataSourceConnectionProvider
	Minimum pool size: undefined/unknown
	Maximum pool size: undefined/unknown
2026-09-23 09:53:28.709  INFO 872 --- [fifa] [restartedMain] org.hibernate.orm.core                   : HHH000489: No JTA platform available (set 'hibernate.transaction.jta.platform' to enable JTA platform integration)
2026-09-23 09:53:28.715  INFO 872 --- [fifa] [restartedMain] j.LocalContainerEntityManagerFactoryBean : Initialized JPA EntityManagerFactory for persistence unit 'default'
2026-09-23 09:53:28.781  WARN 872 --- [fifa] [restartedMain] JpaBaseConfiguration$JpaWebConfiguration : spring.jpa.open-in-view is enabled by default. Therefore, database queries may be performed during view rendering. Explicitly configure spring.jpa.open-in-view to disable this warning
2026-09-23 09:53:28.827  INFO 872 --- [fifa] [restartedMain] o.s.b.h.a.H2ConsoleAutoConfiguration     : H2 console available at '/h2-console'. Database available at 'jdbc:h2:mem:db-kevin'
2026-09-23 09:53:28.841  INFO 872 --- [fifa] [restartedMain] o.s.boot.tomcat.TomcatWebServer          : Tomcat started on port 8081 (http) with context path '/fifaparcial'
2026-09-23 09:53:28.843  INFO 872 --- [fifa] [restartedMain] com.example.demo.DemoApplication         : Started DemoApplication in 0.524 seconds (process running for 900.96)
2026-09-23 09:53:28.844  INFO 872 --- [fifa] [restartedMain] .ConditionEvaluationDeltaLoggingListener : Condition evaluation unchanged
2026-09-23 09:53:31.278  INFO 872 --- [fifa] [File Watcher] rtingClassPathChangeChangedEventListener : Restarting due to 1 class path change (0 additions, 0 deletions, 1 modification)
2026-09-23 09:53:31.280  INFO 872 --- [fifa] [Thread-116] o.s.boot.tomcat.GracefulShutdown         : Commencing graceful shutdown. Waiting for active requests to complete
2026-09-23 09:53:31.308  INFO 872 --- [fifa] [tomcat-shutdown] o.s.boot.tomcat.GracefulShutdown         : Graceful shutdown complete
2026-09-23 09:53:31.309  INFO 872 --- [fifa] [Thread-116] j.LocalContainerEntityManagerFactoryBean : Closing JPA EntityManagerFactory for persistence unit 'default'
2026-09-23 09:53:31.310  WARN 872 --- [fifa] [Thread-116] o.s.b.f.support.DisposableBeanAdapter    : Invocation of destroy method failed on bean with name 'inMemoryDatabaseShutdownExecutor': org.h2.jdbc.JdbcSQLNonTransientConnectionException: La base de datos ya esta cerrada (para des-habilitar el cerrado automatico durante el shutdown de la VM, agregue ";DB_CLOSE_ON_EXIT=FALSE" a la URL de conexión)
Database is already closed (to disable automatic closing at VM shutdown, add ";DB_CLOSE_ON_EXIT=FALSE" to the db URL) [90121-240]
2026-09-23 09:53:31.310  INFO 872 --- [fifa] [Thread-116] com.zaxxer.hikari.HikariDataSource       : HikariPool-31 - Shutdown initiated...
2026-09-23 09:53:31.311  INFO 872 --- [fifa] [Thread-116] com.zaxxer.hikari.HikariDataSource       : HikariPool-31 - Shutdown completed.
2026-09-23 09:53:31.386  INFO 872 --- [fifa] [restartedMain] com.example.demo.DemoApplication         : Starting DemoApplication using Java 24.0.2 with PID 872 (C:\Users\flore\Documents\UNIVERSIDAD\Sexto Semestre\Compunet 2\SpringBoot\PreParcial_CopaMundial\demo\target\classes started by flore in C:\Users\flore\Documents\UNIVERSIDAD\Sexto Semestre\Compunet 2\SpringBoot\PreParcial_CopaMundial\demo)
2026-09-23 09:53:31.387  INFO 872 --- [fifa] [restartedMain] com.example.demo.DemoApplication         : The following 1 profile is active: "dev"
2026-09-23 09:53:31.508  INFO 872 --- [fifa] [restartedMain] .s.d.r.c.RepositoryConfigurationDelegate : Bootstrapping Spring Data JPA repositories in DEFAULT mode.
2026-09-23 09:53:31.523  INFO 872 --- [fifa] [restartedMain] .s.d.r.c.RepositoryConfigurationDelegate : Finished Spring Data repository scanning in 14 ms. Found 5 JPA repository interfaces.
2026-09-23 09:53:31.578  INFO 872 --- [fifa] [restartedMain] o.s.boot.tomcat.TomcatWebServer          : Tomcat initialized with port 8081 (http)
2026-09-23 09:53:31.578  INFO 872 --- [fifa] [restartedMain] o.apache.catalina.core.StandardService   : Starting service [Tomcat]
2026-09-23 09:53:31.579  INFO 872 --- [fifa] [restartedMain] o.apache.catalina.core.StandardEngine    : Starting Servlet engine: [Apache Tomcat/11.0.24]
2026-09-23 09:53:31.597  INFO 872 --- [fifa] [restartedMain] b.w.c.s.WebApplicationContextInitializer : Root WebApplicationContext: initialization completed in 208 ms
2026-09-23 09:53:31.624  INFO 872 --- [fifa] [restartedMain] org.hibernate.orm.jpa                    : HHH008540: Processing PersistenceUnitInfo [name: default]
2026-09-23 09:53:31.654  INFO 872 --- [fifa] [restartedMain] o.s.o.j.p.SpringPersistenceUnitInfo      : No LoadTimeWeaver setup: ignoring JPA class transformer
2026-09-23 09:53:31.655  INFO 872 --- [fifa] [restartedMain] com.zaxxer.hikari.HikariDataSource       : HikariPool-32 - Starting...
2026-09-23 09:53:31.656  INFO 872 --- [fifa] [restartedMain] com.zaxxer.hikari.pool.HikariPool        : HikariPool-32 - Added connection conn143: url=jdbc:h2:mem:db-kevin user=POSTGRES
2026-09-23 09:53:31.657  INFO 872 --- [fifa] [restartedMain] com.zaxxer.hikari.HikariDataSource       : HikariPool-32 - Start completed.
2026-09-23 09:53:31.657  INFO 872 --- [fifa] [restartedMain] org.hibernate.orm.connections.pooling    : HHH10001005: Database info:
	Database JDBC URL [jdbc:h2:mem:db-kevin]
	Database driver: H2 JDBC Driver
	Database dialect: H2Dialect
	Database version: 2.4.240
	Default catalog/schema: DB-KEVIN/PUBLIC
	Autocommit mode: undefined/unknown
	Isolation level: READ_COMMITTED [default READ_COMMITTED]
	JDBC fetch size: 100
	Pool: DataSourceConnectionProvider
	Minimum pool size: undefined/unknown
	Maximum pool size: undefined/unknown
2026-09-23 09:53:31.729  INFO 872 --- [fifa] [restartedMain] org.hibernate.orm.core                   : HHH000489: No JTA platform available (set 'hibernate.transaction.jta.platform' to enable JTA platform integration)
2026-09-23 09:53:31.734  INFO 872 --- [fifa] [restartedMain] j.LocalContainerEntityManagerFactoryBean : Initialized JPA EntityManagerFactory for persistence unit 'default'
2026-09-23 09:53:31.806  WARN 872 --- [fifa] [restartedMain] JpaBaseConfiguration$JpaWebConfiguration : spring.jpa.open-in-view is enabled by default. Therefore, database queries may be performed during view rendering. Explicitly configure spring.jpa.open-in-view to disable this warning
2026-09-23 09:53:31.851  INFO 872 --- [fifa] [restartedMain] o.s.b.h.a.H2ConsoleAutoConfiguration     : H2 console available at '/h2-console'. Database available at 'jdbc:h2:mem:db-kevin'
2026-09-23 09:53:31.866  INFO 872 --- [fifa] [restartedMain] o.s.boot.tomcat.TomcatWebServer          : Tomcat started on port 8081 (http) with context path '/fifaparcial'
2026-09-23 09:53:31.867  INFO 872 --- [fifa] [restartedMain] com.example.demo.DemoApplication         : Started DemoApplication in 0.499 seconds (process running for 903.984)
2026-09-23 09:53:31.868  INFO 872 --- [fifa] [restartedMain] .ConditionEvaluationDeltaLoggingListener : Condition evaluation unchanged
2026-09-23 09:53:34.824  INFO 872 --- [fifa] [SpringApplicationShutdownHook] o.s.boot.tomcat.GracefulShutdown         : Commencing graceful shutdown. Waiting for active requests to complete
2026-09-23 09:53:34.848  INFO 872 --- [fifa] [tomcat-shutdown] o.s.boot.tomcat.GracefulShutdown         : Graceful shutdown complete
2026-09-23 09:53:34.850  INFO 872 --- [fifa] [SpringApplicationShutdownHook] j.LocalContainerEntityManagerFactoryBean : Closing JPA EntityManagerFactory for persistence unit 'default'
2026-09-23 09:53:34.851  WARN 872 --- [fifa] [SpringApplicationShutdownHook] o.s.b.f.support.DisposableBeanAdapter    : Invocation of destroy method failed on bean with name 'inMemoryDatabaseShutdownExecutor': org.h2.jdbc.JdbcSQLNonTransientConnectionException: La base de datos ya esta cerrada (para des-habilitar el cerrado automatico durante el shutdown de la VM, agregue ";DB_CLOSE_ON_EXIT=FALSE" a la URL de conexión)
Database is already closed (to disable automatic closing at VM shutdown, add ";DB_CLOSE_ON_EXIT=FALSE" to the db URL) [90121-240]
2026-09-23 09:53:34.851  INFO 872 --- [fifa] [SpringApplicationShutdownHook] com.zaxxer.hikari.HikariDataSource       : HikariPool-32 - Shutdown initiated...
2026-09-23 09:53:34.852  INFO 872 --- [fifa] [SpringApplicationShutdownHook] com.zaxxer.hikari.HikariDataSource       : HikariPool-32 - Shutdown completed.
2026-09-23 09:53:58.005  INFO 5284 --- [fifa] [restartedMain] com.example.demo.DemoApplication         : Starting DemoApplication using Java 24.0.2 with PID 5284 (C:\Users\flore\Documents\UNIVERSIDAD\Sexto Semestre\Compunet 2\SpringBoot\PreParcial_CopaMundial\demo\target\classes started by flore in C:\Users\flore\Documents\UNIVERSIDAD\Sexto Semestre\Compunet 2\SpringBoot\PreParcial_CopaMundial\demo)
2026-09-23 09:53:58.007  INFO 5284 --- [fifa] [restartedMain] com.example.demo.DemoApplication         : The following 1 profile is active: "dev"
2026-09-23 09:53:58.056  INFO 5284 --- [fifa] [restartedMain] .e.DevToolsPropertyDefaultsPostProcessor : Devtools property defaults active! Set 'spring.devtools.add-properties' to 'false' to disable
2026-09-23 09:53:58.056  INFO 5284 --- [fifa] [restartedMain] .e.DevToolsPropertyDefaultsPostProcessor : For additional web related logging consider setting the 'logging.level.web' property to 'DEBUG'
2026-09-23 09:53:58.626  INFO 5284 --- [fifa] [restartedMain] .s.d.r.c.RepositoryConfigurationDelegate : Bootstrapping Spring Data JPA repositories in DEFAULT mode.
2026-09-23 09:53:58.694  INFO 5284 --- [fifa] [restartedMain] .s.d.r.c.RepositoryConfigurationDelegate : Finished Spring Data repository scanning in 58 ms. Found 5 JPA repository interfaces.
2026-09-23 09:53:59.157  INFO 5284 --- [fifa] [restartedMain] o.s.boot.tomcat.TomcatWebServer          : Tomcat initialized with port 8081 (http)
2026-09-23 09:53:59.173  INFO 5284 --- [fifa] [restartedMain] o.apache.catalina.core.StandardService   : Starting service [Tomcat]
2026-09-23 09:53:59.174  INFO 5284 --- [fifa] [restartedMain] o.apache.catalina.core.StandardEngine    : Starting Servlet engine: [Apache Tomcat/11.0.24]
2026-09-23 09:53:59.222  INFO 5284 --- [fifa] [restartedMain] b.w.c.s.WebApplicationContextInitializer : Root WebApplicationContext: initialization completed in 1165 ms
2026-09-23 09:53:59.385  INFO 5284 --- [fifa] [restartedMain] org.hibernate.orm.jpa                    : HHH008540: Processing PersistenceUnitInfo [name: default]
2026-09-23 09:53:59.440  INFO 5284 --- [fifa] [restartedMain] org.hibernate.orm.core                   : HHH000001: Hibernate ORM core version 7.4.5.Final
2026-09-23 09:53:59.913  INFO 5284 --- [fifa] [restartedMain] o.s.o.j.p.SpringPersistenceUnitInfo      : No LoadTimeWeaver setup: ignoring JPA class transformer
2026-09-23 09:53:59.946  INFO 5284 --- [fifa] [restartedMain] com.zaxxer.hikari.HikariDataSource       : HikariPool-1 - Starting...
2026-09-23 09:54:00.117  INFO 5284 --- [fifa] [restartedMain] com.zaxxer.hikari.pool.HikariPool        : HikariPool-1 - Added connection conn0: url=jdbc:h2:mem:db-kevin user=POSTGRES
2026-09-23 09:54:00.119  INFO 5284 --- [fifa] [restartedMain] com.zaxxer.hikari.HikariDataSource       : HikariPool-1 - Start completed.
2026-09-23 09:54:00.180  INFO 5284 --- [fifa] [restartedMain] org.hibernate.orm.connections.pooling    : HHH10001005: Database info:
	Database JDBC URL [jdbc:h2:mem:db-kevin]
	Database driver: H2 JDBC Driver
	Database dialect: H2Dialect
	Database version: 2.4.240
	Default catalog/schema: DB-KEVIN/PUBLIC
	Autocommit mode: undefined/unknown
	Isolation level: READ_COMMITTED [default READ_COMMITTED]
	JDBC fetch size: 100
	Pool: DataSourceConnectionProvider
	Minimum pool size: undefined/unknown
	Maximum pool size: undefined/unknown
2026-09-23 09:54:01.111  INFO 5284 --- [fifa] [restartedMain] org.hibernate.orm.core                   : HHH000489: No JTA platform available (set 'hibernate.transaction.jta.platform' to enable JTA platform integration)
2026-09-23 09:54:01.184  INFO 5284 --- [fifa] [restartedMain] j.LocalContainerEntityManagerFactoryBean : Initialized JPA EntityManagerFactory for persistence unit 'default'
2026-09-23 09:54:01.263  INFO 5284 --- [fifa] [restartedMain] o.s.d.j.r.query.QueryEnhancerFactories   : Hibernate is in classpath; If applicable, HQL parser will be used.
2026-09-23 09:54:01.421  WARN 5284 --- [fifa] [restartedMain] JpaBaseConfiguration$JpaWebConfiguration : spring.jpa.open-in-view is enabled by default. Therefore, database queries may be performed during view rendering. Explicitly configure spring.jpa.open-in-view to disable this warning
2026-09-23 09:54:01.691  INFO 5284 --- [fifa] [restartedMain] o.s.b.h.a.H2ConsoleAutoConfiguration     : H2 console available at '/h2-console'. Database available at 'jdbc:h2:mem:db-kevin'
2026-09-23 09:54:01.772  INFO 5284 --- [fifa] [restartedMain] o.s.boot.tomcat.TomcatWebServer          : Tomcat started on port 8081 (http) with context path '/fifaparcial'
2026-09-23 09:54:01.777  INFO 5284 --- [fifa] [restartedMain] com.example.demo.DemoApplication         : Started DemoApplication in 4.23 seconds (process running for 4.697)
2026-09-23 09:54:31.854  INFO 5284 --- [fifa] [http-nio-8081-exec-1] o.a.c.c.C.[.[localhost].[/fifaparcial]   : Initializing Spring DispatcherServlet 'dispatcherServlet'
2026-09-23 09:54:31.854  INFO 5284 --- [fifa] [http-nio-8081-exec-1] o.s.web.servlet.DispatcherServlet        : Initializing Servlet 'dispatcherServlet'
2026-09-23 09:54:31.854  INFO 5284 --- [fifa] [http-nio-8081-exec-1] o.s.web.servlet.DispatcherServlet        : Completed initialization in 0 ms
2026-09-23 09:54:31.970  INFO 5284 --- [fifa] [http-nio-8081-exec-1] c.e.demo.service.impl.PlayerServiceImpl  : Fetching all players
2026-09-23 09:54:32.463  WARN 5284 --- [fifa] [http-nio-8081-exec-1] .w.s.m.s.DefaultHandlerExceptionResolver : Ignoring exception, response committed already: org.springframework.http.converter.HttpMessageNotWritableException: Could not write JSON: Document nesting depth (501) exceeds the maximum allowed (500, from `StreamWriteConstraints.getMaxNestingDepth()`)
2026-09-23 09:54:32.466  WARN 5284 --- [fifa] [http-nio-8081-exec-1] .w.s.m.s.DefaultHandlerExceptionResolver : Resolved [org.springframework.http.converter.HttpMessageNotWritableException: Could not write JSON: Document nesting depth (501) exceeds the maximum allowed (500, from `StreamWriteConstraints.getMaxNestingDepth()`)]
2026-09-23 10:10:44.924  WARN 5284 --- [fifa] [HikariPool-1:housekeeper] com.zaxxer.hikari.pool.HikariPool        : HikariPool-1 - Thread starvation or clock leap detected (housekeeper delta=7m14s547ms500µs900ns).
2026-09-23 10:13:18.755  INFO 5284 --- [fifa] [File Watcher] rtingClassPathChangeChangedEventListener : Restarting due to 9 class path changes (0 additions, 0 deletions, 9 modifications)
2026-09-23 10:13:18.760  INFO 5284 --- [fifa] [Thread-1] o.s.boot.tomcat.GracefulShutdown         : Commencing graceful shutdown. Waiting for active requests to complete
2026-09-23 10:13:18.787  INFO 5284 --- [fifa] [tomcat-shutdown] o.s.boot.tomcat.GracefulShutdown         : Graceful shutdown complete
2026-09-23 10:13:18.790  INFO 5284 --- [fifa] [Thread-1] j.LocalContainerEntityManagerFactoryBean : Closing JPA EntityManagerFactory for persistence unit 'default'
2026-09-23 10:13:18.801  WARN 5284 --- [fifa] [Thread-1] o.s.b.f.support.DisposableBeanAdapter    : Invocation of destroy method failed on bean with name 'inMemoryDatabaseShutdownExecutor': org.h2.jdbc.JdbcSQLNonTransientConnectionException: La base de datos ya esta cerrada (para des-habilitar el cerrado automatico durante el shutdown de la VM, agregue ";DB_CLOSE_ON_EXIT=FALSE" a la URL de conexión)
Database is already closed (to disable automatic closing at VM shutdown, add ";DB_CLOSE_ON_EXIT=FALSE" to the db URL) [90121-240]
2026-09-23 10:13:18.802  INFO 5284 --- [fifa] [Thread-1] com.zaxxer.hikari.HikariDataSource       : HikariPool-1 - Shutdown initiated...
2026-09-23 10:13:18.803  INFO 5284 --- [fifa] [Thread-1] com.zaxxer.hikari.HikariDataSource       : HikariPool-1 - Shutdown completed.
2026-09-23 10:13:18.896  INFO 5284 --- [fifa] [restartedMain] com.example.demo.DemoApplication         : Starting DemoApplication using Java 24.0.2 with PID 5284 (C:\Users\flore\Documents\UNIVERSIDAD\Sexto Semestre\Compunet 2\SpringBoot\PreParcial_CopaMundial\demo\target\classes started by flore in C:\Users\flore\Documents\UNIVERSIDAD\Sexto Semestre\Compunet 2\SpringBoot\PreParcial_CopaMundial\demo)
2026-09-23 10:13:18.897  INFO 5284 --- [fifa] [restartedMain] com.example.demo.DemoApplication         : The following 1 profile is active: "dev"
2026-09-23 10:13:19.060  INFO 5284 --- [fifa] [restartedMain] .s.d.r.c.RepositoryConfigurationDelegate : Bootstrapping Spring Data JPA repositories in DEFAULT mode.
2026-09-23 10:13:19.082  INFO 5284 --- [fifa] [restartedMain] .s.d.r.c.RepositoryConfigurationDelegate : Finished Spring Data repository scanning in 21 ms. Found 5 JPA repository interfaces.
2026-09-23 10:13:19.165  INFO 5284 --- [fifa] [restartedMain] o.s.boot.tomcat.TomcatWebServer          : Tomcat initialized with port 8081 (http)
2026-09-23 10:13:19.167  INFO 5284 --- [fifa] [restartedMain] o.apache.catalina.core.StandardService   : Starting service [Tomcat]
2026-09-23 10:13:19.167  INFO 5284 --- [fifa] [restartedMain] o.apache.catalina.core.StandardEngine    : Starting Servlet engine: [Apache Tomcat/11.0.24]
2026-09-23 10:13:19.187  INFO 5284 --- [fifa] [restartedMain] b.w.c.s.WebApplicationContextInitializer : Root WebApplicationContext: initialization completed in 287 ms
2026-09-23 10:13:19.223  INFO 5284 --- [fifa] [restartedMain] org.hibernate.orm.jpa                    : HHH008540: Processing PersistenceUnitInfo [name: default]
2026-09-23 10:13:19.261  INFO 5284 --- [fifa] [restartedMain] o.s.o.j.p.SpringPersistenceUnitInfo      : No LoadTimeWeaver setup: ignoring JPA class transformer
2026-09-23 10:13:19.266  INFO 5284 --- [fifa] [restartedMain] com.zaxxer.hikari.HikariDataSource       : HikariPool-2 - Starting...
2026-09-23 10:13:19.268  INFO 5284 --- [fifa] [restartedMain] com.zaxxer.hikari.pool.HikariPool        : HikariPool-2 - Added connection conn5: url=jdbc:h2:mem:db-kevin user=POSTGRES
2026-09-23 10:13:19.268  INFO 5284 --- [fifa] [restartedMain] com.zaxxer.hikari.HikariDataSource       : HikariPool-2 - Start completed.
2026-09-23 10:13:19.269  INFO 5284 --- [fifa] [restartedMain] org.hibernate.orm.connections.pooling    : HHH10001005: Database info:
	Database JDBC URL [jdbc:h2:mem:db-kevin]
	Database driver: H2 JDBC Driver
	Database dialect: H2Dialect
	Database version: 2.4.240
	Default catalog/schema: DB-KEVIN/PUBLIC
	Autocommit mode: undefined/unknown
	Isolation level: READ_COMMITTED [default READ_COMMITTED]
	JDBC fetch size: 100
	Pool: DataSourceConnectionProvider
	Minimum pool size: undefined/unknown
	Maximum pool size: undefined/unknown
2026-09-23 10:13:19.372  INFO 5284 --- [fifa] [restartedMain] org.hibernate.orm.core                   : HHH000489: No JTA platform available (set 'hibernate.transaction.jta.platform' to enable JTA platform integration)
2026-09-23 10:13:19.387  INFO 5284 --- [fifa] [restartedMain] j.LocalContainerEntityManagerFactoryBean : Initialized JPA EntityManagerFactory for persistence unit 'default'
2026-09-23 10:13:19.483  WARN 5284 --- [fifa] [restartedMain] JpaBaseConfiguration$JpaWebConfiguration : spring.jpa.open-in-view is enabled by default. Therefore, database queries may be performed during view rendering. Explicitly configure spring.jpa.open-in-view to disable this warning
2026-09-23 10:13:19.554  INFO 5284 --- [fifa] [restartedMain] o.s.b.h.a.H2ConsoleAutoConfiguration     : H2 console available at '/h2-console'. Database available at 'jdbc:h2:mem:db-kevin'
2026-09-23 10:13:19.575  INFO 5284 --- [fifa] [restartedMain] o.s.boot.tomcat.TomcatWebServer          : Tomcat started on port 8081 (http) with context path '/fifaparcial'
2026-09-23 10:13:19.577  INFO 5284 --- [fifa] [restartedMain] com.example.demo.DemoApplication         : Started DemoApplication in 0.709 seconds (process running for 1162.507)
2026-09-23 10:13:19.580  INFO 5284 --- [fifa] [restartedMain] .ConditionEvaluationDeltaLoggingListener : Condition evaluation unchanged
2026-09-23 10:13:23.399  INFO 5284 --- [fifa] [http-nio-8081-exec-1] o.a.c.c.C.[.[localhost].[/fifaparcial]   : Initializing Spring DispatcherServlet 'dispatcherServlet'
2026-09-23 10:13:23.404  INFO 5284 --- [fifa] [http-nio-8081-exec-1] o.s.web.servlet.DispatcherServlet        : Initializing Servlet 'dispatcherServlet'
2026-09-23 10:13:23.404  INFO 5284 --- [fifa] [http-nio-8081-exec-1] o.s.web.servlet.DispatcherServlet        : Completed initialization in 0 ms
2026-09-23 10:13:23.410  INFO 5284 --- [fifa] [http-nio-8081-exec-1] c.e.demo.service.impl.PlayerServiceImpl  : Fetching all players
2026-09-23 10:13:23.505  WARN 5284 --- [fifa] [http-nio-8081-exec-1] .w.s.m.s.DefaultHandlerExceptionResolver : Ignoring exception, response committed already: org.springframework.http.converter.HttpMessageNotWritableException: Could not write JSON: Document nesting depth (501) exceeds the maximum allowed (500, from `StreamWriteConstraints.getMaxNestingDepth()`)
2026-09-23 10:13:23.521  WARN 5284 --- [fifa] [http-nio-8081-exec-1] .w.s.m.s.DefaultHandlerExceptionResolver : Resolved [org.springframework.http.converter.HttpMessageNotWritableException: Could not write JSON: Document nesting depth (501) exceeds the maximum allowed (500, from `StreamWriteConstraints.getMaxNestingDepth()`)]
2026-09-23 10:13:24.381  INFO 5284 --- [fifa] [http-nio-8081-exec-2] c.e.demo.service.impl.PlayerServiceImpl  : Fetching all players
2026-09-23 10:13:24.400  WARN 5284 --- [fifa] [http-nio-8081-exec-2] .w.s.m.s.DefaultHandlerExceptionResolver : Ignoring exception, response committed already: org.springframework.http.converter.HttpMessageNotWritableException: Could not write JSON: Document nesting depth (501) exceeds the maximum allowed (500, from `StreamWriteConstraints.getMaxNestingDepth()`)
2026-09-23 10:13:24.402  WARN 5284 --- [fifa] [http-nio-8081-exec-2] .w.s.m.s.DefaultHandlerExceptionResolver : Resolved [org.springframework.http.converter.HttpMessageNotWritableException: Could not write JSON: Document nesting depth (501) exceeds the maximum allowed (500, from `StreamWriteConstraints.getMaxNestingDepth()`)]
2026-09-23 10:13:24.796  INFO 5284 --- [fifa] [http-nio-8081-exec-3] c.e.demo.service.impl.PlayerServiceImpl  : Fetching all players
2026-09-23 10:13:24.807  WARN 5284 --- [fifa] [http-nio-8081-exec-3] .w.s.m.s.DefaultHandlerExceptionResolver : Ignoring exception, response committed already: org.springframework.http.converter.HttpMessageNotWritableException: Could not write JSON: Document nesting depth (501) exceeds the maximum allowed (500, from `StreamWriteConstraints.getMaxNestingDepth()`)
2026-09-23 10:13:24.808  WARN 5284 --- [fifa] [http-nio-8081-exec-3] .w.s.m.s.DefaultHandlerExceptionResolver : Resolved [org.springframework.http.converter.HttpMessageNotWritableException: Could not write JSON: Document nesting depth (501) exceeds the maximum allowed (500, from `StreamWriteConstraints.getMaxNestingDepth()`)]
2026-09-23 10:13:25.130  INFO 5284 --- [fifa] [http-nio-8081-exec-7] c.e.demo.service.impl.PlayerServiceImpl  : Fetching all players
2026-09-23 10:13:25.144  WARN 5284 --- [fifa] [http-nio-8081-exec-7] .w.s.m.s.DefaultHandlerExceptionResolver : Ignoring exception, response committed already: org.springframework.http.converter.HttpMessageNotWritableException: Could not write JSON: Document nesting depth (501) exceeds the maximum allowed (500, from `StreamWriteConstraints.getMaxNestingDepth()`)
2026-09-23 10:13:25.146  WARN 5284 --- [fifa] [http-nio-8081-exec-7] .w.s.m.s.DefaultHandlerExceptionResolver : Resolved [org.springframework.http.converter.HttpMessageNotWritableException: Could not write JSON: Document nesting depth (501) exceeds the maximum allowed (500, from `StreamWriteConstraints.getMaxNestingDepth()`)]
2026-09-23 10:13:33.295  INFO 5284 --- [fifa] [SpringApplicationShutdownHook] o.s.boot.tomcat.GracefulShutdown         : Commencing graceful shutdown. Waiting for active requests to complete
2026-09-23 10:13:33.326  INFO 5284 --- [fifa] [tomcat-shutdown] o.s.boot.tomcat.GracefulShutdown         : Graceful shutdown complete
2026-09-23 10:13:33.328  INFO 5284 --- [fifa] [SpringApplicationShutdownHook] j.LocalContainerEntityManagerFactoryBean : Closing JPA EntityManagerFactory for persistence unit 'default'
2026-09-23 10:13:33.331  WARN 5284 --- [fifa] [SpringApplicationShutdownHook] o.s.b.f.support.DisposableBeanAdapter    : Invocation of destroy method failed on bean with name 'inMemoryDatabaseShutdownExecutor': org.h2.jdbc.JdbcSQLNonTransientConnectionException: La base de datos ya esta cerrada (para des-habilitar el cerrado automatico durante el shutdown de la VM, agregue ";DB_CLOSE_ON_EXIT=FALSE" a la URL de conexión)
Database is already closed (to disable automatic closing at VM shutdown, add ";DB_CLOSE_ON_EXIT=FALSE" to the db URL) [90121-240]
2026-09-23 10:13:33.331  INFO 5284 --- [fifa] [SpringApplicationShutdownHook] com.zaxxer.hikari.HikariDataSource       : HikariPool-2 - Shutdown initiated...
2026-09-23 10:13:33.332  INFO 5284 --- [fifa] [SpringApplicationShutdownHook] com.zaxxer.hikari.HikariDataSource       : HikariPool-2 - Shutdown completed.
2026-09-23 10:13:43.516  INFO 25208 --- [fifa] [restartedMain] com.example.demo.DemoApplication         : Starting DemoApplication using Java 24.0.2 with PID 25208 (C:\Users\flore\Documents\UNIVERSIDAD\Sexto Semestre\Compunet 2\SpringBoot\PreParcial_CopaMundial\demo\target\classes started by flore in C:\Users\flore\Documents\UNIVERSIDAD\Sexto Semestre\Compunet 2\SpringBoot\PreParcial_CopaMundial\demo)
2026-09-23 10:13:43.518  INFO 25208 --- [fifa] [restartedMain] com.example.demo.DemoApplication         : The following 1 profile is active: "dev"
2026-09-23 10:13:43.578  INFO 25208 --- [fifa] [restartedMain] .e.DevToolsPropertyDefaultsPostProcessor : Devtools property defaults active! Set 'spring.devtools.add-properties' to 'false' to disable
2026-09-23 10:13:43.578  INFO 25208 --- [fifa] [restartedMain] .e.DevToolsPropertyDefaultsPostProcessor : For additional web related logging consider setting the 'logging.level.web' property to 'DEBUG'
2026-09-23 10:13:44.143  INFO 25208 --- [fifa] [restartedMain] .s.d.r.c.RepositoryConfigurationDelegate : Bootstrapping Spring Data JPA repositories in DEFAULT mode.
2026-09-23 10:13:44.210  INFO 25208 --- [fifa] [restartedMain] .s.d.r.c.RepositoryConfigurationDelegate : Finished Spring Data repository scanning in 59 ms. Found 5 JPA repository interfaces.
2026-09-23 10:13:44.692  INFO 25208 --- [fifa] [restartedMain] o.s.boot.tomcat.TomcatWebServer          : Tomcat initialized with port 8081 (http)
2026-09-23 10:13:44.708  INFO 25208 --- [fifa] [restartedMain] o.apache.catalina.core.StandardService   : Starting service [Tomcat]
2026-09-23 10:13:44.708  INFO 25208 --- [fifa] [restartedMain] o.apache.catalina.core.StandardEngine    : Starting Servlet engine: [Apache Tomcat/11.0.24]
2026-09-23 10:13:44.762  INFO 25208 --- [fifa] [restartedMain] b.w.c.s.WebApplicationContextInitializer : Root WebApplicationContext: initialization completed in 1183 ms
2026-09-23 10:13:44.927  INFO 25208 --- [fifa] [restartedMain] org.hibernate.orm.jpa                    : HHH008540: Processing PersistenceUnitInfo [name: default]
2026-09-23 10:13:44.983  INFO 25208 --- [fifa] [restartedMain] org.hibernate.orm.core                   : HHH000001: Hibernate ORM core version 7.4.5.Final
2026-09-23 10:13:45.478  INFO 25208 --- [fifa] [restartedMain] o.s.o.j.p.SpringPersistenceUnitInfo      : No LoadTimeWeaver setup: ignoring JPA class transformer
2026-09-23 10:13:45.511  INFO 25208 --- [fifa] [restartedMain] com.zaxxer.hikari.HikariDataSource       : HikariPool-1 - Starting...
2026-09-23 10:13:45.679  INFO 25208 --- [fifa] [restartedMain] com.zaxxer.hikari.pool.HikariPool        : HikariPool-1 - Added connection conn0: url=jdbc:h2:mem:db-kevin user=POSTGRES
2026-09-23 10:13:45.681  INFO 25208 --- [fifa] [restartedMain] com.zaxxer.hikari.HikariDataSource       : HikariPool-1 - Start completed.
2026-09-23 10:13:45.741  INFO 25208 --- [fifa] [restartedMain] org.hibernate.orm.connections.pooling    : HHH10001005: Database info:
	Database JDBC URL [jdbc:h2:mem:db-kevin]
	Database driver: H2 JDBC Driver
	Database dialect: H2Dialect
	Database version: 2.4.240
	Default catalog/schema: DB-KEVIN/PUBLIC
	Autocommit mode: undefined/unknown
	Isolation level: READ_COMMITTED [default READ_COMMITTED]
	JDBC fetch size: 100
	Pool: DataSourceConnectionProvider
	Minimum pool size: undefined/unknown
	Maximum pool size: undefined/unknown
2026-09-23 10:13:46.659  INFO 25208 --- [fifa] [restartedMain] org.hibernate.orm.core                   : HHH000489: No JTA platform available (set 'hibernate.transaction.jta.platform' to enable JTA platform integration)
2026-09-23 10:13:46.719  INFO 25208 --- [fifa] [restartedMain] j.LocalContainerEntityManagerFactoryBean : Initialized JPA EntityManagerFactory for persistence unit 'default'
2026-09-23 10:13:46.808  INFO 25208 --- [fifa] [restartedMain] o.s.d.j.r.query.QueryEnhancerFactories   : Hibernate is in classpath; If applicable, HQL parser will be used.
2026-09-23 10:13:46.959  WARN 25208 --- [fifa] [restartedMain] JpaBaseConfiguration$JpaWebConfiguration : spring.jpa.open-in-view is enabled by default. Therefore, database queries may be performed during view rendering. Explicitly configure spring.jpa.open-in-view to disable this warning
2026-09-23 10:13:47.268  INFO 25208 --- [fifa] [restartedMain] o.s.b.h.a.H2ConsoleAutoConfiguration     : H2 console available at '/h2-console'. Database available at 'jdbc:h2:mem:db-kevin'
2026-09-23 10:13:47.354  INFO 25208 --- [fifa] [restartedMain] o.s.boot.tomcat.TomcatWebServer          : Tomcat started on port 8081 (http) with context path '/fifaparcial'
2026-09-23 10:13:47.360  INFO 25208 --- [fifa] [restartedMain] com.example.demo.DemoApplication         : Started DemoApplication in 4.285 seconds (process running for 4.737)
2026-09-23 10:13:53.673  INFO 25208 --- [fifa] [http-nio-8081-exec-1] o.a.c.c.C.[.[localhost].[/fifaparcial]   : Initializing Spring DispatcherServlet 'dispatcherServlet'
2026-09-23 10:13:53.673  INFO 25208 --- [fifa] [http-nio-8081-exec-1] o.s.web.servlet.DispatcherServlet        : Initializing Servlet 'dispatcherServlet'
2026-09-23 10:13:53.673  INFO 25208 --- [fifa] [http-nio-8081-exec-1] o.s.web.servlet.DispatcherServlet        : Completed initialization in 0 ms
2026-09-23 10:13:53.788  INFO 25208 --- [fifa] [http-nio-8081-exec-1] c.e.demo.service.impl.PlayerServiceImpl  : Fetching all players
2026-09-23 10:13:54.221  WARN 25208 --- [fifa] [http-nio-8081-exec-1] .w.s.m.s.DefaultHandlerExceptionResolver : Ignoring exception, response committed already: org.springframework.http.converter.HttpMessageNotWritableException: Could not write JSON: Document nesting depth (501) exceeds the maximum allowed (500, from `StreamWriteConstraints.getMaxNestingDepth()`)
2026-09-23 10:13:54.225  WARN 25208 --- [fifa] [http-nio-8081-exec-1] .w.s.m.s.DefaultHandlerExceptionResolver : Resolved [org.springframework.http.converter.HttpMessageNotWritableException: Could not write JSON: Document nesting depth (501) exceeds the maximum allowed (500, from `StreamWriteConstraints.getMaxNestingDepth()`)]
2026-09-23 10:13:54.877  INFO 25208 --- [fifa] [http-nio-8081-exec-3] c.e.demo.service.impl.PlayerServiceImpl  : Fetching all players
2026-09-23 10:13:54.894  WARN 25208 --- [fifa] [http-nio-8081-exec-3] .w.s.m.s.DefaultHandlerExceptionResolver : Ignoring exception, response committed already: org.springframework.http.converter.HttpMessageNotWritableException: Could not write JSON: Document nesting depth (501) exceeds the maximum allowed (500, from `StreamWriteConstraints.getMaxNestingDepth()`)
2026-09-23 10:13:54.896  WARN 25208 --- [fifa] [http-nio-8081-exec-3] .w.s.m.s.DefaultHandlerExceptionResolver : Resolved [org.springframework.http.converter.HttpMessageNotWritableException: Could not write JSON: Document nesting depth (501) exceeds the maximum allowed (500, from `StreamWriteConstraints.getMaxNestingDepth()`)]
2026-09-23 10:13:56.646  INFO 25208 --- [fifa] [http-nio-8081-exec-2] c.e.demo.service.impl.PlayerServiceImpl  : Fetching all players
2026-09-23 10:13:56.669  WARN 25208 --- [fifa] [http-nio-8081-exec-2] .w.s.m.s.DefaultHandlerExceptionResolver : Ignoring exception, response committed already: org.springframework.http.converter.HttpMessageNotWritableException: Could not write JSON: Document nesting depth (501) exceeds the maximum allowed (500, from `StreamWriteConstraints.getMaxNestingDepth()`)
2026-09-23 10:13:56.670  WARN 25208 --- [fifa] [http-nio-8081-exec-2] .w.s.m.s.DefaultHandlerExceptionResolver : Resolved [org.springframework.http.converter.HttpMessageNotWritableException: Could not write JSON: Document nesting depth (501) exceeds the maximum allowed (500, from `StreamWriteConstraints.getMaxNestingDepth()`)]
2026-09-23 10:13:57.236  INFO 25208 --- [fifa] [http-nio-8081-exec-4] c.e.demo.service.impl.PlayerServiceImpl  : Fetching all players
2026-09-23 10:13:57.236  WARN 25208 --- [fifa] [http-nio-8081-exec-4] .w.s.m.s.DefaultHandlerExceptionResolver : Ignoring exception, response committed already: org.springframework.http.converter.HttpMessageNotWritableException: Could not write JSON: Document nesting depth (501) exceeds the maximum allowed (500, from `StreamWriteConstraints.getMaxNestingDepth()`)
2026-09-23 10:13:57.236  WARN 25208 --- [fifa] [http-nio-8081-exec-4] .w.s.m.s.DefaultHandlerExceptionResolver : Resolved [org.springframework.http.converter.HttpMessageNotWritableException: Could not write JSON: Document nesting depth (501) exceeds the maximum allowed (500, from `StreamWriteConstraints.getMaxNestingDepth()`)]
2026-09-23 10:13:57.542  INFO 25208 --- [fifa] [http-nio-8081-exec-5] c.e.demo.service.impl.PlayerServiceImpl  : Fetching all players
2026-09-23 10:13:57.554  WARN 25208 --- [fifa] [http-nio-8081-exec-5] .w.s.m.s.DefaultHandlerExceptionResolver : Ignoring exception, response committed already: org.springframework.http.converter.HttpMessageNotWritableException: Could not write JSON: Document nesting depth (501) exceeds the maximum allowed (500, from `StreamWriteConstraints.getMaxNestingDepth()`)
2026-09-23 10:13:57.559  WARN 25208 --- [fifa] [http-nio-8081-exec-5] .w.s.m.s.DefaultHandlerExceptionResolver : Resolved [org.springframework.http.converter.HttpMessageNotWritableException: Could not write JSON: Document nesting depth (501) exceeds the maximum allowed (500, from `StreamWriteConstraints.getMaxNestingDepth()`)]
2026-09-23 10:13:57.788  INFO 25208 --- [fifa] [http-nio-8081-exec-6] c.e.demo.service.impl.PlayerServiceImpl  : Fetching all players
2026-09-23 10:13:57.796  WARN 25208 --- [fifa] [http-nio-8081-exec-6] .w.s.m.s.DefaultHandlerExceptionResolver : Ignoring exception, response committed already: org.springframework.http.converter.HttpMessageNotWritableException: Could not write JSON: Document nesting depth (501) exceeds the maximum allowed (500, from `StreamWriteConstraints.getMaxNestingDepth()`)
2026-09-23 10:13:57.802  WARN 25208 --- [fifa] [http-nio-8081-exec-6] .w.s.m.s.DefaultHandlerExceptionResolver : Resolved [org.springframework.http.converter.HttpMessageNotWritableException: Could not write JSON: Document nesting depth (501) exceeds the maximum allowed (500, from `StreamWriteConstraints.getMaxNestingDepth()`)]
2026-09-23 10:13:58.120  INFO 25208 --- [fifa] [http-nio-8081-exec-7] c.e.demo.service.impl.PlayerServiceImpl  : Fetching all players
2026-09-23 10:13:58.131  WARN 25208 --- [fifa] [http-nio-8081-exec-7] .w.s.m.s.DefaultHandlerExceptionResolver : Ignoring exception, response committed already: org.springframework.http.converter.HttpMessageNotWritableException: Could not write JSON: Document nesting depth (501) exceeds the maximum allowed (500, from `StreamWriteConstraints.getMaxNestingDepth()`)
2026-09-23 10:13:58.133  WARN 25208 --- [fifa] [http-nio-8081-exec-7] .w.s.m.s.DefaultHandlerExceptionResolver : Resolved [org.springframework.http.converter.HttpMessageNotWritableException: Could not write JSON: Document nesting depth (501) exceeds the maximum allowed (500, from `StreamWriteConstraints.getMaxNestingDepth()`)]
2026-09-23 10:13:58.592  INFO 25208 --- [fifa] [http-nio-8081-exec-8] c.e.demo.service.impl.PlayerServiceImpl  : Fetching all players
2026-09-23 10:13:58.609  WARN 25208 --- [fifa] [http-nio-8081-exec-8] .w.s.m.s.DefaultHandlerExceptionResolver : Ignoring exception, response committed already: org.springframework.http.converter.HttpMessageNotWritableException: Could not write JSON: Document nesting depth (501) exceeds the maximum allowed (500, from `StreamWriteConstraints.getMaxNestingDepth()`)
2026-09-23 10:13:58.610  WARN 25208 --- [fifa] [http-nio-8081-exec-8] .w.s.m.s.DefaultHandlerExceptionResolver : Resolved [org.springframework.http.converter.HttpMessageNotWritableException: Could not write JSON: Document nesting depth (501) exceeds the maximum allowed (500, from `StreamWriteConstraints.getMaxNestingDepth()`)]
2026-09-23 10:14:48.364  INFO 25208 --- [fifa] [File Watcher] rtingClassPathChangeChangedEventListener : Restarting due to 9 class path changes (0 additions, 0 deletions, 9 modifications)
2026-09-23 10:14:48.370  INFO 25208 --- [fifa] [Thread-1] o.s.boot.tomcat.GracefulShutdown         : Commencing graceful shutdown. Waiting for active requests to complete
2026-09-23 10:14:48.394  INFO 25208 --- [fifa] [tomcat-shutdown] o.s.boot.tomcat.GracefulShutdown         : Graceful shutdown complete
2026-09-23 10:14:48.398  INFO 25208 --- [fifa] [Thread-1] j.LocalContainerEntityManagerFactoryBean : Closing JPA EntityManagerFactory for persistence unit 'default'
2026-09-23 10:14:48.405  WARN 25208 --- [fifa] [Thread-1] o.s.b.f.support.DisposableBeanAdapter    : Invocation of destroy method failed on bean with name 'inMemoryDatabaseShutdownExecutor': org.h2.jdbc.JdbcSQLNonTransientConnectionException: La base de datos ya esta cerrada (para des-habilitar el cerrado automatico durante el shutdown de la VM, agregue ";DB_CLOSE_ON_EXIT=FALSE" a la URL de conexión)
Database is already closed (to disable automatic closing at VM shutdown, add ";DB_CLOSE_ON_EXIT=FALSE" to the db URL) [90121-240]
2026-09-23 10:14:48.406  INFO 25208 --- [fifa] [Thread-1] com.zaxxer.hikari.HikariDataSource       : HikariPool-1 - Shutdown initiated...
2026-09-23 10:14:48.408  INFO 25208 --- [fifa] [Thread-1] com.zaxxer.hikari.HikariDataSource       : HikariPool-1 - Shutdown completed.
2026-09-23 10:14:48.497  INFO 25208 --- [fifa] [restartedMain] com.example.demo.DemoApplication         : Starting DemoApplication using Java 24.0.2 with PID 25208 (C:\Users\flore\Documents\UNIVERSIDAD\Sexto Semestre\Compunet 2\SpringBoot\PreParcial_CopaMundial\demo\target\classes started by flore in C:\Users\flore\Documents\UNIVERSIDAD\Sexto Semestre\Compunet 2\SpringBoot\PreParcial_CopaMundial\demo)
2026-09-23 10:14:48.497  INFO 25208 --- [fifa] [restartedMain] com.example.demo.DemoApplication         : The following 1 profile is active: "dev"
2026-09-23 10:14:48.646  INFO 25208 --- [fifa] [restartedMain] .s.d.r.c.RepositoryConfigurationDelegate : Bootstrapping Spring Data JPA repositories in DEFAULT mode.
2026-09-23 10:14:48.667  INFO 25208 --- [fifa] [restartedMain] .s.d.r.c.RepositoryConfigurationDelegate : Finished Spring Data repository scanning in 19 ms. Found 5 JPA repository interfaces.
2026-09-23 10:14:48.733  INFO 25208 --- [fifa] [restartedMain] o.s.boot.tomcat.TomcatWebServer          : Tomcat initialized with port 8081 (http)
2026-09-23 10:14:48.734  INFO 25208 --- [fifa] [restartedMain] o.apache.catalina.core.StandardService   : Starting service [Tomcat]
2026-09-23 10:14:48.734  INFO 25208 --- [fifa] [restartedMain] o.apache.catalina.core.StandardEngine    : Starting Servlet engine: [Apache Tomcat/11.0.24]
2026-09-23 10:14:48.755  INFO 25208 --- [fifa] [restartedMain] b.w.c.s.WebApplicationContextInitializer : Root WebApplicationContext: initialization completed in 256 ms
2026-09-23 10:14:48.783  INFO 25208 --- [fifa] [restartedMain] org.hibernate.orm.jpa                    : HHH008540: Processing PersistenceUnitInfo [name: default]
2026-09-23 10:14:48.816  INFO 25208 --- [fifa] [restartedMain] o.s.o.j.p.SpringPersistenceUnitInfo      : No LoadTimeWeaver setup: ignoring JPA class transformer
2026-09-23 10:14:48.817  INFO 25208 --- [fifa] [restartedMain] com.zaxxer.hikari.HikariDataSource       : HikariPool-2 - Starting...
2026-09-23 10:14:48.819  INFO 25208 --- [fifa] [restartedMain] com.zaxxer.hikari.pool.HikariPool        : HikariPool-2 - Added connection conn5: url=jdbc:h2:mem:db-kevin user=POSTGRES
2026-09-23 10:14:48.819  INFO 25208 --- [fifa] [restartedMain] com.zaxxer.hikari.HikariDataSource       : HikariPool-2 - Start completed.
2026-09-23 10:14:48.819  INFO 25208 --- [fifa] [restartedMain] org.hibernate.orm.connections.pooling    : HHH10001005: Database info:
	Database JDBC URL [jdbc:h2:mem:db-kevin]
	Database driver: H2 JDBC Driver
	Database dialect: H2Dialect
	Database version: 2.4.240
	Default catalog/schema: DB-KEVIN/PUBLIC
	Autocommit mode: undefined/unknown
	Isolation level: READ_COMMITTED [default READ_COMMITTED]
	JDBC fetch size: 100
	Pool: DataSourceConnectionProvider
	Minimum pool size: undefined/unknown
	Maximum pool size: undefined/unknown
2026-09-23 10:14:48.919  INFO 25208 --- [fifa] [restartedMain] org.hibernate.orm.core                   : HHH000489: No JTA platform available (set 'hibernate.transaction.jta.platform' to enable JTA platform integration)
2026-09-23 10:14:48.929  INFO 25208 --- [fifa] [restartedMain] j.LocalContainerEntityManagerFactoryBean : Initialized JPA EntityManagerFactory for persistence unit 'default'
2026-09-23 10:14:49.006  WARN 25208 --- [fifa] [restartedMain] JpaBaseConfiguration$JpaWebConfiguration : spring.jpa.open-in-view is enabled by default. Therefore, database queries may be performed during view rendering. Explicitly configure spring.jpa.open-in-view to disable this warning
2026-09-23 10:14:49.058  INFO 25208 --- [fifa] [restartedMain] o.s.b.h.a.H2ConsoleAutoConfiguration     : H2 console available at '/h2-console'. Database available at 'jdbc:h2:mem:db-kevin'
2026-09-23 10:14:49.079  INFO 25208 --- [fifa] [restartedMain] o.s.boot.tomcat.TomcatWebServer          : Tomcat started on port 8081 (http) with context path '/fifaparcial'
2026-09-23 10:14:49.082  INFO 25208 --- [fifa] [restartedMain] com.example.demo.DemoApplication         : Started DemoApplication in 0.612 seconds (process running for 66.459)
2026-09-23 10:14:49.083  INFO 25208 --- [fifa] [restartedMain] .ConditionEvaluationDeltaLoggingListener : Condition evaluation unchanged
2026-09-23 10:14:55.746  INFO 25208 --- [fifa] [http-nio-8081-exec-1] o.a.c.c.C.[.[localhost].[/fifaparcial]   : Initializing Spring DispatcherServlet 'dispatcherServlet'
2026-09-23 10:14:55.746  INFO 25208 --- [fifa] [http-nio-8081-exec-1] o.s.web.servlet.DispatcherServlet        : Initializing Servlet 'dispatcherServlet'
2026-09-23 10:14:55.748  INFO 25208 --- [fifa] [http-nio-8081-exec-1] o.s.web.servlet.DispatcherServlet        : Completed initialization in 2 ms
2026-09-23 10:14:55.754  INFO 25208 --- [fifa] [http-nio-8081-exec-1] c.e.demo.service.impl.PlayerServiceImpl  : Fetching all players
2026-09-23 10:20:56.204  INFO 25208 --- [fifa] [File Watcher] rtingClassPathChangeChangedEventListener : Restarting due to 1 class path change (0 additions, 0 deletions, 1 modification)
2026-09-23 10:20:56.206  INFO 25208 --- [fifa] [Thread-5] o.s.boot.tomcat.GracefulShutdown         : Commencing graceful shutdown. Waiting for active requests to complete
2026-09-23 10:20:56.228  INFO 25208 --- [fifa] [tomcat-shutdown] o.s.boot.tomcat.GracefulShutdown         : Graceful shutdown complete
2026-09-23 10:20:56.230  INFO 25208 --- [fifa] [Thread-5] j.LocalContainerEntityManagerFactoryBean : Closing JPA EntityManagerFactory for persistence unit 'default'
2026-09-23 10:20:56.234  WARN 25208 --- [fifa] [Thread-5] o.s.b.f.support.DisposableBeanAdapter    : Invocation of destroy method failed on bean with name 'inMemoryDatabaseShutdownExecutor': org.h2.jdbc.JdbcSQLNonTransientConnectionException: La base de datos ya esta cerrada (para des-habilitar el cerrado automatico durante el shutdown de la VM, agregue ";DB_CLOSE_ON_EXIT=FALSE" a la URL de conexión)
Database is already closed (to disable automatic closing at VM shutdown, add ";DB_CLOSE_ON_EXIT=FALSE" to the db URL) [90121-240]
2026-09-23 10:20:56.235  INFO 25208 --- [fifa] [Thread-5] com.zaxxer.hikari.HikariDataSource       : HikariPool-2 - Shutdown initiated...
2026-09-23 10:20:56.235  INFO 25208 --- [fifa] [Thread-5] com.zaxxer.hikari.HikariDataSource       : HikariPool-2 - Shutdown completed.
2026-09-23 10:20:56.326  INFO 25208 --- [fifa] [restartedMain] com.example.demo.DemoApplication         : Starting DemoApplication using Java 24.0.2 with PID 25208 (C:\Users\flore\Documents\UNIVERSIDAD\Sexto Semestre\Compunet 2\SpringBoot\PreParcial_CopaMundial\demo\target\classes started by flore in C:\Users\flore\Documents\UNIVERSIDAD\Sexto Semestre\Compunet 2\SpringBoot\PreParcial_CopaMundial\demo)
2026-09-23 10:20:56.326  INFO 25208 --- [fifa] [restartedMain] com.example.demo.DemoApplication         : The following 1 profile is active: "dev"
2026-09-23 10:20:56.549  INFO 25208 --- [fifa] [restartedMain] .s.d.r.c.RepositoryConfigurationDelegate : Bootstrapping Spring Data JPA repositories in DEFAULT mode.
2026-09-23 10:20:56.591  INFO 25208 --- [fifa] [restartedMain] .s.d.r.c.RepositoryConfigurationDelegate : Finished Spring Data repository scanning in 39 ms. Found 5 JPA repository interfaces.
2026-09-23 10:20:56.721  INFO 25208 --- [fifa] [restartedMain] o.s.boot.tomcat.TomcatWebServer          : Tomcat initialized with port 8081 (http)
2026-09-23 10:20:56.722  INFO 25208 --- [fifa] [restartedMain] o.apache.catalina.core.StandardService   : Starting service [Tomcat]
2026-09-23 10:20:56.723  INFO 25208 --- [fifa] [restartedMain] o.apache.catalina.core.StandardEngine    : Starting Servlet engine: [Apache Tomcat/11.0.24]
2026-09-23 10:20:56.764  INFO 25208 --- [fifa] [restartedMain] b.w.c.s.WebApplicationContextInitializer : Root WebApplicationContext: initialization completed in 435 ms
2026-09-23 10:20:56.843  INFO 25208 --- [fifa] [restartedMain] org.hibernate.orm.jpa                    : HHH008540: Processing PersistenceUnitInfo [name: default]
2026-09-23 10:20:56.896  INFO 25208 --- [fifa] [restartedMain] o.s.o.j.p.SpringPersistenceUnitInfo      : No LoadTimeWeaver setup: ignoring JPA class transformer
2026-09-23 10:20:56.899  INFO 25208 --- [fifa] [restartedMain] com.zaxxer.hikari.HikariDataSource       : HikariPool-3 - Starting...
2026-09-23 10:20:56.902  INFO 25208 --- [fifa] [restartedMain] com.zaxxer.hikari.pool.HikariPool        : HikariPool-3 - Added connection conn10: url=jdbc:h2:mem:db-kevin user=POSTGRES
2026-09-23 10:20:56.902  INFO 25208 --- [fifa] [restartedMain] com.zaxxer.hikari.HikariDataSource       : HikariPool-3 - Start completed.
2026-09-23 10:20:56.904  INFO 25208 --- [fifa] [restartedMain] org.hibernate.orm.connections.pooling    : HHH10001005: Database info:
	Database JDBC URL [jdbc:h2:mem:db-kevin]
	Database driver: H2 JDBC Driver
	Database dialect: H2Dialect
	Database version: 2.4.240
	Default catalog/schema: DB-KEVIN/PUBLIC
	Autocommit mode: undefined/unknown
	Isolation level: READ_COMMITTED [default READ_COMMITTED]
	JDBC fetch size: 100
	Pool: DataSourceConnectionProvider
	Minimum pool size: undefined/unknown
	Maximum pool size: undefined/unknown
2026-09-23 10:20:57.054  INFO 25208 --- [fifa] [restartedMain] org.hibernate.orm.core                   : HHH000489: No JTA platform available (set 'hibernate.transaction.jta.platform' to enable JTA platform integration)
2026-09-23 10:20:57.084  INFO 25208 --- [fifa] [restartedMain] j.LocalContainerEntityManagerFactoryBean : Initialized JPA EntityManagerFactory for persistence unit 'default'
2026-09-23 10:20:57.258  WARN 25208 --- [fifa] [restartedMain] JpaBaseConfiguration$JpaWebConfiguration : spring.jpa.open-in-view is enabled by default. Therefore, database queries may be performed during view rendering. Explicitly configure spring.jpa.open-in-view to disable this warning
2026-09-23 10:20:57.326  INFO 25208 --- [fifa] [restartedMain] o.s.b.h.a.H2ConsoleAutoConfiguration     : H2 console available at '/h2-console'. Database available at 'jdbc:h2:mem:db-kevin'
2026-09-23 10:20:57.362  INFO 25208 --- [fifa] [restartedMain] o.s.boot.tomcat.TomcatWebServer          : Tomcat started on port 8081 (http) with context path '/fifaparcial'
2026-09-23 10:20:57.365  INFO 25208 --- [fifa] [restartedMain] com.example.demo.DemoApplication         : Started DemoApplication in 1.062 seconds (process running for 434.742)
2026-09-23 10:20:57.366  INFO 25208 --- [fifa] [restartedMain] .ConditionEvaluationDeltaLoggingListener : Condition evaluation unchanged
2026-09-23 10:20:58.761  INFO 25208 --- [fifa] [File Watcher] rtingClassPathChangeChangedEventListener : Restarting due to 1 class path change (0 additions, 0 deletions, 1 modification)
2026-09-23 10:20:58.764  INFO 25208 --- [fifa] [Thread-10] o.s.boot.tomcat.GracefulShutdown         : Commencing graceful shutdown. Waiting for active requests to complete
2026-09-23 10:20:58.788  INFO 25208 --- [fifa] [tomcat-shutdown] o.s.boot.tomcat.GracefulShutdown         : Graceful shutdown complete
2026-09-23 10:20:58.789  INFO 25208 --- [fifa] [Thread-10] j.LocalContainerEntityManagerFactoryBean : Closing JPA EntityManagerFactory for persistence unit 'default'
2026-09-23 10:20:58.792  WARN 25208 --- [fifa] [Thread-10] o.s.b.f.support.DisposableBeanAdapter    : Invocation of destroy method failed on bean with name 'inMemoryDatabaseShutdownExecutor': org.h2.jdbc.JdbcSQLNonTransientConnectionException: La base de datos ya esta cerrada (para des-habilitar el cerrado automatico durante el shutdown de la VM, agregue ";DB_CLOSE_ON_EXIT=FALSE" a la URL de conexión)
Database is already closed (to disable automatic closing at VM shutdown, add ";DB_CLOSE_ON_EXIT=FALSE" to the db URL) [90121-240]
2026-09-23 10:20:58.793  INFO 25208 --- [fifa] [Thread-10] com.zaxxer.hikari.HikariDataSource       : HikariPool-3 - Shutdown initiated...
2026-09-23 10:20:58.793  INFO 25208 --- [fifa] [Thread-10] com.zaxxer.hikari.HikariDataSource       : HikariPool-3 - Shutdown completed.
2026-09-23 10:20:58.910  INFO 25208 --- [fifa] [restartedMain] com.example.demo.DemoApplication         : Starting DemoApplication using Java 24.0.2 with PID 25208 (C:\Users\flore\Documents\UNIVERSIDAD\Sexto Semestre\Compunet 2\SpringBoot\PreParcial_CopaMundial\demo\target\classes started by flore in C:\Users\flore\Documents\UNIVERSIDAD\Sexto Semestre\Compunet 2\SpringBoot\PreParcial_CopaMundial\demo)
2026-09-23 10:20:58.911  INFO 25208 --- [fifa] [restartedMain] com.example.demo.DemoApplication         : The following 1 profile is active: "dev"
2026-09-23 10:20:59.153  INFO 25208 --- [fifa] [restartedMain] .s.d.r.c.RepositoryConfigurationDelegate : Bootstrapping Spring Data JPA repositories in DEFAULT mode.
2026-09-23 10:20:59.185  INFO 25208 --- [fifa] [restartedMain] .s.d.r.c.RepositoryConfigurationDelegate : Finished Spring Data repository scanning in 29 ms. Found 5 JPA repository interfaces.
2026-09-23 10:20:59.290  INFO 25208 --- [fifa] [restartedMain] o.s.boot.tomcat.TomcatWebServer          : Tomcat initialized with port 8081 (http)
2026-09-23 10:20:59.291  INFO 25208 --- [fifa] [restartedMain] o.apache.catalina.core.StandardService   : Starting service [Tomcat]
2026-09-23 10:20:59.291  INFO 25208 --- [fifa] [restartedMain] o.apache.catalina.core.StandardEngine    : Starting Servlet engine: [Apache Tomcat/11.0.24]
2026-09-23 10:20:59.320  INFO 25208 --- [fifa] [restartedMain] b.w.c.s.WebApplicationContextInitializer : Root WebApplicationContext: initialization completed in 407 ms
2026-09-23 10:20:59.363  INFO 25208 --- [fifa] [restartedMain] org.hibernate.orm.jpa                    : HHH008540: Processing PersistenceUnitInfo [name: default]
2026-09-23 10:20:59.427  INFO 25208 --- [fifa] [restartedMain] o.s.o.j.p.SpringPersistenceUnitInfo      : No LoadTimeWeaver setup: ignoring JPA class transformer
2026-09-23 10:20:59.433  INFO 25208 --- [fifa] [restartedMain] com.zaxxer.hikari.HikariDataSource       : HikariPool-4 - Starting...
2026-09-23 10:20:59.438  INFO 25208 --- [fifa] [restartedMain] com.zaxxer.hikari.pool.HikariPool        : HikariPool-4 - Added connection conn15: url=jdbc:h2:mem:db-kevin user=POSTGRES
2026-09-23 10:20:59.439  INFO 25208 --- [fifa] [restartedMain] com.zaxxer.hikari.HikariDataSource       : HikariPool-4 - Start completed.
2026-09-23 10:20:59.440  INFO 25208 --- [fifa] [restartedMain] org.hibernate.orm.connections.pooling    : HHH10001005: Database info:
	Database JDBC URL [jdbc:h2:mem:db-kevin]
	Database driver: H2 JDBC Driver
	Database dialect: H2Dialect
	Database version: 2.4.240
	Default catalog/schema: DB-KEVIN/PUBLIC
	Autocommit mode: undefined/unknown
	Isolation level: READ_COMMITTED [default READ_COMMITTED]
	JDBC fetch size: 100
	Pool: DataSourceConnectionProvider
	Minimum pool size: undefined/unknown
	Maximum pool size: undefined/unknown
2026-09-23 10:20:59.634  INFO 25208 --- [fifa] [restartedMain] org.hibernate.orm.core                   : HHH000489: No JTA platform available (set 'hibernate.transaction.jta.platform' to enable JTA platform integration)
2026-09-23 10:20:59.659  INFO 25208 --- [fifa] [restartedMain] j.LocalContainerEntityManagerFactoryBean : Initialized JPA EntityManagerFactory for persistence unit 'default'
2026-09-23 10:20:59.789  WARN 25208 --- [fifa] [restartedMain] JpaBaseConfiguration$JpaWebConfiguration : spring.jpa.open-in-view is enabled by default. Therefore, database queries may be performed during view rendering. Explicitly configure spring.jpa.open-in-view to disable this warning
2026-09-23 10:20:59.865  INFO 25208 --- [fifa] [restartedMain] o.s.b.h.a.H2ConsoleAutoConfiguration     : H2 console available at '/h2-console'. Database available at 'jdbc:h2:mem:db-kevin'
2026-09-23 10:20:59.883  INFO 25208 --- [fifa] [restartedMain] o.s.boot.tomcat.TomcatWebServer          : Tomcat started on port 8081 (http) with context path '/fifaparcial'
2026-09-23 10:20:59.885  INFO 25208 --- [fifa] [restartedMain] com.example.demo.DemoApplication         : Started DemoApplication in 1.023 seconds (process running for 437.262)
2026-09-23 10:20:59.886  INFO 25208 --- [fifa] [restartedMain] .ConditionEvaluationDeltaLoggingListener : Condition evaluation unchanged
2026-09-23 10:21:18.588  INFO 25208 --- [fifa] [File Watcher] rtingClassPathChangeChangedEventListener : Restarting due to 1 class path change (0 additions, 0 deletions, 1 modification)
2026-09-23 10:21:18.590  INFO 25208 --- [fifa] [Thread-14] o.s.boot.tomcat.GracefulShutdown         : Commencing graceful shutdown. Waiting for active requests to complete
2026-09-23 10:21:18.615  INFO 25208 --- [fifa] [tomcat-shutdown] o.s.boot.tomcat.GracefulShutdown         : Graceful shutdown complete
2026-09-23 10:21:18.617  INFO 25208 --- [fifa] [Thread-14] j.LocalContainerEntityManagerFactoryBean : Closing JPA EntityManagerFactory for persistence unit 'default'
2026-09-23 10:21:18.619  WARN 25208 --- [fifa] [Thread-14] o.s.b.f.support.DisposableBeanAdapter    : Invocation of destroy method failed on bean with name 'inMemoryDatabaseShutdownExecutor': org.h2.jdbc.JdbcSQLNonTransientConnectionException: La base de datos ya esta cerrada (para des-habilitar el cerrado automatico durante el shutdown de la VM, agregue ";DB_CLOSE_ON_EXIT=FALSE" a la URL de conexión)
Database is already closed (to disable automatic closing at VM shutdown, add ";DB_CLOSE_ON_EXIT=FALSE" to the db URL) [90121-240]
2026-09-23 10:21:18.619  INFO 25208 --- [fifa] [Thread-14] com.zaxxer.hikari.HikariDataSource       : HikariPool-4 - Shutdown initiated...
2026-09-23 10:21:18.620  INFO 25208 --- [fifa] [Thread-14] com.zaxxer.hikari.HikariDataSource       : HikariPool-4 - Shutdown completed.
2026-09-23 10:21:18.699  INFO 25208 --- [fifa] [restartedMain] com.example.demo.DemoApplication         : Starting DemoApplication using Java 24.0.2 with PID 25208 (C:\Users\flore\Documents\UNIVERSIDAD\Sexto Semestre\Compunet 2\SpringBoot\PreParcial_CopaMundial\demo\target\classes started by flore in C:\Users\flore\Documents\UNIVERSIDAD\Sexto Semestre\Compunet 2\SpringBoot\PreParcial_CopaMundial\demo)
2026-09-23 10:21:18.700  INFO 25208 --- [fifa] [restartedMain] com.example.demo.DemoApplication         : The following 1 profile is active: "dev"
2026-09-23 10:21:18.833  INFO 25208 --- [fifa] [restartedMain] .s.d.r.c.RepositoryConfigurationDelegate : Bootstrapping Spring Data JPA repositories in DEFAULT mode.
2026-09-23 10:21:18.850  INFO 25208 --- [fifa] [restartedMain] .s.d.r.c.RepositoryConfigurationDelegate : Finished Spring Data repository scanning in 16 ms. Found 5 JPA repository interfaces.
2026-09-23 10:21:18.906  INFO 25208 --- [fifa] [restartedMain] o.s.boot.tomcat.TomcatWebServer          : Tomcat initialized with port 8081 (http)
2026-09-23 10:21:18.907  INFO 25208 --- [fifa] [restartedMain] o.apache.catalina.core.StandardService   : Starting service [Tomcat]
2026-09-23 10:21:18.907  INFO 25208 --- [fifa] [restartedMain] o.apache.catalina.core.StandardEngine    : Starting Servlet engine: [Apache Tomcat/11.0.24]
2026-09-23 10:21:18.928  INFO 25208 --- [fifa] [restartedMain] b.w.c.s.WebApplicationContextInitializer : Root WebApplicationContext: initialization completed in 227 ms
2026-09-23 10:21:18.953  INFO 25208 --- [fifa] [restartedMain] org.hibernate.orm.jpa                    : HHH008540: Processing PersistenceUnitInfo [name: default]
2026-09-23 10:21:18.985  INFO 25208 --- [fifa] [restartedMain] o.s.o.j.p.SpringPersistenceUnitInfo      : No LoadTimeWeaver setup: ignoring JPA class transformer
2026-09-23 10:21:18.986  INFO 25208 --- [fifa] [restartedMain] com.zaxxer.hikari.HikariDataSource       : HikariPool-5 - Starting...
2026-09-23 10:21:18.987  INFO 25208 --- [fifa] [restartedMain] com.zaxxer.hikari.pool.HikariPool        : HikariPool-5 - Added connection conn20: url=jdbc:h2:mem:db-kevin user=POSTGRES
2026-09-23 10:21:18.988  INFO 25208 --- [fifa] [restartedMain] com.zaxxer.hikari.HikariDataSource       : HikariPool-5 - Start completed.
2026-09-23 10:21:18.988  INFO 25208 --- [fifa] [restartedMain] org.hibernate.orm.connections.pooling    : HHH10001005: Database info:
	Database JDBC URL [jdbc:h2:mem:db-kevin]
	Database driver: H2 JDBC Driver
	Database dialect: H2Dialect
	Database version: 2.4.240
	Default catalog/schema: DB-KEVIN/PUBLIC
	Autocommit mode: undefined/unknown
	Isolation level: READ_COMMITTED [default READ_COMMITTED]
	JDBC fetch size: 100
	Pool: DataSourceConnectionProvider
	Minimum pool size: undefined/unknown
	Maximum pool size: undefined/unknown
2026-09-23 10:21:19.079  INFO 25208 --- [fifa] [restartedMain] org.hibernate.orm.core                   : HHH000489: No JTA platform available (set 'hibernate.transaction.jta.platform' to enable JTA platform integration)
2026-09-23 10:21:19.088  INFO 25208 --- [fifa] [restartedMain] j.LocalContainerEntityManagerFactoryBean : Initialized JPA EntityManagerFactory for persistence unit 'default'
2026-09-23 10:21:19.164  WARN 25208 --- [fifa] [restartedMain] JpaBaseConfiguration$JpaWebConfiguration : spring.jpa.open-in-view is enabled by default. Therefore, database queries may be performed during view rendering. Explicitly configure spring.jpa.open-in-view to disable this warning
2026-09-23 10:21:19.214  INFO 25208 --- [fifa] [restartedMain] o.s.b.h.a.H2ConsoleAutoConfiguration     : H2 console available at '/h2-console'. Database available at 'jdbc:h2:mem:db-kevin'
2026-09-23 10:21:19.231  INFO 25208 --- [fifa] [restartedMain] o.s.boot.tomcat.TomcatWebServer          : Tomcat started on port 8081 (http) with context path '/fifaparcial'
2026-09-23 10:21:19.233  INFO 25208 --- [fifa] [restartedMain] com.example.demo.DemoApplication         : Started DemoApplication in 0.556 seconds (process running for 456.61)
2026-09-23 10:21:19.233  INFO 25208 --- [fifa] [restartedMain] .ConditionEvaluationDeltaLoggingListener : Condition evaluation unchanged
2026-09-23 10:23:12.902  INFO 25208 --- [fifa] [File Watcher] rtingClassPathChangeChangedEventListener : Restarting due to 1 class path change (0 additions, 0 deletions, 1 modification)
2026-09-23 10:23:12.903  INFO 25208 --- [fifa] [Thread-18] o.s.boot.tomcat.GracefulShutdown         : Commencing graceful shutdown. Waiting for active requests to complete
2026-09-23 10:23:12.923  INFO 25208 --- [fifa] [tomcat-shutdown] o.s.boot.tomcat.GracefulShutdown         : Graceful shutdown complete
2026-09-23 10:23:12.924  INFO 25208 --- [fifa] [Thread-18] j.LocalContainerEntityManagerFactoryBean : Closing JPA EntityManagerFactory for persistence unit 'default'
2026-09-23 10:23:12.927  WARN 25208 --- [fifa] [Thread-18] o.s.b.f.support.DisposableBeanAdapter    : Invocation of destroy method failed on bean with name 'inMemoryDatabaseShutdownExecutor': org.h2.jdbc.JdbcSQLNonTransientConnectionException: La base de datos ya esta cerrada (para des-habilitar el cerrado automatico durante el shutdown de la VM, agregue ";DB_CLOSE_ON_EXIT=FALSE" a la URL de conexión)
Database is already closed (to disable automatic closing at VM shutdown, add ";DB_CLOSE_ON_EXIT=FALSE" to the db URL) [90121-240]
2026-09-23 10:23:12.927  INFO 25208 --- [fifa] [Thread-18] com.zaxxer.hikari.HikariDataSource       : HikariPool-5 - Shutdown initiated...
2026-09-23 10:23:12.928  INFO 25208 --- [fifa] [Thread-18] com.zaxxer.hikari.HikariDataSource       : HikariPool-5 - Shutdown completed.
2026-09-23 10:23:13.004  INFO 25208 --- [fifa] [restartedMain] com.example.demo.DemoApplication         : Starting DemoApplication using Java 24.0.2 with PID 25208 (C:\Users\flore\Documents\UNIVERSIDAD\Sexto Semestre\Compunet 2\SpringBoot\PreParcial_CopaMundial\demo\target\classes started by flore in C:\Users\flore\Documents\UNIVERSIDAD\Sexto Semestre\Compunet 2\SpringBoot\PreParcial_CopaMundial\demo)
2026-09-23 10:23:13.005  INFO 25208 --- [fifa] [restartedMain] com.example.demo.DemoApplication         : The following 1 profile is active: "dev"
2026-09-23 10:23:13.130  INFO 25208 --- [fifa] [restartedMain] .s.d.r.c.RepositoryConfigurationDelegate : Bootstrapping Spring Data JPA repositories in DEFAULT mode.
2026-09-23 10:23:13.146  INFO 25208 --- [fifa] [restartedMain] .s.d.r.c.RepositoryConfigurationDelegate : Finished Spring Data repository scanning in 14 ms. Found 5 JPA repository interfaces.
2026-09-23 10:23:13.202  INFO 25208 --- [fifa] [restartedMain] o.s.boot.tomcat.TomcatWebServer          : Tomcat initialized with port 8081 (http)
2026-09-23 10:23:13.202  INFO 25208 --- [fifa] [restartedMain] o.apache.catalina.core.StandardService   : Starting service [Tomcat]
2026-09-23 10:23:13.203  INFO 25208 --- [fifa] [restartedMain] o.apache.catalina.core.StandardEngine    : Starting Servlet engine: [Apache Tomcat/11.0.24]
2026-09-23 10:23:13.223  INFO 25208 --- [fifa] [restartedMain] b.w.c.s.WebApplicationContextInitializer : Root WebApplicationContext: initialization completed in 217 ms
2026-09-23 10:23:13.247  INFO 25208 --- [fifa] [restartedMain] org.hibernate.orm.jpa                    : HHH008540: Processing PersistenceUnitInfo [name: default]
2026-09-23 10:23:13.278  INFO 25208 --- [fifa] [restartedMain] o.s.o.j.p.SpringPersistenceUnitInfo      : No LoadTimeWeaver setup: ignoring JPA class transformer
2026-09-23 10:23:13.279  INFO 25208 --- [fifa] [restartedMain] com.zaxxer.hikari.HikariDataSource       : HikariPool-6 - Starting...
2026-09-23 10:23:13.281  INFO 25208 --- [fifa] [restartedMain] com.zaxxer.hikari.pool.HikariPool        : HikariPool-6 - Added connection conn25: url=jdbc:h2:mem:db-kevin user=POSTGRES
2026-09-23 10:23:13.281  INFO 25208 --- [fifa] [restartedMain] com.zaxxer.hikari.HikariDataSource       : HikariPool-6 - Start completed.
2026-09-23 10:23:13.282  INFO 25208 --- [fifa] [restartedMain] org.hibernate.orm.connections.pooling    : HHH10001005: Database info:
	Database JDBC URL [jdbc:h2:mem:db-kevin]
	Database driver: H2 JDBC Driver
	Database dialect: H2Dialect
	Database version: 2.4.240
	Default catalog/schema: DB-KEVIN/PUBLIC
	Autocommit mode: undefined/unknown
	Isolation level: READ_COMMITTED [default READ_COMMITTED]
	JDBC fetch size: 100
	Pool: DataSourceConnectionProvider
	Minimum pool size: undefined/unknown
	Maximum pool size: undefined/unknown
2026-09-23 10:23:13.361  INFO 25208 --- [fifa] [restartedMain] org.hibernate.orm.core                   : HHH000489: No JTA platform available (set 'hibernate.transaction.jta.platform' to enable JTA platform integration)
2026-09-23 10:23:13.368  INFO 25208 --- [fifa] [restartedMain] j.LocalContainerEntityManagerFactoryBean : Initialized JPA EntityManagerFactory for persistence unit 'default'
2026-09-23 10:23:13.443  WARN 25208 --- [fifa] [restartedMain] JpaBaseConfiguration$JpaWebConfiguration : spring.jpa.open-in-view is enabled by default. Therefore, database queries may be performed during view rendering. Explicitly configure spring.jpa.open-in-view to disable this warning
2026-09-23 10:23:13.528  INFO 25208 --- [fifa] [restartedMain] o.s.b.h.a.H2ConsoleAutoConfiguration     : H2 console available at '/h2-console'. Database available at 'jdbc:h2:mem:db-kevin'
2026-09-23 10:23:13.544  INFO 25208 --- [fifa] [restartedMain] o.s.boot.tomcat.TomcatWebServer          : Tomcat started on port 8081 (http) with context path '/fifaparcial'
2026-09-23 10:23:13.545  INFO 25208 --- [fifa] [restartedMain] com.example.demo.DemoApplication         : Started DemoApplication in 0.564 seconds (process running for 570.922)
2026-09-23 10:23:13.546  INFO 25208 --- [fifa] [restartedMain] .ConditionEvaluationDeltaLoggingListener : Condition evaluation unchanged
2026-09-23 10:23:59.256  INFO 25208 --- [fifa] [File Watcher] rtingClassPathChangeChangedEventListener : Restarting due to 1 class path change (0 additions, 0 deletions, 1 modification)
2026-09-23 10:23:59.257  INFO 25208 --- [fifa] [Thread-22] o.s.boot.tomcat.GracefulShutdown         : Commencing graceful shutdown. Waiting for active requests to complete
2026-09-23 10:23:59.279  INFO 25208 --- [fifa] [tomcat-shutdown] o.s.boot.tomcat.GracefulShutdown         : Graceful shutdown complete
2026-09-23 10:23:59.281  INFO 25208 --- [fifa] [Thread-22] j.LocalContainerEntityManagerFactoryBean : Closing JPA EntityManagerFactory for persistence unit 'default'
2026-09-23 10:23:59.281  WARN 25208 --- [fifa] [Thread-22] o.s.b.f.support.DisposableBeanAdapter    : Invocation of destroy method failed on bean with name 'inMemoryDatabaseShutdownExecutor': org.h2.jdbc.JdbcSQLNonTransientConnectionException: La base de datos ya esta cerrada (para des-habilitar el cerrado automatico durante el shutdown de la VM, agregue ";DB_CLOSE_ON_EXIT=FALSE" a la URL de conexión)
Database is already closed (to disable automatic closing at VM shutdown, add ";DB_CLOSE_ON_EXIT=FALSE" to the db URL) [90121-240]
2026-09-23 10:23:59.283  INFO 25208 --- [fifa] [Thread-22] com.zaxxer.hikari.HikariDataSource       : HikariPool-6 - Shutdown initiated...
2026-09-23 10:23:59.283  INFO 25208 --- [fifa] [Thread-22] com.zaxxer.hikari.HikariDataSource       : HikariPool-6 - Shutdown completed.
2026-09-23 10:23:59.415  INFO 25208 --- [fifa] [restartedMain] com.example.demo.DemoApplication         : Starting DemoApplication using Java 24.0.2 with PID 25208 (C:\Users\flore\Documents\UNIVERSIDAD\Sexto Semestre\Compunet 2\SpringBoot\PreParcial_CopaMundial\demo\target\classes started by flore in C:\Users\flore\Documents\UNIVERSIDAD\Sexto Semestre\Compunet 2\SpringBoot\PreParcial_CopaMundial\demo)
2026-09-23 10:23:59.416  INFO 25208 --- [fifa] [restartedMain] com.example.demo.DemoApplication         : The following 1 profile is active: "dev"
2026-09-23 10:23:59.615  INFO 25208 --- [fifa] [restartedMain] .s.d.r.c.RepositoryConfigurationDelegate : Bootstrapping Spring Data JPA repositories in DEFAULT mode.
2026-09-23 10:23:59.638  INFO 25208 --- [fifa] [restartedMain] .s.d.r.c.RepositoryConfigurationDelegate : Finished Spring Data repository scanning in 19 ms. Found 5 JPA repository interfaces.
2026-09-23 10:23:59.715  INFO 25208 --- [fifa] [restartedMain] o.s.boot.tomcat.TomcatWebServer          : Tomcat initialized with port 8081 (http)
2026-09-23 10:23:59.716  INFO 25208 --- [fifa] [restartedMain] o.apache.catalina.core.StandardService   : Starting service [Tomcat]
2026-09-23 10:23:59.716  INFO 25208 --- [fifa] [restartedMain] o.apache.catalina.core.StandardEngine    : Starting Servlet engine: [Apache Tomcat/11.0.24]
2026-09-23 10:23:59.747  INFO 25208 --- [fifa] [restartedMain] b.w.c.s.WebApplicationContextInitializer : Root WebApplicationContext: initialization completed in 329 ms
2026-09-23 10:23:59.788  INFO 25208 --- [fifa] [restartedMain] org.hibernate.orm.jpa                    : HHH008540: Processing PersistenceUnitInfo [name: default]
2026-09-23 10:23:59.830  INFO 25208 --- [fifa] [restartedMain] o.s.o.j.p.SpringPersistenceUnitInfo      : No LoadTimeWeaver setup: ignoring JPA class transformer
2026-09-23 10:23:59.831  INFO 25208 --- [fifa] [restartedMain] com.zaxxer.hikari.HikariDataSource       : HikariPool-7 - Starting...
2026-09-23 10:23:59.833  INFO 25208 --- [fifa] [restartedMain] com.zaxxer.hikari.pool.HikariPool        : HikariPool-7 - Added connection conn30: url=jdbc:h2:mem:db-kevin user=POSTGRES
2026-09-23 10:23:59.833  INFO 25208 --- [fifa] [restartedMain] com.zaxxer.hikari.HikariDataSource       : HikariPool-7 - Start completed.
2026-09-23 10:23:59.833  INFO 25208 --- [fifa] [restartedMain] org.hibernate.orm.connections.pooling    : HHH10001005: Database info:
	Database JDBC URL [jdbc:h2:mem:db-kevin]
	Database driver: H2 JDBC Driver
	Database dialect: H2Dialect
	Database version: 2.4.240
	Default catalog/schema: DB-KEVIN/PUBLIC
	Autocommit mode: undefined/unknown
	Isolation level: READ_COMMITTED [default READ_COMMITTED]
	JDBC fetch size: 100
	Pool: DataSourceConnectionProvider
	Minimum pool size: undefined/unknown
	Maximum pool size: undefined/unknown
2026-09-23 10:23:59.943  INFO 25208 --- [fifa] [restartedMain] org.hibernate.orm.core                   : HHH000489: No JTA platform available (set 'hibernate.transaction.jta.platform' to enable JTA platform integration)
2026-09-23 10:23:59.956  INFO 25208 --- [fifa] [restartedMain] j.LocalContainerEntityManagerFactoryBean : Initialized JPA EntityManagerFactory for persistence unit 'default'
2026-09-23 10:24:00.061  WARN 25208 --- [fifa] [restartedMain] JpaBaseConfiguration$JpaWebConfiguration : spring.jpa.open-in-view is enabled by default. Therefore, database queries may be performed during view rendering. Explicitly configure spring.jpa.open-in-view to disable this warning
2026-09-23 10:24:00.152  INFO 25208 --- [fifa] [restartedMain] o.s.b.h.a.H2ConsoleAutoConfiguration     : H2 console available at '/h2-console'. Database available at 'jdbc:h2:mem:db-kevin'
2026-09-23 10:24:00.182  INFO 25208 --- [fifa] [restartedMain] o.s.boot.tomcat.TomcatWebServer          : Tomcat started on port 8081 (http) with context path '/fifaparcial'
2026-09-23 10:24:00.184  INFO 25208 --- [fifa] [restartedMain] com.example.demo.DemoApplication         : Started DemoApplication in 0.814 seconds (process running for 617.562)
2026-09-23 10:24:00.186  INFO 25208 --- [fifa] [restartedMain] .ConditionEvaluationDeltaLoggingListener : Condition evaluation unchanged
2026-09-23 10:27:10.424  INFO 25208 --- [fifa] [File Watcher] rtingClassPathChangeChangedEventListener : Restarting due to 2 class path changes (0 additions, 0 deletions, 2 modifications)
2026-09-23 10:27:10.426  INFO 25208 --- [fifa] [Thread-26] o.s.boot.tomcat.GracefulShutdown         : Commencing graceful shutdown. Waiting for active requests to complete
2026-09-23 10:27:10.453  INFO 25208 --- [fifa] [tomcat-shutdown] o.s.boot.tomcat.GracefulShutdown         : Graceful shutdown complete
2026-09-23 10:27:10.454  INFO 25208 --- [fifa] [Thread-26] j.LocalContainerEntityManagerFactoryBean : Closing JPA EntityManagerFactory for persistence unit 'default'
2026-09-23 10:27:10.456  WARN 25208 --- [fifa] [Thread-26] o.s.b.f.support.DisposableBeanAdapter    : Invocation of destroy method failed on bean with name 'inMemoryDatabaseShutdownExecutor': org.h2.jdbc.JdbcSQLNonTransientConnectionException: La base de datos ya esta cerrada (para des-habilitar el cerrado automatico durante el shutdown de la VM, agregue ";DB_CLOSE_ON_EXIT=FALSE" a la URL de conexión)
Database is already closed (to disable automatic closing at VM shutdown, add ";DB_CLOSE_ON_EXIT=FALSE" to the db URL) [90121-240]
2026-09-23 10:27:10.456  INFO 25208 --- [fifa] [Thread-26] com.zaxxer.hikari.HikariDataSource       : HikariPool-7 - Shutdown initiated...
2026-09-23 10:27:10.457  INFO 25208 --- [fifa] [Thread-26] com.zaxxer.hikari.HikariDataSource       : HikariPool-7 - Shutdown completed.
2026-09-23 10:27:10.544  INFO 25208 --- [fifa] [restartedMain] com.example.demo.DemoApplication         : Starting DemoApplication using Java 24.0.2 with PID 25208 (C:\Users\flore\Documents\UNIVERSIDAD\Sexto Semestre\Compunet 2\SpringBoot\PreParcial_CopaMundial\demo\target\classes started by flore in C:\Users\flore\Documents\UNIVERSIDAD\Sexto Semestre\Compunet 2\SpringBoot\PreParcial_CopaMundial\demo)
2026-09-23 10:27:10.544  INFO 25208 --- [fifa] [restartedMain] com.example.demo.DemoApplication         : The following 1 profile is active: "dev"
2026-09-23 10:27:10.684  INFO 25208 --- [fifa] [restartedMain] .s.d.r.c.RepositoryConfigurationDelegate : Bootstrapping Spring Data JPA repositories in DEFAULT mode.
2026-09-23 10:27:10.700  INFO 25208 --- [fifa] [restartedMain] .s.d.r.c.RepositoryConfigurationDelegate : Finished Spring Data repository scanning in 14 ms. Found 5 JPA repository interfaces.
2026-09-23 10:27:10.754  INFO 25208 --- [fifa] [restartedMain] o.s.boot.tomcat.TomcatWebServer          : Tomcat initialized with port 8081 (http)
2026-09-23 10:27:10.754  INFO 25208 --- [fifa] [restartedMain] o.apache.catalina.core.StandardService   : Starting service [Tomcat]
2026-09-23 10:27:10.754  INFO 25208 --- [fifa] [restartedMain] o.apache.catalina.core.StandardEngine    : Starting Servlet engine: [Apache Tomcat/11.0.24]
2026-09-23 10:27:10.775  INFO 25208 --- [fifa] [restartedMain] b.w.c.s.WebApplicationContextInitializer : Root WebApplicationContext: initialization completed in 229 ms
2026-09-23 10:27:10.799  INFO 25208 --- [fifa] [restartedMain] org.hibernate.orm.jpa                    : HHH008540: Processing PersistenceUnitInfo [name: default]
2026-09-23 10:27:10.831  INFO 25208 --- [fifa] [restartedMain] o.s.o.j.p.SpringPersistenceUnitInfo      : No LoadTimeWeaver setup: ignoring JPA class transformer
2026-09-23 10:27:10.831  INFO 25208 --- [fifa] [restartedMain] com.zaxxer.hikari.HikariDataSource       : HikariPool-8 - Starting...
2026-09-23 10:27:10.833  INFO 25208 --- [fifa] [restartedMain] com.zaxxer.hikari.pool.HikariPool        : HikariPool-8 - Added connection conn35: url=jdbc:h2:mem:db-kevin user=POSTGRES
2026-09-23 10:27:10.833  INFO 25208 --- [fifa] [restartedMain] com.zaxxer.hikari.HikariDataSource       : HikariPool-8 - Start completed.
2026-09-23 10:27:10.834  INFO 25208 --- [fifa] [restartedMain] org.hibernate.orm.connections.pooling    : HHH10001005: Database info:
	Database JDBC URL [jdbc:h2:mem:db-kevin]
	Database driver: H2 JDBC Driver
	Database dialect: H2Dialect
	Database version: 2.4.240
	Default catalog/schema: DB-KEVIN/PUBLIC
	Autocommit mode: undefined/unknown
	Isolation level: READ_COMMITTED [default READ_COMMITTED]
	JDBC fetch size: 100
	Pool: DataSourceConnectionProvider
	Minimum pool size: undefined/unknown
	Maximum pool size: undefined/unknown
2026-09-23 10:27:10.912  INFO 25208 --- [fifa] [restartedMain] org.hibernate.orm.core                   : HHH000489: No JTA platform available (set 'hibernate.transaction.jta.platform' to enable JTA platform integration)
2026-09-23 10:27:10.919  INFO 25208 --- [fifa] [restartedMain] j.LocalContainerEntityManagerFactoryBean : Initialized JPA EntityManagerFactory for persistence unit 'default'
2026-09-23 10:27:11.005  WARN 25208 --- [fifa] [restartedMain] ConfigServletWebServerApplicationContext : Exception encountered during context initialization - cancelling refresh attempt: org.springframework.beans.factory.UnsatisfiedDependencyException: Error creating bean with name 'playerController' defined in file [C:\Users\flore\Documents\UNIVERSIDAD\Sexto Semestre\Compunet 2\SpringBoot\PreParcial_CopaMundial\demo\target\classes\com\example\demo\controller\PlayerController.class]: Unsatisfied dependency expressed through constructor parameter 0: Error creating bean with name 'playerServiceImpl' defined in file [C:\Users\flore\Documents\UNIVERSIDAD\Sexto Semestre\Compunet 2\SpringBoot\PreParcial_CopaMundial\demo\target\classes\com\example\demo\service\impl\PlayerServiceImpl.class]: Unsatisfied dependency expressed through constructor parameter 0: Error creating bean with name 'playerRepository' defined in com.example.demo.repository.PlayerRepository defined in @EnableJpaRepositories declared on DataJpaRepositoriesRegistrar.EnableJpaRepositoriesConfiguration: No property 'playerClubsclubname' found for type 'Player'
2026-09-23 10:27:11.005  INFO 25208 --- [fifa] [restartedMain] j.LocalContainerEntityManagerFactoryBean : Closing JPA EntityManagerFactory for persistence unit 'default'
2026-09-23 10:27:11.008  WARN 25208 --- [fifa] [restartedMain] o.s.b.f.support.DisposableBeanAdapter    : Invocation of destroy method failed on bean with name 'inMemoryDatabaseShutdownExecutor': org.h2.jdbc.JdbcSQLNonTransientConnectionException: La base de datos ya esta cerrada (para des-habilitar el cerrado automatico durante el shutdown de la VM, agregue ";DB_CLOSE_ON_EXIT=FALSE" a la URL de conexión)
Database is already closed (to disable automatic closing at VM shutdown, add ";DB_CLOSE_ON_EXIT=FALSE" to the db URL) [90121-240]
2026-09-23 10:27:11.008  INFO 25208 --- [fifa] [restartedMain] com.zaxxer.hikari.HikariDataSource       : HikariPool-8 - Shutdown initiated...
2026-09-23 10:27:11.027  INFO 25208 --- [fifa] [restartedMain] com.zaxxer.hikari.HikariDataSource       : HikariPool-8 - Shutdown completed.
2026-09-23 10:27:11.029  INFO 25208 --- [fifa] [restartedMain] o.apache.catalina.core.StandardService   : Stopping service [Tomcat]
2026-09-23 10:27:11.040  INFO 25208 --- [fifa] [restartedMain] .s.b.a.l.ConditionEvaluationReportLogger : 

Error starting ApplicationContext. To display the condition evaluation report re-run your application with 'debug' enabled.
2026-09-23 10:27:11.064 ERROR 25208 --- [fifa] [restartedMain] o.s.boot.SpringApplication               : Application run failed

org.springframework.beans.factory.UnsatisfiedDependencyException: Error creating bean with name 'playerController' defined in file [C:\Users\flore\Documents\UNIVERSIDAD\Sexto Semestre\Compunet 2\SpringBoot\PreParcial_CopaMundial\demo\target\classes\com\example\demo\controller\PlayerController.class]: Unsatisfied dependency expressed through constructor parameter 0: Error creating bean with name 'playerServiceImpl' defined in file [C:\Users\flore\Documents\UNIVERSIDAD\Sexto Semestre\Compunet 2\SpringBoot\PreParcial_CopaMundial\demo\target\classes\com\example\demo\service\impl\PlayerServiceImpl.class]: Unsatisfied dependency expressed through constructor parameter 0: Error creating bean with name 'playerRepository' defined in com.example.demo.repository.PlayerRepository defined in @EnableJpaRepositories declared on DataJpaRepositoriesRegistrar.EnableJpaRepositoriesConfiguration: No property 'playerClubsclubname' found for type 'Player'
	at org.springframework.beans.factory.support.ConstructorResolver.createArgumentArray(ConstructorResolver.java:804) ~[spring-beans-7.0.9.jar:7.0.9]
	at org.springframework.beans.factory.support.ConstructorResolver.autowireConstructor(ConstructorResolver.java:240) ~[spring-beans-7.0.9.jar:7.0.9]
	at org.springframework.beans.factory.support.AbstractAutowireCapableBeanFactory.autowireConstructor(AbstractAutowireCapableBeanFactory.java:1380) ~[spring-beans-7.0.9.jar:7.0.9]
	at org.springframework.beans.factory.support.AbstractAutowireCapableBeanFactory.createBeanInstance(AbstractAutowireCapableBeanFactory.java:1219) ~[spring-beans-7.0.9.jar:7.0.9]
	at org.springframework.beans.factory.support.AbstractAutowireCapableBeanFactory.doCreateBean(AbstractAutowireCapableBeanFactory.java:565) ~[spring-beans-7.0.9.jar:7.0.9]
	at org.springframework.beans.factory.support.AbstractAutowireCapableBeanFactory.createBean(AbstractAutowireCapableBeanFactory.java:525) ~[spring-beans-7.0.9.jar:7.0.9]
	at org.springframework.beans.factory.support.AbstractBeanFactory.lambda$doGetBean$0(AbstractBeanFactory.java:333) ~[spring-beans-7.0.9.jar:7.0.9]
	at org.springframework.beans.factory.support.DefaultSingletonBeanRegistry.getSingleton(DefaultSingletonBeanRegistry.java:371) ~[spring-beans-7.0.9.jar:7.0.9]
	at org.springframework.beans.factory.support.AbstractBeanFactory.doGetBean(AbstractBeanFactory.java:331) ~[spring-beans-7.0.9.jar:7.0.9]
	at org.springframework.beans.factory.support.AbstractBeanFactory.getBean(AbstractBeanFactory.java:196) ~[spring-beans-7.0.9.jar:7.0.9]
	at org.springframework.beans.factory.support.DefaultListableBeanFactory.instantiateSingleton(DefaultListableBeanFactory.java:1225) ~[spring-beans-7.0.9.jar:7.0.9]
	at org.springframework.beans.factory.support.DefaultListableBeanFactory.preInstantiateSingleton(DefaultListableBeanFactory.java:1191) ~[spring-beans-7.0.9.jar:7.0.9]
	at org.springframework.beans.factory.support.DefaultListableBeanFactory.preInstantiateSingletons(DefaultListableBeanFactory.java:1121) ~[spring-beans-7.0.9.jar:7.0.9]
	at org.springframework.context.support.AbstractApplicationContext.finishBeanFactoryInitialization(AbstractApplicationContext.java:994) ~[spring-context-7.0.9.jar:7.0.9]
	at org.springframework.context.support.AbstractApplicationContext.refresh(AbstractApplicationContext.java:621) ~[spring-context-7.0.9.jar:7.0.9]
	at org.springframework.boot.web.server.servlet.context.ServletWebServerApplicationContext.refresh(ServletWebServerApplicationContext.java:143) ~[spring-boot-web-server-4.1.1.jar:4.1.1]
	at org.springframework.boot.SpringApplication.refresh(SpringApplication.java:756) ~[spring-boot-4.1.1.jar:4.1.1]
	at org.springframework.boot.SpringApplication.refreshContext(SpringApplication.java:445) ~[spring-boot-4.1.1.jar:4.1.1]
	at org.springframework.boot.SpringApplication.run(SpringApplication.java:321) ~[spring-boot-4.1.1.jar:4.1.1]
	at org.springframework.boot.SpringApplication.run(SpringApplication.java:1365) ~[spring-boot-4.1.1.jar:4.1.1]
	at org.springframework.boot.SpringApplication.run(SpringApplication.java:1354) ~[spring-boot-4.1.1.jar:4.1.1]
	at com.example.demo.DemoApplication.main(DemoApplication.java:10) ~[classes/:na]
	at java.base/jdk.internal.reflect.DirectMethodHandleAccessor.invoke(DirectMethodHandleAccessor.java:104) ~[na:na]
	at java.base/java.lang.reflect.Method.invoke(Method.java:565) ~[na:na]
	at org.springframework.boot.devtools.restart.RestartLauncher.run(RestartLauncher.java:52) ~[spring-boot-devtools-4.1.1.jar:4.1.1]
Caused by: org.springframework.beans.factory.UnsatisfiedDependencyException: Error creating bean with name 'playerServiceImpl' defined in file [C:\Users\flore\Documents\UNIVERSIDAD\Sexto Semestre\Compunet 2\SpringBoot\PreParcial_CopaMundial\demo\target\classes\com\example\demo\service\impl\PlayerServiceImpl.class]: Unsatisfied dependency expressed through constructor parameter 0: Error creating bean with name 'playerRepository' defined in com.example.demo.repository.PlayerRepository defined in @EnableJpaRepositories declared on DataJpaRepositoriesRegistrar.EnableJpaRepositoriesConfiguration: No property 'playerClubsclubname' found for type 'Player'
	at org.springframework.beans.factory.support.ConstructorResolver.createArgumentArray(ConstructorResolver.java:804) ~[spring-beans-7.0.9.jar:7.0.9]
	at org.springframework.beans.factory.support.ConstructorResolver.autowireConstructor(ConstructorResolver.java:240) ~[spring-beans-7.0.9.jar:7.0.9]
	at org.springframework.beans.factory.support.AbstractAutowireCapableBeanFactory.autowireConstructor(AbstractAutowireCapableBeanFactory.java:1380) ~[spring-beans-7.0.9.jar:7.0.9]
	at org.springframework.beans.factory.support.AbstractAutowireCapableBeanFactory.createBeanInstance(AbstractAutowireCapableBeanFactory.java:1219) ~[spring-beans-7.0.9.jar:7.0.9]
	at org.springframework.beans.factory.support.AbstractAutowireCapableBeanFactory.doCreateBean(AbstractAutowireCapableBeanFactory.java:565) ~[spring-beans-7.0.9.jar:7.0.9]
	at org.springframework.beans.factory.support.AbstractAutowireCapableBeanFactory.createBean(AbstractAutowireCapableBeanFactory.java:525) ~[spring-beans-7.0.9.jar:7.0.9]
	at org.springframework.beans.factory.support.AbstractBeanFactory.lambda$doGetBean$0(AbstractBeanFactory.java:333) ~[spring-beans-7.0.9.jar:7.0.9]
	at org.springframework.beans.factory.support.DefaultSingletonBeanRegistry.getSingleton(DefaultSingletonBeanRegistry.java:371) ~[spring-beans-7.0.9.jar:7.0.9]
	at org.springframework.beans.factory.support.AbstractBeanFactory.doGetBean(AbstractBeanFactory.java:331) ~[spring-beans-7.0.9.jar:7.0.9]
	at org.springframework.beans.factory.support.AbstractBeanFactory.getBean(AbstractBeanFactory.java:201) ~[spring-beans-7.0.9.jar:7.0.9]
	at org.springframework.beans.factory.config.DependencyDescriptor.resolveCandidate(DependencyDescriptor.java:229) ~[spring-beans-7.0.9.jar:7.0.9]
	at org.springframework.beans.factory.support.DefaultListableBeanFactory.doResolveDependency(DefaultListableBeanFactory.java:1769) ~[spring-beans-7.0.9.jar:7.0.9]
	at org.springframework.beans.factory.support.DefaultListableBeanFactory.resolveDependency(DefaultListableBeanFactory.java:1658) ~[spring-beans-7.0.9.jar:7.0.9]
	at org.springframework.beans.factory.support.ConstructorResolver.resolveAutowiredArgument(ConstructorResolver.java:912) ~[spring-beans-7.0.9.jar:7.0.9]
	at org.springframework.beans.factory.support.ConstructorResolver.createArgumentArray(ConstructorResolver.java:791) ~[spring-beans-7.0.9.jar:7.0.9]
	... 24 common frames omitted
Caused by: org.springframework.beans.factory.BeanCreationException: Error creating bean with name 'playerRepository' defined in com.example.demo.repository.PlayerRepository defined in @EnableJpaRepositories declared on DataJpaRepositoriesRegistrar.EnableJpaRepositoriesConfiguration: No property 'playerClubsclubname' found for type 'Player'
	at org.springframework.beans.factory.support.AbstractAutowireCapableBeanFactory.initializeBean(AbstractAutowireCapableBeanFactory.java:1815) ~[spring-beans-7.0.9.jar:7.0.9]
	at org.springframework.beans.factory.support.AbstractAutowireCapableBeanFactory.doCreateBean(AbstractAutowireCapableBeanFactory.java:603) ~[spring-beans-7.0.9.jar:7.0.9]
	at org.springframework.beans.factory.support.AbstractAutowireCapableBeanFactory.createBean(AbstractAutowireCapableBeanFactory.java:525) ~[spring-beans-7.0.9.jar:7.0.9]
	at org.springframework.beans.factory.support.AbstractBeanFactory.lambda$doGetBean$0(AbstractBeanFactory.java:333) ~[spring-beans-7.0.9.jar:7.0.9]
	at org.springframework.beans.factory.support.DefaultSingletonBeanRegistry.getSingleton(DefaultSingletonBeanRegistry.java:371) ~[spring-beans-7.0.9.jar:7.0.9]
	at org.springframework.beans.factory.support.AbstractBeanFactory.doGetBean(AbstractBeanFactory.java:331) ~[spring-beans-7.0.9.jar:7.0.9]
	at org.springframework.beans.factory.support.AbstractBeanFactory.getBean(AbstractBeanFactory.java:201) ~[spring-beans-7.0.9.jar:7.0.9]
	at org.springframework.beans.factory.support.DefaultListableBeanFactory.resolveBean(DefaultListableBeanFactory.java:1232) ~[spring-beans-7.0.9.jar:7.0.9]
	at org.springframework.beans.factory.support.DefaultListableBeanFactory.doResolveDependency(DefaultListableBeanFactory.java:1711) ~[spring-beans-7.0.9.jar:7.0.9]
	at org.springframework.beans.factory.support.DefaultListableBeanFactory.resolveDependency(DefaultListableBeanFactory.java:1658) ~[spring-beans-7.0.9.jar:7.0.9]
	at org.springframework.beans.factory.support.ConstructorResolver.resolveAutowiredArgument(ConstructorResolver.java:912) ~[spring-beans-7.0.9.jar:7.0.9]
	at org.springframework.beans.factory.support.ConstructorResolver.createArgumentArray(ConstructorResolver.java:791) ~[spring-beans-7.0.9.jar:7.0.9]
	... 38 common frames omitted
Caused by: org.springframework.data.repository.query.QueryCreationException: Cannot create query for method [PlayerRepository.findDistinctByPlayerClubsclubname(java.lang.String)]; No property 'playerClubsclubname' found for type 'Player'
	at org.springframework.data.repository.query.QueryCreationException.create(QueryCreationException.java:109) ~[spring-data-commons-4.1.1.jar:4.1.1]
	at org.springframework.data.jpa.repository.query.PartTreeJpaQuery.<init>(PartTreeJpaQuery.java:114) ~[spring-data-jpa-4.1.1.jar:4.1.1]
	at org.springframework.data.jpa.repository.query.JpaQueryLookupStrategy$CreateQueryLookupStrategy.resolveQuery(JpaQueryLookupStrategy.java:118) ~[spring-data-jpa-4.1.1.jar:4.1.1]
	at org.springframework.data.jpa.repository.query.JpaQueryLookupStrategy$CreateIfNotFoundQueryLookupStrategy.resolveQuery(JpaQueryLookupStrategy.java:291) ~[spring-data-jpa-4.1.1.jar:4.1.1]
	at org.springframework.data.jpa.repository.query.JpaQueryLookupStrategy$AbstractQueryLookupStrategy.resolveQuery(JpaQueryLookupStrategy.java:93) ~[spring-data-jpa-4.1.1.jar:4.1.1]
	at org.springframework.data.repository.core.support.QueryExecutorMethodInterceptor.lookupQuery(QueryExecutorMethodInterceptor.java:114) ~[spring-data-commons-4.1.1.jar:4.1.1]
	at org.springframework.data.repository.core.support.QueryExecutorMethodInterceptor.mapMethodsToQuery(QueryExecutorMethodInterceptor.java:102) ~[spring-data-commons-4.1.1.jar:4.1.1]
	at org.springframework.data.repository.core.support.QueryExecutorMethodInterceptor.<init>(QueryExecutorMethodInterceptor.java:90) ~[spring-data-commons-4.1.1.jar:4.1.1]
	at org.springframework.data.repository.core.support.RepositoryFactorySupport.getRepository(RepositoryFactorySupport.java:413) ~[spring-data-commons-4.1.1.jar:4.1.1]
	at org.springframework.data.repository.core.support.RepositoryFactoryBeanSupport.lambda$afterPropertiesSet$1(RepositoryFactoryBeanSupport.java:361) ~[spring-data-commons-4.1.1.jar:4.1.1]
	at org.springframework.data.util.Lazy.getNullable(Lazy.java:136) ~[spring-data-commons-4.1.1.jar:4.1.1]
	at org.springframework.data.util.Lazy.get(Lazy.java:114) ~[spring-data-commons-4.1.1.jar:4.1.1]
	at org.springframework.data.repository.core.support.RepositoryFactoryBeanSupport.afterPropertiesSet(RepositoryFactoryBeanSupport.java:370) ~[spring-data-commons-4.1.1.jar:4.1.1]
	at org.springframework.data.jpa.repository.support.JpaRepositoryFactoryBean.afterPropertiesSet(JpaRepositoryFactoryBean.java:212) ~[spring-data-jpa-4.1.1.jar:4.1.1]
	at org.springframework.beans.factory.support.AbstractAutowireCapableBeanFactory.invokeInitMethods(AbstractAutowireCapableBeanFactory.java:1862) ~[spring-beans-7.0.9.jar:7.0.9]
	at org.springframework.beans.factory.support.AbstractAutowireCapableBeanFactory.initializeBean(AbstractAutowireCapableBeanFactory.java:1811) ~[spring-beans-7.0.9.jar:7.0.9]
	... 49 common frames omitted
Caused by: org.springframework.data.core.PropertyReferenceException: No property 'playerClubsclubname' found for type 'Player'
	at org.springframework.data.core.SimplePropertyPath.<init>(SimplePropertyPath.java:94) ~[spring-data-commons-4.1.1.jar:4.1.1]
	at org.springframework.data.core.SimplePropertyPath.create(SimplePropertyPath.java:322) ~[spring-data-commons-4.1.1.jar:4.1.1]
	at org.springframework.data.core.SimplePropertyPath.create(SimplePropertyPath.java:297) ~[spring-data-commons-4.1.1.jar:4.1.1]
	at org.springframework.data.core.SimplePropertyPath.lambda$from$0(SimplePropertyPath.java:250) ~[spring-data-commons-4.1.1.jar:4.1.1]
	at org.springframework.util.ConcurrentReferenceHashMap$6.execute(ConcurrentReferenceHashMap.java:387) ~[spring-core-7.0.9.jar:7.0.9]
	at org.springframework.util.ConcurrentReferenceHashMap$Segment.doTask(ConcurrentReferenceHashMap.java:688) ~[spring-core-7.0.9.jar:7.0.9]
	at org.springframework.util.ConcurrentReferenceHashMap.doTask(ConcurrentReferenceHashMap.java:572) ~[spring-core-7.0.9.jar:7.0.9]
	at org.springframework.util.ConcurrentReferenceHashMap.computeIfAbsent(ConcurrentReferenceHashMap.java:381) ~[spring-core-7.0.9.jar:7.0.9]
	at org.springframework.data.core.SimplePropertyPath.from(SimplePropertyPath.java:228) ~[spring-data-commons-4.1.1.jar:4.1.1]
	at org.springframework.data.core.PropertyPath.from(PropertyPath.java:264) ~[spring-data-commons-4.1.1.jar:4.1.1]
	at org.springframework.data.core.PropertyPath.from(PropertyPath.java:247) ~[spring-data-commons-4.1.1.jar:4.1.1]
	at org.springframework.data.repository.query.parser.Part.<init>(Part.java:81) ~[spring-data-commons-4.1.1.jar:4.1.1]
	at org.springframework.data.repository.query.parser.PartTree$OrPart.lambda$new$0(PartTree.java:260) ~[spring-data-commons-4.1.1.jar:4.1.1]
	at java.base/java.util.stream.ReferencePipeline$3$1.accept(ReferencePipeline.java:215) ~[na:na]
	at java.base/java.util.stream.ReferencePipeline$2$1.accept(ReferencePipeline.java:197) ~[na:na]
	at java.base/java.util.Spliterators$ArraySpliterator.forEachRemaining(Spliterators.java:1024) ~[na:na]
	at java.base/java.util.stream.AbstractPipeline.copyInto(AbstractPipeline.java:570) ~[na:na]
	at java.base/java.util.stream.AbstractPipeline.wrapAndCopyInto(AbstractPipeline.java:560) ~[na:na]
	at java.base/java.util.stream.ReduceOps$ReduceOp.evaluateSequential(ReduceOps.java:921) ~[na:na]
	at java.base/java.util.stream.AbstractPipeline.evaluate(AbstractPipeline.java:265) ~[na:na]
	at java.base/java.util.stream.ReferencePipeline.collect(ReferencePipeline.java:727) ~[na:na]
	at org.springframework.data.repository.query.parser.PartTree$OrPart.<init>(PartTree.java:261) ~[spring-data-commons-4.1.1.jar:4.1.1]
	at org.springframework.data.repository.query.parser.PartTree$Predicate.lambda$new$0(PartTree.java:390) ~[spring-data-commons-4.1.1.jar:4.1.1]
	at java.base/java.util.stream.ReferencePipeline$3$1.accept(ReferencePipeline.java:215) ~[na:na]
	at java.base/java.util.stream.ReferencePipeline$2$1.accept(ReferencePipeline.java:197) ~[na:na]
	at java.base/java.util.Spliterators$ArraySpliterator.forEachRemaining(Spliterators.java:1024) ~[na:na]
	at java.base/java.util.stream.AbstractPipeline.copyInto(AbstractPipeline.java:570) ~[na:na]
	at java.base/java.util.stream.AbstractPipeline.wrapAndCopyInto(AbstractPipeline.java:560) ~[na:na]
	at java.base/java.util.stream.ReduceOps$ReduceOp.evaluateSequential(ReduceOps.java:921) ~[na:na]
	at java.base/java.util.stream.AbstractPipeline.evaluate(AbstractPipeline.java:265) ~[na:na]
	at java.base/java.util.stream.ReferencePipeline.collect(ReferencePipeline.java:727) ~[na:na]
	at org.springframework.data.repository.query.parser.PartTree$Predicate.<init>(PartTree.java:391) ~[spring-data-commons-4.1.1.jar:4.1.1]
	at org.springframework.data.repository.query.parser.PartTree.<init>(PartTree.java:104) ~[spring-data-commons-4.1.1.jar:4.1.1]
	at org.springframework.data.jpa.repository.query.PartTreeJpaQuery.<init>(PartTreeJpaQuery.java:108) ~[spring-data-jpa-4.1.1.jar:4.1.1]
	... 63 common frames omitted

2026-09-23 10:27:29.859  INFO 25208 --- [fifa] [restartedMain] com.example.demo.DemoApplication         : Starting DemoApplication using Java 24.0.2 with PID 25208 (C:\Users\flore\Documents\UNIVERSIDAD\Sexto Semestre\Compunet 2\SpringBoot\PreParcial_CopaMundial\demo\target\classes started by flore in C:\Users\flore\Documents\UNIVERSIDAD\Sexto Semestre\Compunet 2\SpringBoot\PreParcial_CopaMundial\demo)
2026-09-23 10:27:29.859  INFO 25208 --- [fifa] [restartedMain] com.example.demo.DemoApplication         : The following 1 profile is active: "dev"
2026-09-23 10:27:29.997  INFO 25208 --- [fifa] [restartedMain] .s.d.r.c.RepositoryConfigurationDelegate : Bootstrapping Spring Data JPA repositories in DEFAULT mode.
2026-09-23 10:27:30.013  INFO 25208 --- [fifa] [restartedMain] .s.d.r.c.RepositoryConfigurationDelegate : Finished Spring Data repository scanning in 14 ms. Found 5 JPA repository interfaces.
2026-09-23 10:27:30.067  INFO 25208 --- [fifa] [restartedMain] o.s.boot.tomcat.TomcatWebServer          : Tomcat initialized with port 8081 (http)
2026-09-23 10:27:30.069  INFO 25208 --- [fifa] [restartedMain] o.apache.catalina.core.StandardService   : Starting service [Tomcat]
2026-09-23 10:27:30.070  INFO 25208 --- [fifa] [restartedMain] o.apache.catalina.core.StandardEngine    : Starting Servlet engine: [Apache Tomcat/11.0.24]
2026-09-23 10:27:30.088  INFO 25208 --- [fifa] [restartedMain] b.w.c.s.WebApplicationContextInitializer : Root WebApplicationContext: initialization completed in 228 ms
2026-09-23 10:27:30.116  INFO 25208 --- [fifa] [restartedMain] org.hibernate.orm.jpa                    : HHH008540: Processing PersistenceUnitInfo [name: default]
2026-09-23 10:27:30.147  INFO 25208 --- [fifa] [restartedMain] o.s.o.j.p.SpringPersistenceUnitInfo      : No LoadTimeWeaver setup: ignoring JPA class transformer
2026-09-23 10:27:30.148  INFO 25208 --- [fifa] [restartedMain] com.zaxxer.hikari.HikariDataSource       : HikariPool-9 - Starting...
2026-09-23 10:27:30.149  INFO 25208 --- [fifa] [restartedMain] com.zaxxer.hikari.pool.HikariPool        : HikariPool-9 - Added connection conn39: url=jdbc:h2:mem:db-kevin user=POSTGRES
2026-09-23 10:27:30.149  INFO 25208 --- [fifa] [restartedMain] com.zaxxer.hikari.HikariDataSource       : HikariPool-9 - Start completed.
2026-09-23 10:27:30.150  INFO 25208 --- [fifa] [restartedMain] org.hibernate.orm.connections.pooling    : HHH10001005: Database info:
	Database JDBC URL [jdbc:h2:mem:db-kevin]
	Database driver: H2 JDBC Driver
	Database dialect: H2Dialect
	Database version: 2.4.240
	Default catalog/schema: DB-KEVIN/PUBLIC
	Autocommit mode: undefined/unknown
	Isolation level: READ_COMMITTED [default READ_COMMITTED]
	JDBC fetch size: 100
	Pool: DataSourceConnectionProvider
	Minimum pool size: undefined/unknown
	Maximum pool size: undefined/unknown
2026-09-23 10:27:30.226  INFO 25208 --- [fifa] [restartedMain] org.hibernate.orm.core                   : HHH000489: No JTA platform available (set 'hibernate.transaction.jta.platform' to enable JTA platform integration)
2026-09-23 10:27:30.234  INFO 25208 --- [fifa] [restartedMain] j.LocalContainerEntityManagerFactoryBean : Initialized JPA EntityManagerFactory for persistence unit 'default'
2026-09-23 10:27:30.271  WARN 25208 --- [fifa] [restartedMain] ConfigServletWebServerApplicationContext : Exception encountered during context initialization - cancelling refresh attempt: org.springframework.beans.factory.UnsatisfiedDependencyException: Error creating bean with name 'playerController' defined in file [C:\Users\flore\Documents\UNIVERSIDAD\Sexto Semestre\Compunet 2\SpringBoot\PreParcial_CopaMundial\demo\target\classes\com\example\demo\controller\PlayerController.class]: Unsatisfied dependency expressed through constructor parameter 0: Error creating bean with name 'playerServiceImpl' defined in file [C:\Users\flore\Documents\UNIVERSIDAD\Sexto Semestre\Compunet 2\SpringBoot\PreParcial_CopaMundial\demo\target\classes\com\example\demo\service\impl\PlayerServiceImpl.class]: Unsatisfied dependency expressed through constructor parameter 0: Error creating bean with name 'playerRepository' defined in com.example.demo.repository.PlayerRepository defined in @EnableJpaRepositories declared on DataJpaRepositoriesRegistrar.EnableJpaRepositoriesConfiguration: No property 'playerClubsclubname' found for type 'Player'
2026-09-23 10:27:30.271  INFO 25208 --- [fifa] [restartedMain] j.LocalContainerEntityManagerFactoryBean : Closing JPA EntityManagerFactory for persistence unit 'default'
2026-09-23 10:27:30.272  WARN 25208 --- [fifa] [restartedMain] o.s.b.f.support.DisposableBeanAdapter    : Invocation of destroy method failed on bean with name 'inMemoryDatabaseShutdownExecutor': org.h2.jdbc.JdbcSQLNonTransientConnectionException: La base de datos ya esta cerrada (para des-habilitar el cerrado automatico durante el shutdown de la VM, agregue ";DB_CLOSE_ON_EXIT=FALSE" a la URL de conexión)
Database is already closed (to disable automatic closing at VM shutdown, add ";DB_CLOSE_ON_EXIT=FALSE" to the db URL) [90121-240]
2026-09-23 10:27:30.272  INFO 25208 --- [fifa] [restartedMain] com.zaxxer.hikari.HikariDataSource       : HikariPool-9 - Shutdown initiated...
2026-09-23 10:27:30.282  INFO 25208 --- [fifa] [restartedMain] com.zaxxer.hikari.HikariDataSource       : HikariPool-9 - Shutdown completed.
2026-09-23 10:27:30.282  INFO 25208 --- [fifa] [restartedMain] o.apache.catalina.core.StandardService   : Stopping service [Tomcat]
2026-09-23 10:27:30.286  INFO 25208 --- [fifa] [restartedMain] .s.b.a.l.ConditionEvaluationReportLogger : 

Error starting ApplicationContext. To display the condition evaluation report re-run your application with 'debug' enabled.
2026-09-23 10:27:30.288 ERROR 25208 --- [fifa] [restartedMain] o.s.boot.SpringApplication               : Application run failed

org.springframework.beans.factory.UnsatisfiedDependencyException: Error creating bean with name 'playerController' defined in file [C:\Users\flore\Documents\UNIVERSIDAD\Sexto Semestre\Compunet 2\SpringBoot\PreParcial_CopaMundial\demo\target\classes\com\example\demo\controller\PlayerController.class]: Unsatisfied dependency expressed through constructor parameter 0: Error creating bean with name 'playerServiceImpl' defined in file [C:\Users\flore\Documents\UNIVERSIDAD\Sexto Semestre\Compunet 2\SpringBoot\PreParcial_CopaMundial\demo\target\classes\com\example\demo\service\impl\PlayerServiceImpl.class]: Unsatisfied dependency expressed through constructor parameter 0: Error creating bean with name 'playerRepository' defined in com.example.demo.repository.PlayerRepository defined in @EnableJpaRepositories declared on DataJpaRepositoriesRegistrar.EnableJpaRepositoriesConfiguration: No property 'playerClubsclubname' found for type 'Player'
	at org.springframework.beans.factory.support.ConstructorResolver.createArgumentArray(ConstructorResolver.java:804) ~[spring-beans-7.0.9.jar:7.0.9]
	at org.springframework.beans.factory.support.ConstructorResolver.autowireConstructor(ConstructorResolver.java:240) ~[spring-beans-7.0.9.jar:7.0.9]
	at org.springframework.beans.factory.support.AbstractAutowireCapableBeanFactory.autowireConstructor(AbstractAutowireCapableBeanFactory.java:1380) ~[spring-beans-7.0.9.jar:7.0.9]
	at org.springframework.beans.factory.support.AbstractAutowireCapableBeanFactory.createBeanInstance(AbstractAutowireCapableBeanFactory.java:1219) ~[spring-beans-7.0.9.jar:7.0.9]
	at org.springframework.beans.factory.support.AbstractAutowireCapableBeanFactory.doCreateBean(AbstractAutowireCapableBeanFactory.java:565) ~[spring-beans-7.0.9.jar:7.0.9]
	at org.springframework.beans.factory.support.AbstractAutowireCapableBeanFactory.createBean(AbstractAutowireCapableBeanFactory.java:525) ~[spring-beans-7.0.9.jar:7.0.9]
	at org.springframework.beans.factory.support.AbstractBeanFactory.lambda$doGetBean$0(AbstractBeanFactory.java:333) ~[spring-beans-7.0.9.jar:7.0.9]
	at org.springframework.beans.factory.support.DefaultSingletonBeanRegistry.getSingleton(DefaultSingletonBeanRegistry.java:371) ~[spring-beans-7.0.9.jar:7.0.9]
	at org.springframework.beans.factory.support.AbstractBeanFactory.doGetBean(AbstractBeanFactory.java:331) ~[spring-beans-7.0.9.jar:7.0.9]
	at org.springframework.beans.factory.support.AbstractBeanFactory.getBean(AbstractBeanFactory.java:196) ~[spring-beans-7.0.9.jar:7.0.9]
	at org.springframework.beans.factory.support.DefaultListableBeanFactory.instantiateSingleton(DefaultListableBeanFactory.java:1225) ~[spring-beans-7.0.9.jar:7.0.9]
	at org.springframework.beans.factory.support.DefaultListableBeanFactory.preInstantiateSingleton(DefaultListableBeanFactory.java:1191) ~[spring-beans-7.0.9.jar:7.0.9]
	at org.springframework.beans.factory.support.DefaultListableBeanFactory.preInstantiateSingletons(DefaultListableBeanFactory.java:1121) ~[spring-beans-7.0.9.jar:7.0.9]
	at org.springframework.context.support.AbstractApplicationContext.finishBeanFactoryInitialization(AbstractApplicationContext.java:994) ~[spring-context-7.0.9.jar:7.0.9]
	at org.springframework.context.support.AbstractApplicationContext.refresh(AbstractApplicationContext.java:621) ~[spring-context-7.0.9.jar:7.0.9]
	at org.springframework.boot.web.server.servlet.context.ServletWebServerApplicationContext.refresh(ServletWebServerApplicationContext.java:143) ~[spring-boot-web-server-4.1.1.jar:4.1.1]
	at org.springframework.boot.SpringApplication.refresh(SpringApplication.java:756) ~[spring-boot-4.1.1.jar:4.1.1]
	at org.springframework.boot.SpringApplication.refreshContext(SpringApplication.java:445) ~[spring-boot-4.1.1.jar:4.1.1]
	at org.springframework.boot.SpringApplication.run(SpringApplication.java:321) ~[spring-boot-4.1.1.jar:4.1.1]
	at org.springframework.boot.SpringApplication.run(SpringApplication.java:1365) ~[spring-boot-4.1.1.jar:4.1.1]
	at org.springframework.boot.SpringApplication.run(SpringApplication.java:1354) ~[spring-boot-4.1.1.jar:4.1.1]
	at com.example.demo.DemoApplication.main(DemoApplication.java:10) ~[classes/:na]
	at java.base/jdk.internal.reflect.DirectMethodHandleAccessor.invoke(DirectMethodHandleAccessor.java:104) ~[na:na]
	at java.base/java.lang.reflect.Method.invoke(Method.java:565) ~[na:na]
	at org.springframework.boot.devtools.restart.RestartLauncher.run(RestartLauncher.java:52) ~[spring-boot-devtools-4.1.1.jar:4.1.1]
Caused by: org.springframework.beans.factory.UnsatisfiedDependencyException: Error creating bean with name 'playerServiceImpl' defined in file [C:\Users\flore\Documents\UNIVERSIDAD\Sexto Semestre\Compunet 2\SpringBoot\PreParcial_CopaMundial\demo\target\classes\com\example\demo\service\impl\PlayerServiceImpl.class]: Unsatisfied dependency expressed through constructor parameter 0: Error creating bean with name 'playerRepository' defined in com.example.demo.repository.PlayerRepository defined in @EnableJpaRepositories declared on DataJpaRepositoriesRegistrar.EnableJpaRepositoriesConfiguration: No property 'playerClubsclubname' found for type 'Player'
	at org.springframework.beans.factory.support.ConstructorResolver.createArgumentArray(ConstructorResolver.java:804) ~[spring-beans-7.0.9.jar:7.0.9]
	at org.springframework.beans.factory.support.ConstructorResolver.autowireConstructor(ConstructorResolver.java:240) ~[spring-beans-7.0.9.jar:7.0.9]
	at org.springframework.beans.factory.support.AbstractAutowireCapableBeanFactory.autowireConstructor(AbstractAutowireCapableBeanFactory.java:1380) ~[spring-beans-7.0.9.jar:7.0.9]
	at org.springframework.beans.factory.support.AbstractAutowireCapableBeanFactory.createBeanInstance(AbstractAutowireCapableBeanFactory.java:1219) ~[spring-beans-7.0.9.jar:7.0.9]
	at org.springframework.beans.factory.support.AbstractAutowireCapableBeanFactory.doCreateBean(AbstractAutowireCapableBeanFactory.java:565) ~[spring-beans-7.0.9.jar:7.0.9]
	at org.springframework.beans.factory.support.AbstractAutowireCapableBeanFactory.createBean(AbstractAutowireCapableBeanFactory.java:525) ~[spring-beans-7.0.9.jar:7.0.9]
	at org.springframework.beans.factory.support.AbstractBeanFactory.lambda$doGetBean$0(AbstractBeanFactory.java:333) ~[spring-beans-7.0.9.jar:7.0.9]
	at org.springframework.beans.factory.support.DefaultSingletonBeanRegistry.getSingleton(DefaultSingletonBeanRegistry.java:371) ~[spring-beans-7.0.9.jar:7.0.9]
	at org.springframework.beans.factory.support.AbstractBeanFactory.doGetBean(AbstractBeanFactory.java:331) ~[spring-beans-7.0.9.jar:7.0.9]
	at org.springframework.beans.factory.support.AbstractBeanFactory.getBean(AbstractBeanFactory.java:201) ~[spring-beans-7.0.9.jar:7.0.9]
	at org.springframework.beans.factory.config.DependencyDescriptor.resolveCandidate(DependencyDescriptor.java:229) ~[spring-beans-7.0.9.jar:7.0.9]
	at org.springframework.beans.factory.support.DefaultListableBeanFactory.doResolveDependency(DefaultListableBeanFactory.java:1769) ~[spring-beans-7.0.9.jar:7.0.9]
	at org.springframework.beans.factory.support.DefaultListableBeanFactory.resolveDependency(DefaultListableBeanFactory.java:1658) ~[spring-beans-7.0.9.jar:7.0.9]
	at org.springframework.beans.factory.support.ConstructorResolver.resolveAutowiredArgument(ConstructorResolver.java:912) ~[spring-beans-7.0.9.jar:7.0.9]
	at org.springframework.beans.factory.support.ConstructorResolver.createArgumentArray(ConstructorResolver.java:791) ~[spring-beans-7.0.9.jar:7.0.9]
	... 24 common frames omitted
Caused by: org.springframework.beans.factory.BeanCreationException: Error creating bean with name 'playerRepository' defined in com.example.demo.repository.PlayerRepository defined in @EnableJpaRepositories declared on DataJpaRepositoriesRegistrar.EnableJpaRepositoriesConfiguration: No property 'playerClubsclubname' found for type 'Player'
	at org.springframework.beans.factory.support.AbstractAutowireCapableBeanFactory.initializeBean(AbstractAutowireCapableBeanFactory.java:1815) ~[spring-beans-7.0.9.jar:7.0.9]
	at org.springframework.beans.factory.support.AbstractAutowireCapableBeanFactory.doCreateBean(AbstractAutowireCapableBeanFactory.java:603) ~[spring-beans-7.0.9.jar:7.0.9]
	at org.springframework.beans.factory.support.AbstractAutowireCapableBeanFactory.createBean(AbstractAutowireCapableBeanFactory.java:525) ~[spring-beans-7.0.9.jar:7.0.9]
	at org.springframework.beans.factory.support.AbstractBeanFactory.lambda$doGetBean$0(AbstractBeanFactory.java:333) ~[spring-beans-7.0.9.jar:7.0.9]
	at org.springframework.beans.factory.support.DefaultSingletonBeanRegistry.getSingleton(DefaultSingletonBeanRegistry.java:371) ~[spring-beans-7.0.9.jar:7.0.9]
	at org.springframework.beans.factory.support.AbstractBeanFactory.doGetBean(AbstractBeanFactory.java:331) ~[spring-beans-7.0.9.jar:7.0.9]
	at org.springframework.beans.factory.support.AbstractBeanFactory.getBean(AbstractBeanFactory.java:201) ~[spring-beans-7.0.9.jar:7.0.9]
	at org.springframework.beans.factory.support.DefaultListableBeanFactory.resolveBean(DefaultListableBeanFactory.java:1232) ~[spring-beans-7.0.9.jar:7.0.9]
	at org.springframework.beans.factory.support.DefaultListableBeanFactory.doResolveDependency(DefaultListableBeanFactory.java:1711) ~[spring-beans-7.0.9.jar:7.0.9]
	at org.springframework.beans.factory.support.DefaultListableBeanFactory.resolveDependency(DefaultListableBeanFactory.java:1658) ~[spring-beans-7.0.9.jar:7.0.9]
	at org.springframework.beans.factory.support.ConstructorResolver.resolveAutowiredArgument(ConstructorResolver.java:912) ~[spring-beans-7.0.9.jar:7.0.9]
	at org.springframework.beans.factory.support.ConstructorResolver.createArgumentArray(ConstructorResolver.java:791) ~[spring-beans-7.0.9.jar:7.0.9]
	... 38 common frames omitted
Caused by: org.springframework.data.repository.query.QueryCreationException: Cannot create query for method [PlayerRepository.findDistinctByPlayerClubsclubname(java.lang.String)]; No property 'playerClubsclubname' found for type 'Player'
	at org.springframework.data.repository.query.QueryCreationException.create(QueryCreationException.java:109) ~[spring-data-commons-4.1.1.jar:4.1.1]
	at org.springframework.data.jpa.repository.query.PartTreeJpaQuery.<init>(PartTreeJpaQuery.java:114) ~[spring-data-jpa-4.1.1.jar:4.1.1]
	at org.springframework.data.jpa.repository.query.JpaQueryLookupStrategy$CreateQueryLookupStrategy.resolveQuery(JpaQueryLookupStrategy.java:118) ~[spring-data-jpa-4.1.1.jar:4.1.1]
	at org.springframework.data.jpa.repository.query.JpaQueryLookupStrategy$CreateIfNotFoundQueryLookupStrategy.resolveQuery(JpaQueryLookupStrategy.java:291) ~[spring-data-jpa-4.1.1.jar:4.1.1]
	at org.springframework.data.jpa.repository.query.JpaQueryLookupStrategy$AbstractQueryLookupStrategy.resolveQuery(JpaQueryLookupStrategy.java:93) ~[spring-data-jpa-4.1.1.jar:4.1.1]
	at org.springframework.data.repository.core.support.QueryExecutorMethodInterceptor.lookupQuery(QueryExecutorMethodInterceptor.java:114) ~[spring-data-commons-4.1.1.jar:4.1.1]
	at org.springframework.data.repository.core.support.QueryExecutorMethodInterceptor.mapMethodsToQuery(QueryExecutorMethodInterceptor.java:102) ~[spring-data-commons-4.1.1.jar:4.1.1]
	at org.springframework.data.repository.core.support.QueryExecutorMethodInterceptor.<init>(QueryExecutorMethodInterceptor.java:90) ~[spring-data-commons-4.1.1.jar:4.1.1]
	at org.springframework.data.repository.core.support.RepositoryFactorySupport.getRepository(RepositoryFactorySupport.java:413) ~[spring-data-commons-4.1.1.jar:4.1.1]
	at org.springframework.data.repository.core.support.RepositoryFactoryBeanSupport.lambda$afterPropertiesSet$1(RepositoryFactoryBeanSupport.java:361) ~[spring-data-commons-4.1.1.jar:4.1.1]
	at org.springframework.data.util.Lazy.getNullable(Lazy.java:136) ~[spring-data-commons-4.1.1.jar:4.1.1]
	at org.springframework.data.util.Lazy.get(Lazy.java:114) ~[spring-data-commons-4.1.1.jar:4.1.1]
	at org.springframework.data.repository.core.support.RepositoryFactoryBeanSupport.afterPropertiesSet(RepositoryFactoryBeanSupport.java:370) ~[spring-data-commons-4.1.1.jar:4.1.1]
	at org.springframework.data.jpa.repository.support.JpaRepositoryFactoryBean.afterPropertiesSet(JpaRepositoryFactoryBean.java:212) ~[spring-data-jpa-4.1.1.jar:4.1.1]
	at org.springframework.beans.factory.support.AbstractAutowireCapableBeanFactory.invokeInitMethods(AbstractAutowireCapableBeanFactory.java:1862) ~[spring-beans-7.0.9.jar:7.0.9]
	at org.springframework.beans.factory.support.AbstractAutowireCapableBeanFactory.initializeBean(AbstractAutowireCapableBeanFactory.java:1811) ~[spring-beans-7.0.9.jar:7.0.9]
	... 49 common frames omitted
Caused by: org.springframework.data.core.PropertyReferenceException: No property 'playerClubsclubname' found for type 'Player'
	at org.springframework.data.core.SimplePropertyPath.<init>(SimplePropertyPath.java:94) ~[spring-data-commons-4.1.1.jar:4.1.1]
	at org.springframework.data.core.SimplePropertyPath.create(SimplePropertyPath.java:322) ~[spring-data-commons-4.1.1.jar:4.1.1]
	at org.springframework.data.core.SimplePropertyPath.create(SimplePropertyPath.java:297) ~[spring-data-commons-4.1.1.jar:4.1.1]
	at org.springframework.data.core.SimplePropertyPath.lambda$from$0(SimplePropertyPath.java:250) ~[spring-data-commons-4.1.1.jar:4.1.1]
	at org.springframework.util.ConcurrentReferenceHashMap$6.execute(ConcurrentReferenceHashMap.java:387) ~[spring-core-7.0.9.jar:7.0.9]
	at org.springframework.util.ConcurrentReferenceHashMap$Segment.doTask(ConcurrentReferenceHashMap.java:688) ~[spring-core-7.0.9.jar:7.0.9]
	at org.springframework.util.ConcurrentReferenceHashMap.doTask(ConcurrentReferenceHashMap.java:572) ~[spring-core-7.0.9.jar:7.0.9]
	at org.springframework.util.ConcurrentReferenceHashMap.computeIfAbsent(ConcurrentReferenceHashMap.java:381) ~[spring-core-7.0.9.jar:7.0.9]
	at org.springframework.data.core.SimplePropertyPath.from(SimplePropertyPath.java:228) ~[spring-data-commons-4.1.1.jar:4.1.1]
	at org.springframework.data.core.PropertyPath.from(PropertyPath.java:264) ~[spring-data-commons-4.1.1.jar:4.1.1]
	at org.springframework.data.core.PropertyPath.from(PropertyPath.java:247) ~[spring-data-commons-4.1.1.jar:4.1.1]
	at org.springframework.data.repository.query.parser.Part.<init>(Part.java:81) ~[spring-data-commons-4.1.1.jar:4.1.1]
	at org.springframework.data.repository.query.parser.PartTree$OrPart.lambda$new$0(PartTree.java:260) ~[spring-data-commons-4.1.1.jar:4.1.1]
	at java.base/java.util.stream.ReferencePipeline$3$1.accept(ReferencePipeline.java:215) ~[na:na]
	at java.base/java.util.stream.ReferencePipeline$2$1.accept(ReferencePipeline.java:197) ~[na:na]
	at java.base/java.util.Spliterators$ArraySpliterator.forEachRemaining(Spliterators.java:1024) ~[na:na]
	at java.base/java.util.stream.AbstractPipeline.copyInto(AbstractPipeline.java:570) ~[na:na]
	at java.base/java.util.stream.AbstractPipeline.wrapAndCopyInto(AbstractPipeline.java:560) ~[na:na]
	at java.base/java.util.stream.ReduceOps$ReduceOp.evaluateSequential(ReduceOps.java:921) ~[na:na]
	at java.base/java.util.stream.AbstractPipeline.evaluate(AbstractPipeline.java:265) ~[na:na]
	at java.base/java.util.stream.ReferencePipeline.collect(ReferencePipeline.java:727) ~[na:na]
	at org.springframework.data.repository.query.parser.PartTree$OrPart.<init>(PartTree.java:261) ~[spring-data-commons-4.1.1.jar:4.1.1]
	at org.springframework.data.repository.query.parser.PartTree$Predicate.lambda$new$0(PartTree.java:390) ~[spring-data-commons-4.1.1.jar:4.1.1]
	at java.base/java.util.stream.ReferencePipeline$3$1.accept(ReferencePipeline.java:215) ~[na:na]
	at java.base/java.util.stream.ReferencePipeline$2$1.accept(ReferencePipeline.java:197) ~[na:na]
	at java.base/java.util.Spliterators$ArraySpliterator.forEachRemaining(Spliterators.java:1024) ~[na:na]
	at java.base/java.util.stream.AbstractPipeline.copyInto(AbstractPipeline.java:570) ~[na:na]
	at java.base/java.util.stream.AbstractPipeline.wrapAndCopyInto(AbstractPipeline.java:560) ~[na:na]
	at java.base/java.util.stream.ReduceOps$ReduceOp.evaluateSequential(ReduceOps.java:921) ~[na:na]
	at java.base/java.util.stream.AbstractPipeline.evaluate(AbstractPipeline.java:265) ~[na:na]
	at java.base/java.util.stream.ReferencePipeline.collect(ReferencePipeline.java:727) ~[na:na]
	at org.springframework.data.repository.query.parser.PartTree$Predicate.<init>(PartTree.java:391) ~[spring-data-commons-4.1.1.jar:4.1.1]
	at org.springframework.data.repository.query.parser.PartTree.<init>(PartTree.java:104) ~[spring-data-commons-4.1.1.jar:4.1.1]
	at org.springframework.data.jpa.repository.query.PartTreeJpaQuery.<init>(PartTreeJpaQuery.java:108) ~[spring-data-jpa-4.1.1.jar:4.1.1]
	... 63 common frames omitted

2026-09-23 10:27:50.161  INFO 25208 --- [fifa] [restartedMain] com.example.demo.DemoApplication         : Starting DemoApplication using Java 24.0.2 with PID 25208 (C:\Users\flore\Documents\UNIVERSIDAD\Sexto Semestre\Compunet 2\SpringBoot\PreParcial_CopaMundial\demo\target\classes started by flore in C:\Users\flore\Documents\UNIVERSIDAD\Sexto Semestre\Compunet 2\SpringBoot\PreParcial_CopaMundial\demo)
2026-09-23 10:27:50.162  INFO 25208 --- [fifa] [restartedMain] com.example.demo.DemoApplication         : The following 1 profile is active: "dev"
2026-09-23 10:27:50.297  INFO 25208 --- [fifa] [restartedMain] .s.d.r.c.RepositoryConfigurationDelegate : Bootstrapping Spring Data JPA repositories in DEFAULT mode.
2026-09-23 10:27:50.315  INFO 25208 --- [fifa] [restartedMain] .s.d.r.c.RepositoryConfigurationDelegate : Finished Spring Data repository scanning in 16 ms. Found 5 JPA repository interfaces.
2026-09-23 10:27:50.375  INFO 25208 --- [fifa] [restartedMain] o.s.boot.tomcat.TomcatWebServer          : Tomcat initialized with port 8081 (http)
2026-09-23 10:27:50.375  INFO 25208 --- [fifa] [restartedMain] o.apache.catalina.core.StandardService   : Starting service [Tomcat]
2026-09-23 10:27:50.375  INFO 25208 --- [fifa] [restartedMain] o.apache.catalina.core.StandardEngine    : Starting Servlet engine: [Apache Tomcat/11.0.24]
2026-09-23 10:27:50.398  INFO 25208 --- [fifa] [restartedMain] b.w.c.s.WebApplicationContextInitializer : Root WebApplicationContext: initialization completed in 235 ms
2026-09-23 10:27:50.426  INFO 25208 --- [fifa] [restartedMain] org.hibernate.orm.jpa                    : HHH008540: Processing PersistenceUnitInfo [name: default]
2026-09-23 10:27:50.459  INFO 25208 --- [fifa] [restartedMain] o.s.o.j.p.SpringPersistenceUnitInfo      : No LoadTimeWeaver setup: ignoring JPA class transformer
2026-09-23 10:27:50.460  INFO 25208 --- [fifa] [restartedMain] com.zaxxer.hikari.HikariDataSource       : HikariPool-10 - Starting...
2026-09-23 10:27:50.461  INFO 25208 --- [fifa] [restartedMain] com.zaxxer.hikari.pool.HikariPool        : HikariPool-10 - Added connection conn41: url=jdbc:h2:mem:db-kevin user=POSTGRES
2026-09-23 10:27:50.461  INFO 25208 --- [fifa] [restartedMain] com.zaxxer.hikari.HikariDataSource       : HikariPool-10 - Start completed.
2026-09-23 10:27:50.462  INFO 25208 --- [fifa] [restartedMain] org.hibernate.orm.connections.pooling    : HHH10001005: Database info:
	Database JDBC URL [jdbc:h2:mem:db-kevin]
	Database driver: H2 JDBC Driver
	Database dialect: H2Dialect
	Database version: 2.4.240
	Default catalog/schema: DB-KEVIN/PUBLIC
	Autocommit mode: undefined/unknown
	Isolation level: READ_COMMITTED [default READ_COMMITTED]
	JDBC fetch size: 100
	Pool: DataSourceConnectionProvider
	Minimum pool size: undefined/unknown
	Maximum pool size: undefined/unknown
2026-09-23 10:27:50.540  INFO 25208 --- [fifa] [restartedMain] org.hibernate.orm.core                   : HHH000489: No JTA platform available (set 'hibernate.transaction.jta.platform' to enable JTA platform integration)
2026-09-23 10:27:50.546  INFO 25208 --- [fifa] [restartedMain] j.LocalContainerEntityManagerFactoryBean : Initialized JPA EntityManagerFactory for persistence unit 'default'
2026-09-23 10:27:50.585  WARN 25208 --- [fifa] [restartedMain] ConfigServletWebServerApplicationContext : Exception encountered during context initialization - cancelling refresh attempt: org.springframework.beans.factory.UnsatisfiedDependencyException: Error creating bean with name 'playerController' defined in file [C:\Users\flore\Documents\UNIVERSIDAD\Sexto Semestre\Compunet 2\SpringBoot\PreParcial_CopaMundial\demo\target\classes\com\example\demo\controller\PlayerController.class]: Unsatisfied dependency expressed through constructor parameter 0: Error creating bean with name 'playerServiceImpl' defined in file [C:\Users\flore\Documents\UNIVERSIDAD\Sexto Semestre\Compunet 2\SpringBoot\PreParcial_CopaMundial\demo\target\classes\com\example\demo\service\impl\PlayerServiceImpl.class]: Unsatisfied dependency expressed through constructor parameter 0: Error creating bean with name 'playerRepository' defined in com.example.demo.repository.PlayerRepository defined in @EnableJpaRepositories declared on DataJpaRepositoriesRegistrar.EnableJpaRepositoriesConfiguration: No property 'playerClubsclubname' found for type 'Player'
2026-09-23 10:27:50.585  INFO 25208 --- [fifa] [restartedMain] j.LocalContainerEntityManagerFactoryBean : Closing JPA EntityManagerFactory for persistence unit 'default'
2026-09-23 10:27:50.587  WARN 25208 --- [fifa] [restartedMain] o.s.b.f.support.DisposableBeanAdapter    : Invocation of destroy method failed on bean with name 'inMemoryDatabaseShutdownExecutor': org.h2.jdbc.JdbcSQLNonTransientConnectionException: La base de datos ya esta cerrada (para des-habilitar el cerrado automatico durante el shutdown de la VM, agregue ";DB_CLOSE_ON_EXIT=FALSE" a la URL de conexión)
Database is already closed (to disable automatic closing at VM shutdown, add ";DB_CLOSE_ON_EXIT=FALSE" to the db URL) [90121-240]
2026-09-23 10:27:50.587  INFO 25208 --- [fifa] [restartedMain] com.zaxxer.hikari.HikariDataSource       : HikariPool-10 - Shutdown initiated...
2026-09-23 10:27:50.593  INFO 25208 --- [fifa] [restartedMain] com.zaxxer.hikari.HikariDataSource       : HikariPool-10 - Shutdown completed.
2026-09-23 10:27:50.593  INFO 25208 --- [fifa] [restartedMain] o.apache.catalina.core.StandardService   : Stopping service [Tomcat]
2026-09-23 10:27:50.602  INFO 25208 --- [fifa] [restartedMain] .s.b.a.l.ConditionEvaluationReportLogger : 

Error starting ApplicationContext. To display the condition evaluation report re-run your application with 'debug' enabled.
2026-09-23 10:27:50.605 ERROR 25208 --- [fifa] [restartedMain] o.s.boot.SpringApplication               : Application run failed

org.springframework.beans.factory.UnsatisfiedDependencyException: Error creating bean with name 'playerController' defined in file [C:\Users\flore\Documents\UNIVERSIDAD\Sexto Semestre\Compunet 2\SpringBoot\PreParcial_CopaMundial\demo\target\classes\com\example\demo\controller\PlayerController.class]: Unsatisfied dependency expressed through constructor parameter 0: Error creating bean with name 'playerServiceImpl' defined in file [C:\Users\flore\Documents\UNIVERSIDAD\Sexto Semestre\Compunet 2\SpringBoot\PreParcial_CopaMundial\demo\target\classes\com\example\demo\service\impl\PlayerServiceImpl.class]: Unsatisfied dependency expressed through constructor parameter 0: Error creating bean with name 'playerRepository' defined in com.example.demo.repository.PlayerRepository defined in @EnableJpaRepositories declared on DataJpaRepositoriesRegistrar.EnableJpaRepositoriesConfiguration: No property 'playerClubsclubname' found for type 'Player'
	at org.springframework.beans.factory.support.ConstructorResolver.createArgumentArray(ConstructorResolver.java:804) ~[spring-beans-7.0.9.jar:7.0.9]
	at org.springframework.beans.factory.support.ConstructorResolver.autowireConstructor(ConstructorResolver.java:240) ~[spring-beans-7.0.9.jar:7.0.9]
	at org.springframework.beans.factory.support.AbstractAutowireCapableBeanFactory.autowireConstructor(AbstractAutowireCapableBeanFactory.java:1380) ~[spring-beans-7.0.9.jar:7.0.9]
	at org.springframework.beans.factory.support.AbstractAutowireCapableBeanFactory.createBeanInstance(AbstractAutowireCapableBeanFactory.java:1219) ~[spring-beans-7.0.9.jar:7.0.9]
	at org.springframework.beans.factory.support.AbstractAutowireCapableBeanFactory.doCreateBean(AbstractAutowireCapableBeanFactory.java:565) ~[spring-beans-7.0.9.jar:7.0.9]
	at org.springframework.beans.factory.support.AbstractAutowireCapableBeanFactory.createBean(AbstractAutowireCapableBeanFactory.java:525) ~[spring-beans-7.0.9.jar:7.0.9]
	at org.springframework.beans.factory.support.AbstractBeanFactory.lambda$doGetBean$0(AbstractBeanFactory.java:333) ~[spring-beans-7.0.9.jar:7.0.9]
	at org.springframework.beans.factory.support.DefaultSingletonBeanRegistry.getSingleton(DefaultSingletonBeanRegistry.java:371) ~[spring-beans-7.0.9.jar:7.0.9]
	at org.springframework.beans.factory.support.AbstractBeanFactory.doGetBean(AbstractBeanFactory.java:331) ~[spring-beans-7.0.9.jar:7.0.9]
	at org.springframework.beans.factory.support.AbstractBeanFactory.getBean(AbstractBeanFactory.java:196) ~[spring-beans-7.0.9.jar:7.0.9]
	at org.springframework.beans.factory.support.DefaultListableBeanFactory.instantiateSingleton(DefaultListableBeanFactory.java:1225) ~[spring-beans-7.0.9.jar:7.0.9]
	at org.springframework.beans.factory.support.DefaultListableBeanFactory.preInstantiateSingleton(DefaultListableBeanFactory.java:1191) ~[spring-beans-7.0.9.jar:7.0.9]
	at org.springframework.beans.factory.support.DefaultListableBeanFactory.preInstantiateSingletons(DefaultListableBeanFactory.java:1121) ~[spring-beans-7.0.9.jar:7.0.9]
	at org.springframework.context.support.AbstractApplicationContext.finishBeanFactoryInitialization(AbstractApplicationContext.java:994) ~[spring-context-7.0.9.jar:7.0.9]
	at org.springframework.context.support.AbstractApplicationContext.refresh(AbstractApplicationContext.java:621) ~[spring-context-7.0.9.jar:7.0.9]
	at org.springframework.boot.web.server.servlet.context.ServletWebServerApplicationContext.refresh(ServletWebServerApplicationContext.java:143) ~[spring-boot-web-server-4.1.1.jar:4.1.1]
	at org.springframework.boot.SpringApplication.refresh(SpringApplication.java:756) ~[spring-boot-4.1.1.jar:4.1.1]
	at org.springframework.boot.SpringApplication.refreshContext(SpringApplication.java:445) ~[spring-boot-4.1.1.jar:4.1.1]
	at org.springframework.boot.SpringApplication.run(SpringApplication.java:321) ~[spring-boot-4.1.1.jar:4.1.1]
	at org.springframework.boot.SpringApplication.run(SpringApplication.java:1365) ~[spring-boot-4.1.1.jar:4.1.1]
	at org.springframework.boot.SpringApplication.run(SpringApplication.java:1354) ~[spring-boot-4.1.1.jar:4.1.1]
	at com.example.demo.DemoApplication.main(DemoApplication.java:10) ~[classes/:na]
	at java.base/jdk.internal.reflect.DirectMethodHandleAccessor.invoke(DirectMethodHandleAccessor.java:104) ~[na:na]
	at java.base/java.lang.reflect.Method.invoke(Method.java:565) ~[na:na]
	at org.springframework.boot.devtools.restart.RestartLauncher.run(RestartLauncher.java:52) ~[spring-boot-devtools-4.1.1.jar:4.1.1]
Caused by: org.springframework.beans.factory.UnsatisfiedDependencyException: Error creating bean with name 'playerServiceImpl' defined in file [C:\Users\flore\Documents\UNIVERSIDAD\Sexto Semestre\Compunet 2\SpringBoot\PreParcial_CopaMundial\demo\target\classes\com\example\demo\service\impl\PlayerServiceImpl.class]: Unsatisfied dependency expressed through constructor parameter 0: Error creating bean with name 'playerRepository' defined in com.example.demo.repository.PlayerRepository defined in @EnableJpaRepositories declared on DataJpaRepositoriesRegistrar.EnableJpaRepositoriesConfiguration: No property 'playerClubsclubname' found for type 'Player'
	at org.springframework.beans.factory.support.ConstructorResolver.createArgumentArray(ConstructorResolver.java:804) ~[spring-beans-7.0.9.jar:7.0.9]
	at org.springframework.beans.factory.support.ConstructorResolver.autowireConstructor(ConstructorResolver.java:240) ~[spring-beans-7.0.9.jar:7.0.9]
	at org.springframework.beans.factory.support.AbstractAutowireCapableBeanFactory.autowireConstructor(AbstractAutowireCapableBeanFactory.java:1380) ~[spring-beans-7.0.9.jar:7.0.9]
	at org.springframework.beans.factory.support.AbstractAutowireCapableBeanFactory.createBeanInstance(AbstractAutowireCapableBeanFactory.java:1219) ~[spring-beans-7.0.9.jar:7.0.9]
	at org.springframework.beans.factory.support.AbstractAutowireCapableBeanFactory.doCreateBean(AbstractAutowireCapableBeanFactory.java:565) ~[spring-beans-7.0.9.jar:7.0.9]
	at org.springframework.beans.factory.support.AbstractAutowireCapableBeanFactory.createBean(AbstractAutowireCapableBeanFactory.java:525) ~[spring-beans-7.0.9.jar:7.0.9]
	at org.springframework.beans.factory.support.AbstractBeanFactory.lambda$doGetBean$0(AbstractBeanFactory.java:333) ~[spring-beans-7.0.9.jar:7.0.9]
	at org.springframework.beans.factory.support.DefaultSingletonBeanRegistry.getSingleton(DefaultSingletonBeanRegistry.java:371) ~[spring-beans-7.0.9.jar:7.0.9]
	at org.springframework.beans.factory.support.AbstractBeanFactory.doGetBean(AbstractBeanFactory.java:331) ~[spring-beans-7.0.9.jar:7.0.9]
	at org.springframework.beans.factory.support.AbstractBeanFactory.getBean(AbstractBeanFactory.java:201) ~[spring-beans-7.0.9.jar:7.0.9]
	at org.springframework.beans.factory.config.DependencyDescriptor.resolveCandidate(DependencyDescriptor.java:229) ~[spring-beans-7.0.9.jar:7.0.9]
	at org.springframework.beans.factory.support.DefaultListableBeanFactory.doResolveDependency(DefaultListableBeanFactory.java:1769) ~[spring-beans-7.0.9.jar:7.0.9]
	at org.springframework.beans.factory.support.DefaultListableBeanFactory.resolveDependency(DefaultListableBeanFactory.java:1658) ~[spring-beans-7.0.9.jar:7.0.9]
	at org.springframework.beans.factory.support.ConstructorResolver.resolveAutowiredArgument(ConstructorResolver.java:912) ~[spring-beans-7.0.9.jar:7.0.9]
	at org.springframework.beans.factory.support.ConstructorResolver.createArgumentArray(ConstructorResolver.java:791) ~[spring-beans-7.0.9.jar:7.0.9]
	... 24 common frames omitted
Caused by: org.springframework.beans.factory.BeanCreationException: Error creating bean with name 'playerRepository' defined in com.example.demo.repository.PlayerRepository defined in @EnableJpaRepositories declared on DataJpaRepositoriesRegistrar.EnableJpaRepositoriesConfiguration: No property 'playerClubsclubname' found for type 'Player'
	at org.springframework.beans.factory.support.AbstractAutowireCapableBeanFactory.initializeBean(AbstractAutowireCapableBeanFactory.java:1815) ~[spring-beans-7.0.9.jar:7.0.9]
	at org.springframework.beans.factory.support.AbstractAutowireCapableBeanFactory.doCreateBean(AbstractAutowireCapableBeanFactory.java:603) ~[spring-beans-7.0.9.jar:7.0.9]
	at org.springframework.beans.factory.support.AbstractAutowireCapableBeanFactory.createBean(AbstractAutowireCapableBeanFactory.java:525) ~[spring-beans-7.0.9.jar:7.0.9]
	at org.springframework.beans.factory.support.AbstractBeanFactory.lambda$doGetBean$0(AbstractBeanFactory.java:333) ~[spring-beans-7.0.9.jar:7.0.9]
	at org.springframework.beans.factory.support.DefaultSingletonBeanRegistry.getSingleton(DefaultSingletonBeanRegistry.java:371) ~[spring-beans-7.0.9.jar:7.0.9]
	at org.springframework.beans.factory.support.AbstractBeanFactory.doGetBean(AbstractBeanFactory.java:331) ~[spring-beans-7.0.9.jar:7.0.9]
	at org.springframework.beans.factory.support.AbstractBeanFactory.getBean(AbstractBeanFactory.java:201) ~[spring-beans-7.0.9.jar:7.0.9]
	at org.springframework.beans.factory.support.DefaultListableBeanFactory.resolveBean(DefaultListableBeanFactory.java:1232) ~[spring-beans-7.0.9.jar:7.0.9]
	at org.springframework.beans.factory.support.DefaultListableBeanFactory.doResolveDependency(DefaultListableBeanFactory.java:1711) ~[spring-beans-7.0.9.jar:7.0.9]
	at org.springframework.beans.factory.support.DefaultListableBeanFactory.resolveDependency(DefaultListableBeanFactory.java:1658) ~[spring-beans-7.0.9.jar:7.0.9]
	at org.springframework.beans.factory.support.ConstructorResolver.resolveAutowiredArgument(ConstructorResolver.java:912) ~[spring-beans-7.0.9.jar:7.0.9]
	at org.springframework.beans.factory.support.ConstructorResolver.createArgumentArray(ConstructorResolver.java:791) ~[spring-beans-7.0.9.jar:7.0.9]
	... 38 common frames omitted
Caused by: org.springframework.data.repository.query.QueryCreationException: Cannot create query for method [PlayerRepository.findDistinctByPlayerClubsclubname(java.lang.String)]; No property 'playerClubsclubname' found for type 'Player'
	at org.springframework.data.repository.query.QueryCreationException.create(QueryCreationException.java:109) ~[spring-data-commons-4.1.1.jar:4.1.1]
	at org.springframework.data.jpa.repository.query.PartTreeJpaQuery.<init>(PartTreeJpaQuery.java:114) ~[spring-data-jpa-4.1.1.jar:4.1.1]
	at org.springframework.data.jpa.repository.query.JpaQueryLookupStrategy$CreateQueryLookupStrategy.resolveQuery(JpaQueryLookupStrategy.java:118) ~[spring-data-jpa-4.1.1.jar:4.1.1]
	at org.springframework.data.jpa.repository.query.JpaQueryLookupStrategy$CreateIfNotFoundQueryLookupStrategy.resolveQuery(JpaQueryLookupStrategy.java:291) ~[spring-data-jpa-4.1.1.jar:4.1.1]
	at org.springframework.data.jpa.repository.query.JpaQueryLookupStrategy$AbstractQueryLookupStrategy.resolveQuery(JpaQueryLookupStrategy.java:93) ~[spring-data-jpa-4.1.1.jar:4.1.1]
	at org.springframework.data.repository.core.support.QueryExecutorMethodInterceptor.lookupQuery(QueryExecutorMethodInterceptor.java:114) ~[spring-data-commons-4.1.1.jar:4.1.1]
	at org.springframework.data.repository.core.support.QueryExecutorMethodInterceptor.mapMethodsToQuery(QueryExecutorMethodInterceptor.java:102) ~[spring-data-commons-4.1.1.jar:4.1.1]
	at org.springframework.data.repository.core.support.QueryExecutorMethodInterceptor.<init>(QueryExecutorMethodInterceptor.java:90) ~[spring-data-commons-4.1.1.jar:4.1.1]
	at org.springframework.data.repository.core.support.RepositoryFactorySupport.getRepository(RepositoryFactorySupport.java:413) ~[spring-data-commons-4.1.1.jar:4.1.1]
	at org.springframework.data.repository.core.support.RepositoryFactoryBeanSupport.lambda$afterPropertiesSet$1(RepositoryFactoryBeanSupport.java:361) ~[spring-data-commons-4.1.1.jar:4.1.1]
	at org.springframework.data.util.Lazy.getNullable(Lazy.java:136) ~[spring-data-commons-4.1.1.jar:4.1.1]
	at org.springframework.data.util.Lazy.get(Lazy.java:114) ~[spring-data-commons-4.1.1.jar:4.1.1]
	at org.springframework.data.repository.core.support.RepositoryFactoryBeanSupport.afterPropertiesSet(RepositoryFactoryBeanSupport.java:370) ~[spring-data-commons-4.1.1.jar:4.1.1]
	at org.springframework.data.jpa.repository.support.JpaRepositoryFactoryBean.afterPropertiesSet(JpaRepositoryFactoryBean.java:212) ~[spring-data-jpa-4.1.1.jar:4.1.1]
	at org.springframework.beans.factory.support.AbstractAutowireCapableBeanFactory.invokeInitMethods(AbstractAutowireCapableBeanFactory.java:1862) ~[spring-beans-7.0.9.jar:7.0.9]
	at org.springframework.beans.factory.support.AbstractAutowireCapableBeanFactory.initializeBean(AbstractAutowireCapableBeanFactory.java:1811) ~[spring-beans-7.0.9.jar:7.0.9]
	... 49 common frames omitted
Caused by: org.springframework.data.core.PropertyReferenceException: No property 'playerClubsclubname' found for type 'Player'
	at org.springframework.data.core.SimplePropertyPath.<init>(SimplePropertyPath.java:94) ~[spring-data-commons-4.1.1.jar:4.1.1]
	at org.springframework.data.core.SimplePropertyPath.create(SimplePropertyPath.java:322) ~[spring-data-commons-4.1.1.jar:4.1.1]
	at org.springframework.data.core.SimplePropertyPath.create(SimplePropertyPath.java:297) ~[spring-data-commons-4.1.1.jar:4.1.1]
	at org.springframework.data.core.SimplePropertyPath.lambda$from$0(SimplePropertyPath.java:250) ~[spring-data-commons-4.1.1.jar:4.1.1]
	at org.springframework.util.ConcurrentReferenceHashMap$6.execute(ConcurrentReferenceHashMap.java:387) ~[spring-core-7.0.9.jar:7.0.9]
	at org.springframework.util.ConcurrentReferenceHashMap$Segment.doTask(ConcurrentReferenceHashMap.java:688) ~[spring-core-7.0.9.jar:7.0.9]
	at org.springframework.util.ConcurrentReferenceHashMap.doTask(ConcurrentReferenceHashMap.java:572) ~[spring-core-7.0.9.jar:7.0.9]
	at org.springframework.util.ConcurrentReferenceHashMap.computeIfAbsent(ConcurrentReferenceHashMap.java:381) ~[spring-core-7.0.9.jar:7.0.9]
	at org.springframework.data.core.SimplePropertyPath.from(SimplePropertyPath.java:228) ~[spring-data-commons-4.1.1.jar:4.1.1]
	at org.springframework.data.core.PropertyPath.from(PropertyPath.java:264) ~[spring-data-commons-4.1.1.jar:4.1.1]
	at org.springframework.data.core.PropertyPath.from(PropertyPath.java:247) ~[spring-data-commons-4.1.1.jar:4.1.1]
	at org.springframework.data.repository.query.parser.Part.<init>(Part.java:81) ~[spring-data-commons-4.1.1.jar:4.1.1]
	at org.springframework.data.repository.query.parser.PartTree$OrPart.lambda$new$0(PartTree.java:260) ~[spring-data-commons-4.1.1.jar:4.1.1]
	at java.base/java.util.stream.ReferencePipeline$3$1.accept(ReferencePipeline.java:215) ~[na:na]
	at java.base/java.util.stream.ReferencePipeline$2$1.accept(ReferencePipeline.java:197) ~[na:na]
	at java.base/java.util.Spliterators$ArraySpliterator.forEachRemaining(Spliterators.java:1024) ~[na:na]
	at java.base/java.util.stream.AbstractPipeline.copyInto(AbstractPipeline.java:570) ~[na:na]
	at java.base/java.util.stream.AbstractPipeline.wrapAndCopyInto(AbstractPipeline.java:560) ~[na:na]
	at java.base/java.util.stream.ReduceOps$ReduceOp.evaluateSequential(ReduceOps.java:921) ~[na:na]
	at java.base/java.util.stream.AbstractPipeline.evaluate(AbstractPipeline.java:265) ~[na:na]
	at java.base/java.util.stream.ReferencePipeline.collect(ReferencePipeline.java:727) ~[na:na]
	at org.springframework.data.repository.query.parser.PartTree$OrPart.<init>(PartTree.java:261) ~[spring-data-commons-4.1.1.jar:4.1.1]
	at org.springframework.data.repository.query.parser.PartTree$Predicate.lambda$new$0(PartTree.java:390) ~[spring-data-commons-4.1.1.jar:4.1.1]
	at java.base/java.util.stream.ReferencePipeline$3$1.accept(ReferencePipeline.java:215) ~[na:na]
	at java.base/java.util.stream.ReferencePipeline$2$1.accept(ReferencePipeline.java:197) ~[na:na]
	at java.base/java.util.Spliterators$ArraySpliterator.forEachRemaining(Spliterators.java:1024) ~[na:na]
	at java.base/java.util.stream.AbstractPipeline.copyInto(AbstractPipeline.java:570) ~[na:na]
	at java.base/java.util.stream.AbstractPipeline.wrapAndCopyInto(AbstractPipeline.java:560) ~[na:na]
	at java.base/java.util.stream.ReduceOps$ReduceOp.evaluateSequential(ReduceOps.java:921) ~[na:na]
	at java.base/java.util.stream.AbstractPipeline.evaluate(AbstractPipeline.java:265) ~[na:na]
	at java.base/java.util.stream.ReferencePipeline.collect(ReferencePipeline.java:727) ~[na:na]
	at org.springframework.data.repository.query.parser.PartTree$Predicate.<init>(PartTree.java:391) ~[spring-data-commons-4.1.1.jar:4.1.1]
	at org.springframework.data.repository.query.parser.PartTree.<init>(PartTree.java:104) ~[spring-data-commons-4.1.1.jar:4.1.1]
	at org.springframework.data.jpa.repository.query.PartTreeJpaQuery.<init>(PartTreeJpaQuery.java:108) ~[spring-data-jpa-4.1.1.jar:4.1.1]
	... 63 common frames omitted

2026-09-23 10:28:05.286  INFO 25208 --- [fifa] [restartedMain] com.example.demo.DemoApplication         : Starting DemoApplication using Java 24.0.2 with PID 25208 (C:\Users\flore\Documents\UNIVERSIDAD\Sexto Semestre\Compunet 2\SpringBoot\PreParcial_CopaMundial\demo\target\classes started by flore in C:\Users\flore\Documents\UNIVERSIDAD\Sexto Semestre\Compunet 2\SpringBoot\PreParcial_CopaMundial\demo)
2026-09-23 10:28:05.286  INFO 25208 --- [fifa] [restartedMain] com.example.demo.DemoApplication         : The following 1 profile is active: "dev"
2026-09-23 10:28:05.415  INFO 25208 --- [fifa] [restartedMain] .s.d.r.c.RepositoryConfigurationDelegate : Bootstrapping Spring Data JPA repositories in DEFAULT mode.
2026-09-23 10:28:05.431  INFO 25208 --- [fifa] [restartedMain] .s.d.r.c.RepositoryConfigurationDelegate : Finished Spring Data repository scanning in 15 ms. Found 5 JPA repository interfaces.
2026-09-23 10:28:05.487  INFO 25208 --- [fifa] [restartedMain] o.s.boot.tomcat.TomcatWebServer          : Tomcat initialized with port 8081 (http)
2026-09-23 10:28:05.488  INFO 25208 --- [fifa] [restartedMain] o.apache.catalina.core.StandardService   : Starting service [Tomcat]
2026-09-23 10:28:05.488  INFO 25208 --- [fifa] [restartedMain] o.apache.catalina.core.StandardEngine    : Starting Servlet engine: [Apache Tomcat/11.0.24]
2026-09-23 10:28:05.511  INFO 25208 --- [fifa] [restartedMain] b.w.c.s.WebApplicationContextInitializer : Root WebApplicationContext: initialization completed in 224 ms
2026-09-23 10:28:05.543  INFO 25208 --- [fifa] [restartedMain] org.hibernate.orm.jpa                    : HHH008540: Processing PersistenceUnitInfo [name: default]
2026-09-23 10:28:05.577  INFO 25208 --- [fifa] [restartedMain] o.s.o.j.p.SpringPersistenceUnitInfo      : No LoadTimeWeaver setup: ignoring JPA class transformer
2026-09-23 10:28:05.578  INFO 25208 --- [fifa] [restartedMain] com.zaxxer.hikari.HikariDataSource       : HikariPool-11 - Starting...
2026-09-23 10:28:05.579  INFO 25208 --- [fifa] [restartedMain] com.zaxxer.hikari.pool.HikariPool        : HikariPool-11 - Added connection conn43: url=jdbc:h2:mem:db-kevin user=POSTGRES
2026-09-23 10:28:05.579  INFO 25208 --- [fifa] [restartedMain] com.zaxxer.hikari.HikariDataSource       : HikariPool-11 - Start completed.
2026-09-23 10:28:05.581  INFO 25208 --- [fifa] [restartedMain] org.hibernate.orm.connections.pooling    : HHH10001005: Database info:
	Database JDBC URL [jdbc:h2:mem:db-kevin]
	Database driver: H2 JDBC Driver
	Database dialect: H2Dialect
	Database version: 2.4.240
	Default catalog/schema: DB-KEVIN/PUBLIC
	Autocommit mode: undefined/unknown
	Isolation level: READ_COMMITTED [default READ_COMMITTED]
	JDBC fetch size: 100
	Pool: DataSourceConnectionProvider
	Minimum pool size: undefined/unknown
	Maximum pool size: undefined/unknown
2026-09-23 10:28:05.662  INFO 25208 --- [fifa] [restartedMain] org.hibernate.orm.core                   : HHH000489: No JTA platform available (set 'hibernate.transaction.jta.platform' to enable JTA platform integration)
2026-09-23 10:28:05.670  INFO 25208 --- [fifa] [restartedMain] j.LocalContainerEntityManagerFactoryBean : Initialized JPA EntityManagerFactory for persistence unit 'default'
2026-09-23 10:28:05.707  WARN 25208 --- [fifa] [restartedMain] ConfigServletWebServerApplicationContext : Exception encountered during context initialization - cancelling refresh attempt: org.springframework.beans.factory.UnsatisfiedDependencyException: Error creating bean with name 'playerController' defined in file [C:\Users\flore\Documents\UNIVERSIDAD\Sexto Semestre\Compunet 2\SpringBoot\PreParcial_CopaMundial\demo\target\classes\com\example\demo\controller\PlayerController.class]: Unsatisfied dependency expressed through constructor parameter 0: Error creating bean with name 'playerServiceImpl' defined in file [C:\Users\flore\Documents\UNIVERSIDAD\Sexto Semestre\Compunet 2\SpringBoot\PreParcial_CopaMundial\demo\target\classes\com\example\demo\service\impl\PlayerServiceImpl.class]: Unsatisfied dependency expressed through constructor parameter 0: Error creating bean with name 'playerRepository' defined in com.example.demo.repository.PlayerRepository defined in @EnableJpaRepositories declared on DataJpaRepositoriesRegistrar.EnableJpaRepositoriesConfiguration: No property 'playerClubsclubname' found for type 'Player'
2026-09-23 10:28:05.707  INFO 25208 --- [fifa] [restartedMain] j.LocalContainerEntityManagerFactoryBean : Closing JPA EntityManagerFactory for persistence unit 'default'
2026-09-23 10:28:05.708  WARN 25208 --- [fifa] [restartedMain] o.s.b.f.support.DisposableBeanAdapter    : Invocation of destroy method failed on bean with name 'inMemoryDatabaseShutdownExecutor': org.h2.jdbc.JdbcSQLNonTransientConnectionException: La base de datos ya esta cerrada (para des-habilitar el cerrado automatico durante el shutdown de la VM, agregue ";DB_CLOSE_ON_EXIT=FALSE" a la URL de conexión)
Database is already closed (to disable automatic closing at VM shutdown, add ";DB_CLOSE_ON_EXIT=FALSE" to the db URL) [90121-240]
2026-09-23 10:28:05.708  INFO 25208 --- [fifa] [restartedMain] com.zaxxer.hikari.HikariDataSource       : HikariPool-11 - Shutdown initiated...
2026-09-23 10:28:05.713  INFO 25208 --- [fifa] [restartedMain] com.zaxxer.hikari.HikariDataSource       : HikariPool-11 - Shutdown completed.
2026-09-23 10:28:05.713  INFO 25208 --- [fifa] [restartedMain] o.apache.catalina.core.StandardService   : Stopping service [Tomcat]
2026-09-23 10:28:05.718  INFO 25208 --- [fifa] [restartedMain] .s.b.a.l.ConditionEvaluationReportLogger : 

Error starting ApplicationContext. To display the condition evaluation report re-run your application with 'debug' enabled.
2026-09-23 10:28:05.720 ERROR 25208 --- [fifa] [restartedMain] o.s.boot.SpringApplication               : Application run failed

org.springframework.beans.factory.UnsatisfiedDependencyException: Error creating bean with name 'playerController' defined in file [C:\Users\flore\Documents\UNIVERSIDAD\Sexto Semestre\Compunet 2\SpringBoot\PreParcial_CopaMundial\demo\target\classes\com\example\demo\controller\PlayerController.class]: Unsatisfied dependency expressed through constructor parameter 0: Error creating bean with name 'playerServiceImpl' defined in file [C:\Users\flore\Documents\UNIVERSIDAD\Sexto Semestre\Compunet 2\SpringBoot\PreParcial_CopaMundial\demo\target\classes\com\example\demo\service\impl\PlayerServiceImpl.class]: Unsatisfied dependency expressed through constructor parameter 0: Error creating bean with name 'playerRepository' defined in com.example.demo.repository.PlayerRepository defined in @EnableJpaRepositories declared on DataJpaRepositoriesRegistrar.EnableJpaRepositoriesConfiguration: No property 'playerClubsclubname' found for type 'Player'
	at org.springframework.beans.factory.support.ConstructorResolver.createArgumentArray(ConstructorResolver.java:804) ~[spring-beans-7.0.9.jar:7.0.9]
	at org.springframework.beans.factory.support.ConstructorResolver.autowireConstructor(ConstructorResolver.java:240) ~[spring-beans-7.0.9.jar:7.0.9]
	at org.springframework.beans.factory.support.AbstractAutowireCapableBeanFactory.autowireConstructor(AbstractAutowireCapableBeanFactory.java:1380) ~[spring-beans-7.0.9.jar:7.0.9]
	at org.springframework.beans.factory.support.AbstractAutowireCapableBeanFactory.createBeanInstance(AbstractAutowireCapableBeanFactory.java:1219) ~[spring-beans-7.0.9.jar:7.0.9]
	at org.springframework.beans.factory.support.AbstractAutowireCapableBeanFactory.doCreateBean(AbstractAutowireCapableBeanFactory.java:565) ~[spring-beans-7.0.9.jar:7.0.9]
	at org.springframework.beans.factory.support.AbstractAutowireCapableBeanFactory.createBean(AbstractAutowireCapableBeanFactory.java:525) ~[spring-beans-7.0.9.jar:7.0.9]
	at org.springframework.beans.factory.support.AbstractBeanFactory.lambda$doGetBean$0(AbstractBeanFactory.java:333) ~[spring-beans-7.0.9.jar:7.0.9]
	at org.springframework.beans.factory.support.DefaultSingletonBeanRegistry.getSingleton(DefaultSingletonBeanRegistry.java:371) ~[spring-beans-7.0.9.jar:7.0.9]
	at org.springframework.beans.factory.support.AbstractBeanFactory.doGetBean(AbstractBeanFactory.java:331) ~[spring-beans-7.0.9.jar:7.0.9]
	at org.springframework.beans.factory.support.AbstractBeanFactory.getBean(AbstractBeanFactory.java:196) ~[spring-beans-7.0.9.jar:7.0.9]
	at org.springframework.beans.factory.support.DefaultListableBeanFactory.instantiateSingleton(DefaultListableBeanFactory.java:1225) ~[spring-beans-7.0.9.jar:7.0.9]
	at org.springframework.beans.factory.support.DefaultListableBeanFactory.preInstantiateSingleton(DefaultListableBeanFactory.java:1191) ~[spring-beans-7.0.9.jar:7.0.9]
	at org.springframework.beans.factory.support.DefaultListableBeanFactory.preInstantiateSingletons(DefaultListableBeanFactory.java:1121) ~[spring-beans-7.0.9.jar:7.0.9]
	at org.springframework.context.support.AbstractApplicationContext.finishBeanFactoryInitialization(AbstractApplicationContext.java:994) ~[spring-context-7.0.9.jar:7.0.9]
	at org.springframework.context.support.AbstractApplicationContext.refresh(AbstractApplicationContext.java:621) ~[spring-context-7.0.9.jar:7.0.9]
	at org.springframework.boot.web.server.servlet.context.ServletWebServerApplicationContext.refresh(ServletWebServerApplicationContext.java:143) ~[spring-boot-web-server-4.1.1.jar:4.1.1]
	at org.springframework.boot.SpringApplication.refresh(SpringApplication.java:756) ~[spring-boot-4.1.1.jar:4.1.1]
	at org.springframework.boot.SpringApplication.refreshContext(SpringApplication.java:445) ~[spring-boot-4.1.1.jar:4.1.1]
	at org.springframework.boot.SpringApplication.run(SpringApplication.java:321) ~[spring-boot-4.1.1.jar:4.1.1]
	at org.springframework.boot.SpringApplication.run(SpringApplication.java:1365) ~[spring-boot-4.1.1.jar:4.1.1]
	at org.springframework.boot.SpringApplication.run(SpringApplication.java:1354) ~[spring-boot-4.1.1.jar:4.1.1]
	at com.example.demo.DemoApplication.main(DemoApplication.java:10) ~[classes/:na]
	at java.base/jdk.internal.reflect.DirectMethodHandleAccessor.invoke(DirectMethodHandleAccessor.java:104) ~[na:na]
	at java.base/java.lang.reflect.Method.invoke(Method.java:565) ~[na:na]
	at org.springframework.boot.devtools.restart.RestartLauncher.run(RestartLauncher.java:52) ~[spring-boot-devtools-4.1.1.jar:4.1.1]
Caused by: org.springframework.beans.factory.UnsatisfiedDependencyException: Error creating bean with name 'playerServiceImpl' defined in file [C:\Users\flore\Documents\UNIVERSIDAD\Sexto Semestre\Compunet 2\SpringBoot\PreParcial_CopaMundial\demo\target\classes\com\example\demo\service\impl\PlayerServiceImpl.class]: Unsatisfied dependency expressed through constructor parameter 0: Error creating bean with name 'playerRepository' defined in com.example.demo.repository.PlayerRepository defined in @EnableJpaRepositories declared on DataJpaRepositoriesRegistrar.EnableJpaRepositoriesConfiguration: No property 'playerClubsclubname' found for type 'Player'
	at org.springframework.beans.factory.support.ConstructorResolver.createArgumentArray(ConstructorResolver.java:804) ~[spring-beans-7.0.9.jar:7.0.9]
	at org.springframework.beans.factory.support.ConstructorResolver.autowireConstructor(ConstructorResolver.java:240) ~[spring-beans-7.0.9.jar:7.0.9]
	at org.springframework.beans.factory.support.AbstractAutowireCapableBeanFactory.autowireConstructor(AbstractAutowireCapableBeanFactory.java:1380) ~[spring-beans-7.0.9.jar:7.0.9]
	at org.springframework.beans.factory.support.AbstractAutowireCapableBeanFactory.createBeanInstance(AbstractAutowireCapableBeanFactory.java:1219) ~[spring-beans-7.0.9.jar:7.0.9]
	at org.springframework.beans.factory.support.AbstractAutowireCapableBeanFactory.doCreateBean(AbstractAutowireCapableBeanFactory.java:565) ~[spring-beans-7.0.9.jar:7.0.9]
	at org.springframework.beans.factory.support.AbstractAutowireCapableBeanFactory.createBean(AbstractAutowireCapableBeanFactory.java:525) ~[spring-beans-7.0.9.jar:7.0.9]
	at org.springframework.beans.factory.support.AbstractBeanFactory.lambda$doGetBean$0(AbstractBeanFactory.java:333) ~[spring-beans-7.0.9.jar:7.0.9]
	at org.springframework.beans.factory.support.DefaultSingletonBeanRegistry.getSingleton(DefaultSingletonBeanRegistry.java:371) ~[spring-beans-7.0.9.jar:7.0.9]
	at org.springframework.beans.factory.support.AbstractBeanFactory.doGetBean(AbstractBeanFactory.java:331) ~[spring-beans-7.0.9.jar:7.0.9]
	at org.springframework.beans.factory.support.AbstractBeanFactory.getBean(AbstractBeanFactory.java:201) ~[spring-beans-7.0.9.jar:7.0.9]
	at org.springframework.beans.factory.config.DependencyDescriptor.resolveCandidate(DependencyDescriptor.java:229) ~[spring-beans-7.0.9.jar:7.0.9]
	at org.springframework.beans.factory.support.DefaultListableBeanFactory.doResolveDependency(DefaultListableBeanFactory.java:1769) ~[spring-beans-7.0.9.jar:7.0.9]
	at org.springframework.beans.factory.support.DefaultListableBeanFactory.resolveDependency(DefaultListableBeanFactory.java:1658) ~[spring-beans-7.0.9.jar:7.0.9]
	at org.springframework.beans.factory.support.ConstructorResolver.resolveAutowiredArgument(ConstructorResolver.java:912) ~[spring-beans-7.0.9.jar:7.0.9]
	at org.springframework.beans.factory.support.ConstructorResolver.createArgumentArray(ConstructorResolver.java:791) ~[spring-beans-7.0.9.jar:7.0.9]
	... 24 common frames omitted
Caused by: org.springframework.beans.factory.BeanCreationException: Error creating bean with name 'playerRepository' defined in com.example.demo.repository.PlayerRepository defined in @EnableJpaRepositories declared on DataJpaRepositoriesRegistrar.EnableJpaRepositoriesConfiguration: No property 'playerClubsclubname' found for type 'Player'
	at org.springframework.beans.factory.support.AbstractAutowireCapableBeanFactory.initializeBean(AbstractAutowireCapableBeanFactory.java:1815) ~[spring-beans-7.0.9.jar:7.0.9]
	at org.springframework.beans.factory.support.AbstractAutowireCapableBeanFactory.doCreateBean(AbstractAutowireCapableBeanFactory.java:603) ~[spring-beans-7.0.9.jar:7.0.9]
	at org.springframework.beans.factory.support.AbstractAutowireCapableBeanFactory.createBean(AbstractAutowireCapableBeanFactory.java:525) ~[spring-beans-7.0.9.jar:7.0.9]
	at org.springframework.beans.factory.support.AbstractBeanFactory.lambda$doGetBean$0(AbstractBeanFactory.java:333) ~[spring-beans-7.0.9.jar:7.0.9]
	at org.springframework.beans.factory.support.DefaultSingletonBeanRegistry.getSingleton(DefaultSingletonBeanRegistry.java:371) ~[spring-beans-7.0.9.jar:7.0.9]
	at org.springframework.beans.factory.support.AbstractBeanFactory.doGetBean(AbstractBeanFactory.java:331) ~[spring-beans-7.0.9.jar:7.0.9]
	at org.springframework.beans.factory.support.AbstractBeanFactory.getBean(AbstractBeanFactory.java:201) ~[spring-beans-7.0.9.jar:7.0.9]
	at org.springframework.beans.factory.support.DefaultListableBeanFactory.resolveBean(DefaultListableBeanFactory.java:1232) ~[spring-beans-7.0.9.jar:7.0.9]
	at org.springframework.beans.factory.support.DefaultListableBeanFactory.doResolveDependency(DefaultListableBeanFactory.java:1711) ~[spring-beans-7.0.9.jar:7.0.9]
	at org.springframework.beans.factory.support.DefaultListableBeanFactory.resolveDependency(DefaultListableBeanFactory.java:1658) ~[spring-beans-7.0.9.jar:7.0.9]
	at org.springframework.beans.factory.support.ConstructorResolver.resolveAutowiredArgument(ConstructorResolver.java:912) ~[spring-beans-7.0.9.jar:7.0.9]
	at org.springframework.beans.factory.support.ConstructorResolver.createArgumentArray(ConstructorResolver.java:791) ~[spring-beans-7.0.9.jar:7.0.9]
	... 38 common frames omitted
Caused by: org.springframework.data.repository.query.QueryCreationException: Cannot create query for method [PlayerRepository.findDistinctByPlayerClubsclubname(java.lang.String)]; No property 'playerClubsclubname' found for type 'Player'
	at org.springframework.data.repository.query.QueryCreationException.create(QueryCreationException.java:109) ~[spring-data-commons-4.1.1.jar:4.1.1]
	at org.springframework.data.jpa.repository.query.PartTreeJpaQuery.<init>(PartTreeJpaQuery.java:114) ~[spring-data-jpa-4.1.1.jar:4.1.1]
	at org.springframework.data.jpa.repository.query.JpaQueryLookupStrategy$CreateQueryLookupStrategy.resolveQuery(JpaQueryLookupStrategy.java:118) ~[spring-data-jpa-4.1.1.jar:4.1.1]
	at org.springframework.data.jpa.repository.query.JpaQueryLookupStrategy$CreateIfNotFoundQueryLookupStrategy.resolveQuery(JpaQueryLookupStrategy.java:291) ~[spring-data-jpa-4.1.1.jar:4.1.1]
	at org.springframework.data.jpa.repository.query.JpaQueryLookupStrategy$AbstractQueryLookupStrategy.resolveQuery(JpaQueryLookupStrategy.java:93) ~[spring-data-jpa-4.1.1.jar:4.1.1]
	at org.springframework.data.repository.core.support.QueryExecutorMethodInterceptor.lookupQuery(QueryExecutorMethodInterceptor.java:114) ~[spring-data-commons-4.1.1.jar:4.1.1]
	at org.springframework.data.repository.core.support.QueryExecutorMethodInterceptor.mapMethodsToQuery(QueryExecutorMethodInterceptor.java:102) ~[spring-data-commons-4.1.1.jar:4.1.1]
	at org.springframework.data.repository.core.support.QueryExecutorMethodInterceptor.<init>(QueryExecutorMethodInterceptor.java:90) ~[spring-data-commons-4.1.1.jar:4.1.1]
	at org.springframework.data.repository.core.support.RepositoryFactorySupport.getRepository(RepositoryFactorySupport.java:413) ~[spring-data-commons-4.1.1.jar:4.1.1]
	at org.springframework.data.repository.core.support.RepositoryFactoryBeanSupport.lambda$afterPropertiesSet$1(RepositoryFactoryBeanSupport.java:361) ~[spring-data-commons-4.1.1.jar:4.1.1]
	at org.springframework.data.util.Lazy.getNullable(Lazy.java:136) ~[spring-data-commons-4.1.1.jar:4.1.1]
	at org.springframework.data.util.Lazy.get(Lazy.java:114) ~[spring-data-commons-4.1.1.jar:4.1.1]
	at org.springframework.data.repository.core.support.RepositoryFactoryBeanSupport.afterPropertiesSet(RepositoryFactoryBeanSupport.java:370) ~[spring-data-commons-4.1.1.jar:4.1.1]
	at org.springframework.data.jpa.repository.support.JpaRepositoryFactoryBean.afterPropertiesSet(JpaRepositoryFactoryBean.java:212) ~[spring-data-jpa-4.1.1.jar:4.1.1]
	at org.springframework.beans.factory.support.AbstractAutowireCapableBeanFactory.invokeInitMethods(AbstractAutowireCapableBeanFactory.java:1862) ~[spring-beans-7.0.9.jar:7.0.9]
	at org.springframework.beans.factory.support.AbstractAutowireCapableBeanFactory.initializeBean(AbstractAutowireCapableBeanFactory.java:1811) ~[spring-beans-7.0.9.jar:7.0.9]
	... 49 common frames omitted
Caused by: org.springframework.data.core.PropertyReferenceException: No property 'playerClubsclubname' found for type 'Player'
	at org.springframework.data.core.SimplePropertyPath.<init>(SimplePropertyPath.java:94) ~[spring-data-commons-4.1.1.jar:4.1.1]
	at org.springframework.data.core.SimplePropertyPath.create(SimplePropertyPath.java:322) ~[spring-data-commons-4.1.1.jar:4.1.1]
	at org.springframework.data.core.SimplePropertyPath.create(SimplePropertyPath.java:297) ~[spring-data-commons-4.1.1.jar:4.1.1]
	at org.springframework.data.core.SimplePropertyPath.lambda$from$0(SimplePropertyPath.java:250) ~[spring-data-commons-4.1.1.jar:4.1.1]
	at org.springframework.util.ConcurrentReferenceHashMap$6.execute(ConcurrentReferenceHashMap.java:387) ~[spring-core-7.0.9.jar:7.0.9]
	at org.springframework.util.ConcurrentReferenceHashMap$Segment.doTask(ConcurrentReferenceHashMap.java:688) ~[spring-core-7.0.9.jar:7.0.9]
	at org.springframework.util.ConcurrentReferenceHashMap.doTask(ConcurrentReferenceHashMap.java:572) ~[spring-core-7.0.9.jar:7.0.9]
	at org.springframework.util.ConcurrentReferenceHashMap.computeIfAbsent(ConcurrentReferenceHashMap.java:381) ~[spring-core-7.0.9.jar:7.0.9]
	at org.springframework.data.core.SimplePropertyPath.from(SimplePropertyPath.java:228) ~[spring-data-commons-4.1.1.jar:4.1.1]
	at org.springframework.data.core.PropertyPath.from(PropertyPath.java:264) ~[spring-data-commons-4.1.1.jar:4.1.1]
	at org.springframework.data.core.PropertyPath.from(PropertyPath.java:247) ~[spring-data-commons-4.1.1.jar:4.1.1]
	at org.springframework.data.repository.query.parser.Part.<init>(Part.java:81) ~[spring-data-commons-4.1.1.jar:4.1.1]
	at org.springframework.data.repository.query.parser.PartTree$OrPart.lambda$new$0(PartTree.java:260) ~[spring-data-commons-4.1.1.jar:4.1.1]
	at java.base/java.util.stream.ReferencePipeline$3$1.accept(ReferencePipeline.java:215) ~[na:na]
	at java.base/java.util.stream.ReferencePipeline$2$1.accept(ReferencePipeline.java:197) ~[na:na]
	at java.base/java.util.Spliterators$ArraySpliterator.forEachRemaining(Spliterators.java:1024) ~[na:na]
	at java.base/java.util.stream.AbstractPipeline.copyInto(AbstractPipeline.java:570) ~[na:na]
	at java.base/java.util.stream.AbstractPipeline.wrapAndCopyInto(AbstractPipeline.java:560) ~[na:na]
	at java.base/java.util.stream.ReduceOps$ReduceOp.evaluateSequential(ReduceOps.java:921) ~[na:na]
	at java.base/java.util.stream.AbstractPipeline.evaluate(AbstractPipeline.java:265) ~[na:na]
	at java.base/java.util.stream.ReferencePipeline.collect(ReferencePipeline.java:727) ~[na:na]
	at org.springframework.data.repository.query.parser.PartTree$OrPart.<init>(PartTree.java:261) ~[spring-data-commons-4.1.1.jar:4.1.1]
	at org.springframework.data.repository.query.parser.PartTree$Predicate.lambda$new$0(PartTree.java:390) ~[spring-data-commons-4.1.1.jar:4.1.1]
	at java.base/java.util.stream.ReferencePipeline$3$1.accept(ReferencePipeline.java:215) ~[na:na]
	at java.base/java.util.stream.ReferencePipeline$2$1.accept(ReferencePipeline.java:197) ~[na:na]
	at java.base/java.util.Spliterators$ArraySpliterator.forEachRemaining(Spliterators.java:1024) ~[na:na]
	at java.base/java.util.stream.AbstractPipeline.copyInto(AbstractPipeline.java:570) ~[na:na]
	at java.base/java.util.stream.AbstractPipeline.wrapAndCopyInto(AbstractPipeline.java:560) ~[na:na]
	at java.base/java.util.stream.ReduceOps$ReduceOp.evaluateSequential(ReduceOps.java:921) ~[na:na]
	at java.base/java.util.stream.AbstractPipeline.evaluate(AbstractPipeline.java:265) ~[na:na]
	at java.base/java.util.stream.ReferencePipeline.collect(ReferencePipeline.java:727) ~[na:na]
	at org.springframework.data.repository.query.parser.PartTree$Predicate.<init>(PartTree.java:391) ~[spring-data-commons-4.1.1.jar:4.1.1]
	at org.springframework.data.repository.query.parser.PartTree.<init>(PartTree.java:104) ~[spring-data-commons-4.1.1.jar:4.1.1]
	at org.springframework.data.jpa.repository.query.PartTreeJpaQuery.<init>(PartTreeJpaQuery.java:108) ~[spring-data-jpa-4.1.1.jar:4.1.1]
	... 63 common frames omitted

2026-09-23 10:28:29.653  INFO 25208 --- [fifa] [restartedMain] com.example.demo.DemoApplication         : Starting DemoApplication using Java 24.0.2 with PID 25208 (C:\Users\flore\Documents\UNIVERSIDAD\Sexto Semestre\Compunet 2\SpringBoot\PreParcial_CopaMundial\demo\target\classes started by flore in C:\Users\flore\Documents\UNIVERSIDAD\Sexto Semestre\Compunet 2\SpringBoot\PreParcial_CopaMundial\demo)
2026-09-23 10:28:29.653  INFO 25208 --- [fifa] [restartedMain] com.example.demo.DemoApplication         : The following 1 profile is active: "dev"
2026-09-23 10:28:29.784  INFO 25208 --- [fifa] [restartedMain] .s.d.r.c.RepositoryConfigurationDelegate : Bootstrapping Spring Data JPA repositories in DEFAULT mode.
2026-09-23 10:28:29.802  INFO 25208 --- [fifa] [restartedMain] .s.d.r.c.RepositoryConfigurationDelegate : Finished Spring Data repository scanning in 16 ms. Found 5 JPA repository interfaces.
2026-09-23 10:28:29.854  INFO 25208 --- [fifa] [restartedMain] o.s.boot.tomcat.TomcatWebServer          : Tomcat initialized with port 8081 (http)
2026-09-23 10:28:29.854  INFO 25208 --- [fifa] [restartedMain] o.apache.catalina.core.StandardService   : Starting service [Tomcat]
2026-09-23 10:28:29.854  INFO 25208 --- [fifa] [restartedMain] o.apache.catalina.core.StandardEngine    : Starting Servlet engine: [Apache Tomcat/11.0.24]
2026-09-23 10:28:29.873  INFO 25208 --- [fifa] [restartedMain] b.w.c.s.WebApplicationContextInitializer : Root WebApplicationContext: initialization completed in 218 ms
2026-09-23 10:28:29.950  INFO 25208 --- [fifa] [restartedMain] org.hibernate.orm.jpa                    : HHH008540: Processing PersistenceUnitInfo [name: default]
2026-09-23 10:28:29.980  INFO 25208 --- [fifa] [restartedMain] o.s.o.j.p.SpringPersistenceUnitInfo      : No LoadTimeWeaver setup: ignoring JPA class transformer
2026-09-23 10:28:29.981  INFO 25208 --- [fifa] [restartedMain] com.zaxxer.hikari.HikariDataSource       : HikariPool-12 - Starting...
2026-09-23 10:28:29.982  INFO 25208 --- [fifa] [restartedMain] com.zaxxer.hikari.pool.HikariPool        : HikariPool-12 - Added connection conn45: url=jdbc:h2:mem:db-kevin user=POSTGRES
2026-09-23 10:28:29.983  INFO 25208 --- [fifa] [restartedMain] com.zaxxer.hikari.HikariDataSource       : HikariPool-12 - Start completed.
2026-09-23 10:28:29.983  INFO 25208 --- [fifa] [restartedMain] org.hibernate.orm.connections.pooling    : HHH10001005: Database info:
	Database JDBC URL [jdbc:h2:mem:db-kevin]
	Database driver: H2 JDBC Driver
	Database dialect: H2Dialect
	Database version: 2.4.240
	Default catalog/schema: DB-KEVIN/PUBLIC
	Autocommit mode: undefined/unknown
	Isolation level: READ_COMMITTED [default READ_COMMITTED]
	JDBC fetch size: 100
	Pool: DataSourceConnectionProvider
	Minimum pool size: undefined/unknown
	Maximum pool size: undefined/unknown
2026-09-23 10:28:30.060  INFO 25208 --- [fifa] [restartedMain] org.hibernate.orm.core                   : HHH000489: No JTA platform available (set 'hibernate.transaction.jta.platform' to enable JTA platform integration)
2026-09-23 10:28:30.066  INFO 25208 --- [fifa] [restartedMain] j.LocalContainerEntityManagerFactoryBean : Initialized JPA EntityManagerFactory for persistence unit 'default'
2026-09-23 10:28:30.102  WARN 25208 --- [fifa] [restartedMain] ConfigServletWebServerApplicationContext : Exception encountered during context initialization - cancelling refresh attempt: org.springframework.beans.factory.UnsatisfiedDependencyException: Error creating bean with name 'playerController' defined in file [C:\Users\flore\Documents\UNIVERSIDAD\Sexto Semestre\Compunet 2\SpringBoot\PreParcial_CopaMundial\demo\target\classes\com\example\demo\controller\PlayerController.class]: Unsatisfied dependency expressed through constructor parameter 0: Error creating bean with name 'playerServiceImpl' defined in file [C:\Users\flore\Documents\UNIVERSIDAD\Sexto Semestre\Compunet 2\SpringBoot\PreParcial_CopaMundial\demo\target\classes\com\example\demo\service\impl\PlayerServiceImpl.class]: Unsatisfied dependency expressed through constructor parameter 0: Error creating bean with name 'playerRepository' defined in com.example.demo.repository.PlayerRepository defined in @EnableJpaRepositories declared on DataJpaRepositoriesRegistrar.EnableJpaRepositoriesConfiguration: No property 'playerClubsclubname' found for type 'Player'
2026-09-23 10:28:30.103  INFO 25208 --- [fifa] [restartedMain] j.LocalContainerEntityManagerFactoryBean : Closing JPA EntityManagerFactory for persistence unit 'default'
2026-09-23 10:28:30.103  WARN 25208 --- [fifa] [restartedMain] o.s.b.f.support.DisposableBeanAdapter    : Invocation of destroy method failed on bean with name 'inMemoryDatabaseShutdownExecutor': org.h2.jdbc.JdbcSQLNonTransientConnectionException: La base de datos ya esta cerrada (para des-habilitar el cerrado automatico durante el shutdown de la VM, agregue ";DB_CLOSE_ON_EXIT=FALSE" a la URL de conexión)
Database is already closed (to disable automatic closing at VM shutdown, add ";DB_CLOSE_ON_EXIT=FALSE" to the db URL) [90121-240]
2026-09-23 10:28:30.104  INFO 25208 --- [fifa] [restartedMain] com.zaxxer.hikari.HikariDataSource       : HikariPool-12 - Shutdown initiated...
2026-09-23 10:28:30.115  INFO 25208 --- [fifa] [restartedMain] com.zaxxer.hikari.HikariDataSource       : HikariPool-12 - Shutdown completed.
2026-09-23 10:28:30.115  INFO 25208 --- [fifa] [restartedMain] o.apache.catalina.core.StandardService   : Stopping service [Tomcat]
2026-09-23 10:28:30.119  INFO 25208 --- [fifa] [restartedMain] .s.b.a.l.ConditionEvaluationReportLogger : 

Error starting ApplicationContext. To display the condition evaluation report re-run your application with 'debug' enabled.
2026-09-23 10:28:30.122 ERROR 25208 --- [fifa] [restartedMain] o.s.boot.SpringApplication               : Application run failed

org.springframework.beans.factory.UnsatisfiedDependencyException: Error creating bean with name 'playerController' defined in file [C:\Users\flore\Documents\UNIVERSIDAD\Sexto Semestre\Compunet 2\SpringBoot\PreParcial_CopaMundial\demo\target\classes\com\example\demo\controller\PlayerController.class]: Unsatisfied dependency expressed through constructor parameter 0: Error creating bean with name 'playerServiceImpl' defined in file [C:\Users\flore\Documents\UNIVERSIDAD\Sexto Semestre\Compunet 2\SpringBoot\PreParcial_CopaMundial\demo\target\classes\com\example\demo\service\impl\PlayerServiceImpl.class]: Unsatisfied dependency expressed through constructor parameter 0: Error creating bean with name 'playerRepository' defined in com.example.demo.repository.PlayerRepository defined in @EnableJpaRepositories declared on DataJpaRepositoriesRegistrar.EnableJpaRepositoriesConfiguration: No property 'playerClubsclubname' found for type 'Player'
	at org.springframework.beans.factory.support.ConstructorResolver.createArgumentArray(ConstructorResolver.java:804) ~[spring-beans-7.0.9.jar:7.0.9]
	at org.springframework.beans.factory.support.ConstructorResolver.autowireConstructor(ConstructorResolver.java:240) ~[spring-beans-7.0.9.jar:7.0.9]
	at org.springframework.beans.factory.support.AbstractAutowireCapableBeanFactory.autowireConstructor(AbstractAutowireCapableBeanFactory.java:1380) ~[spring-beans-7.0.9.jar:7.0.9]
	at org.springframework.beans.factory.support.AbstractAutowireCapableBeanFactory.createBeanInstance(AbstractAutowireCapableBeanFactory.java:1219) ~[spring-beans-7.0.9.jar:7.0.9]
	at org.springframework.beans.factory.support.AbstractAutowireCapableBeanFactory.doCreateBean(AbstractAutowireCapableBeanFactory.java:565) ~[spring-beans-7.0.9.jar:7.0.9]
	at org.springframework.beans.factory.support.AbstractAutowireCapableBeanFactory.createBean(AbstractAutowireCapableBeanFactory.java:525) ~[spring-beans-7.0.9.jar:7.0.9]
	at org.springframework.beans.factory.support.AbstractBeanFactory.lambda$doGetBean$0(AbstractBeanFactory.java:333) ~[spring-beans-7.0.9.jar:7.0.9]
	at org.springframework.beans.factory.support.DefaultSingletonBeanRegistry.getSingleton(DefaultSingletonBeanRegistry.java:371) ~[spring-beans-7.0.9.jar:7.0.9]
	at org.springframework.beans.factory.support.AbstractBeanFactory.doGetBean(AbstractBeanFactory.java:331) ~[spring-beans-7.0.9.jar:7.0.9]
	at org.springframework.beans.factory.support.AbstractBeanFactory.getBean(AbstractBeanFactory.java:196) ~[spring-beans-7.0.9.jar:7.0.9]
	at org.springframework.beans.factory.support.DefaultListableBeanFactory.instantiateSingleton(DefaultListableBeanFactory.java:1225) ~[spring-beans-7.0.9.jar:7.0.9]
	at org.springframework.beans.factory.support.DefaultListableBeanFactory.preInstantiateSingleton(DefaultListableBeanFactory.java:1191) ~[spring-beans-7.0.9.jar:7.0.9]
	at org.springframework.beans.factory.support.DefaultListableBeanFactory.preInstantiateSingletons(DefaultListableBeanFactory.java:1121) ~[spring-beans-7.0.9.jar:7.0.9]
	at org.springframework.context.support.AbstractApplicationContext.finishBeanFactoryInitialization(AbstractApplicationContext.java:994) ~[spring-context-7.0.9.jar:7.0.9]
	at org.springframework.context.support.AbstractApplicationContext.refresh(AbstractApplicationContext.java:621) ~[spring-context-7.0.9.jar:7.0.9]
	at org.springframework.boot.web.server.servlet.context.ServletWebServerApplicationContext.refresh(ServletWebServerApplicationContext.java:143) ~[spring-boot-web-server-4.1.1.jar:4.1.1]
	at org.springframework.boot.SpringApplication.refresh(SpringApplication.java:756) ~[spring-boot-4.1.1.jar:4.1.1]
	at org.springframework.boot.SpringApplication.refreshContext(SpringApplication.java:445) ~[spring-boot-4.1.1.jar:4.1.1]
	at org.springframework.boot.SpringApplication.run(SpringApplication.java:321) ~[spring-boot-4.1.1.jar:4.1.1]
	at org.springframework.boot.SpringApplication.run(SpringApplication.java:1365) ~[spring-boot-4.1.1.jar:4.1.1]
	at org.springframework.boot.SpringApplication.run(SpringApplication.java:1354) ~[spring-boot-4.1.1.jar:4.1.1]
	at com.example.demo.DemoApplication.main(DemoApplication.java:10) ~[classes/:na]
	at java.base/jdk.internal.reflect.DirectMethodHandleAccessor.invoke(DirectMethodHandleAccessor.java:104) ~[na:na]
	at java.base/java.lang.reflect.Method.invoke(Method.java:565) ~[na:na]
	at org.springframework.boot.devtools.restart.RestartLauncher.run(RestartLauncher.java:52) ~[spring-boot-devtools-4.1.1.jar:4.1.1]
Caused by: org.springframework.beans.factory.UnsatisfiedDependencyException: Error creating bean with name 'playerServiceImpl' defined in file [C:\Users\flore\Documents\UNIVERSIDAD\Sexto Semestre\Compunet 2\SpringBoot\PreParcial_CopaMundial\demo\target\classes\com\example\demo\service\impl\PlayerServiceImpl.class]: Unsatisfied dependency expressed through constructor parameter 0: Error creating bean with name 'playerRepository' defined in com.example.demo.repository.PlayerRepository defined in @EnableJpaRepositories declared on DataJpaRepositoriesRegistrar.EnableJpaRepositoriesConfiguration: No property 'playerClubsclubname' found for type 'Player'
	at org.springframework.beans.factory.support.ConstructorResolver.createArgumentArray(ConstructorResolver.java:804) ~[spring-beans-7.0.9.jar:7.0.9]
	at org.springframework.beans.factory.support.ConstructorResolver.autowireConstructor(ConstructorResolver.java:240) ~[spring-beans-7.0.9.jar:7.0.9]
	at org.springframework.beans.factory.support.AbstractAutowireCapableBeanFactory.autowireConstructor(AbstractAutowireCapableBeanFactory.java:1380) ~[spring-beans-7.0.9.jar:7.0.9]
	at org.springframework.beans.factory.support.AbstractAutowireCapableBeanFactory.createBeanInstance(AbstractAutowireCapableBeanFactory.java:1219) ~[spring-beans-7.0.9.jar:7.0.9]
	at org.springframework.beans.factory.support.AbstractAutowireCapableBeanFactory.doCreateBean(AbstractAutowireCapableBeanFactory.java:565) ~[spring-beans-7.0.9.jar:7.0.9]
	at org.springframework.beans.factory.support.AbstractAutowireCapableBeanFactory.createBean(AbstractAutowireCapableBeanFactory.java:525) ~[spring-beans-7.0.9.jar:7.0.9]
	at org.springframework.beans.factory.support.AbstractBeanFactory.lambda$doGetBean$0(AbstractBeanFactory.java:333) ~[spring-beans-7.0.9.jar:7.0.9]
	at org.springframework.beans.factory.support.DefaultSingletonBeanRegistry.getSingleton(DefaultSingletonBeanRegistry.java:371) ~[spring-beans-7.0.9.jar:7.0.9]
	at org.springframework.beans.factory.support.AbstractBeanFactory.doGetBean(AbstractBeanFactory.java:331) ~[spring-beans-7.0.9.jar:7.0.9]
	at org.springframework.beans.factory.support.AbstractBeanFactory.getBean(AbstractBeanFactory.java:201) ~[spring-beans-7.0.9.jar:7.0.9]
	at org.springframework.beans.factory.config.DependencyDescriptor.resolveCandidate(DependencyDescriptor.java:229) ~[spring-beans-7.0.9.jar:7.0.9]
	at org.springframework.beans.factory.support.DefaultListableBeanFactory.doResolveDependency(DefaultListableBeanFactory.java:1769) ~[spring-beans-7.0.9.jar:7.0.9]
	at org.springframework.beans.factory.support.DefaultListableBeanFactory.resolveDependency(DefaultListableBeanFactory.java:1658) ~[spring-beans-7.0.9.jar:7.0.9]
	at org.springframework.beans.factory.support.ConstructorResolver.resolveAutowiredArgument(ConstructorResolver.java:912) ~[spring-beans-7.0.9.jar:7.0.9]
	at org.springframework.beans.factory.support.ConstructorResolver.createArgumentArray(ConstructorResolver.java:791) ~[spring-beans-7.0.9.jar:7.0.9]
	... 24 common frames omitted
Caused by: org.springframework.beans.factory.BeanCreationException: Error creating bean with name 'playerRepository' defined in com.example.demo.repository.PlayerRepository defined in @EnableJpaRepositories declared on DataJpaRepositoriesRegistrar.EnableJpaRepositoriesConfiguration: No property 'playerClubsclubname' found for type 'Player'
	at org.springframework.beans.factory.support.AbstractAutowireCapableBeanFactory.initializeBean(AbstractAutowireCapableBeanFactory.java:1815) ~[spring-beans-7.0.9.jar:7.0.9]
	at org.springframework.beans.factory.support.AbstractAutowireCapableBeanFactory.doCreateBean(AbstractAutowireCapableBeanFactory.java:603) ~[spring-beans-7.0.9.jar:7.0.9]
	at org.springframework.beans.factory.support.AbstractAutowireCapableBeanFactory.createBean(AbstractAutowireCapableBeanFactory.java:525) ~[spring-beans-7.0.9.jar:7.0.9]
	at org.springframework.beans.factory.support.AbstractBeanFactory.lambda$doGetBean$0(AbstractBeanFactory.java:333) ~[spring-beans-7.0.9.jar:7.0.9]
	at org.springframework.beans.factory.support.DefaultSingletonBeanRegistry.getSingleton(DefaultSingletonBeanRegistry.java:371) ~[spring-beans-7.0.9.jar:7.0.9]
	at org.springframework.beans.factory.support.AbstractBeanFactory.doGetBean(AbstractBeanFactory.java:331) ~[spring-beans-7.0.9.jar:7.0.9]
	at org.springframework.beans.factory.support.AbstractBeanFactory.getBean(AbstractBeanFactory.java:201) ~[spring-beans-7.0.9.jar:7.0.9]
	at org.springframework.beans.factory.support.DefaultListableBeanFactory.resolveBean(DefaultListableBeanFactory.java:1232) ~[spring-beans-7.0.9.jar:7.0.9]
	at org.springframework.beans.factory.support.DefaultListableBeanFactory.doResolveDependency(DefaultListableBeanFactory.java:1711) ~[spring-beans-7.0.9.jar:7.0.9]
	at org.springframework.beans.factory.support.DefaultListableBeanFactory.resolveDependency(DefaultListableBeanFactory.java:1658) ~[spring-beans-7.0.9.jar:7.0.9]
	at org.springframework.beans.factory.support.ConstructorResolver.resolveAutowiredArgument(ConstructorResolver.java:912) ~[spring-beans-7.0.9.jar:7.0.9]
	at org.springframework.beans.factory.support.ConstructorResolver.createArgumentArray(ConstructorResolver.java:791) ~[spring-beans-7.0.9.jar:7.0.9]
	... 38 common frames omitted
Caused by: org.springframework.data.repository.query.QueryCreationException: Cannot create query for method [PlayerRepository.findDistinctByPlayerClubsclubname(java.lang.String)]; No property 'playerClubsclubname' found for type 'Player'
	at org.springframework.data.repository.query.QueryCreationException.create(QueryCreationException.java:109) ~[spring-data-commons-4.1.1.jar:4.1.1]
	at org.springframework.data.jpa.repository.query.PartTreeJpaQuery.<init>(PartTreeJpaQuery.java:114) ~[spring-data-jpa-4.1.1.jar:4.1.1]
	at org.springframework.data.jpa.repository.query.JpaQueryLookupStrategy$CreateQueryLookupStrategy.resolveQuery(JpaQueryLookupStrategy.java:118) ~[spring-data-jpa-4.1.1.jar:4.1.1]
	at org.springframework.data.jpa.repository.query.JpaQueryLookupStrategy$CreateIfNotFoundQueryLookupStrategy.resolveQuery(JpaQueryLookupStrategy.java:291) ~[spring-data-jpa-4.1.1.jar:4.1.1]
	at org.springframework.data.jpa.repository.query.JpaQueryLookupStrategy$AbstractQueryLookupStrategy.resolveQuery(JpaQueryLookupStrategy.java:93) ~[spring-data-jpa-4.1.1.jar:4.1.1]
	at org.springframework.data.repository.core.support.QueryExecutorMethodInterceptor.lookupQuery(QueryExecutorMethodInterceptor.java:114) ~[spring-data-commons-4.1.1.jar:4.1.1]
	at org.springframework.data.repository.core.support.QueryExecutorMethodInterceptor.mapMethodsToQuery(QueryExecutorMethodInterceptor.java:102) ~[spring-data-commons-4.1.1.jar:4.1.1]
	at org.springframework.data.repository.core.support.QueryExecutorMethodInterceptor.<init>(QueryExecutorMethodInterceptor.java:90) ~[spring-data-commons-4.1.1.jar:4.1.1]
	at org.springframework.data.repository.core.support.RepositoryFactorySupport.getRepository(RepositoryFactorySupport.java:413) ~[spring-data-commons-4.1.1.jar:4.1.1]
	at org.springframework.data.repository.core.support.RepositoryFactoryBeanSupport.lambda$afterPropertiesSet$1(RepositoryFactoryBeanSupport.java:361) ~[spring-data-commons-4.1.1.jar:4.1.1]
	at org.springframework.data.util.Lazy.getNullable(Lazy.java:136) ~[spring-data-commons-4.1.1.jar:4.1.1]
	at org.springframework.data.util.Lazy.get(Lazy.java:114) ~[spring-data-commons-4.1.1.jar:4.1.1]
	at org.springframework.data.repository.core.support.RepositoryFactoryBeanSupport.afterPropertiesSet(RepositoryFactoryBeanSupport.java:370) ~[spring-data-commons-4.1.1.jar:4.1.1]
	at org.springframework.data.jpa.repository.support.JpaRepositoryFactoryBean.afterPropertiesSet(JpaRepositoryFactoryBean.java:212) ~[spring-data-jpa-4.1.1.jar:4.1.1]
	at org.springframework.beans.factory.support.AbstractAutowireCapableBeanFactory.invokeInitMethods(AbstractAutowireCapableBeanFactory.java:1862) ~[spring-beans-7.0.9.jar:7.0.9]
	at org.springframework.beans.factory.support.AbstractAutowireCapableBeanFactory.initializeBean(AbstractAutowireCapableBeanFactory.java:1811) ~[spring-beans-7.0.9.jar:7.0.9]
	... 49 common frames omitted
Caused by: org.springframework.data.core.PropertyReferenceException: No property 'playerClubsclubname' found for type 'Player'
	at org.springframework.data.core.SimplePropertyPath.<init>(SimplePropertyPath.java:94) ~[spring-data-commons-4.1.1.jar:4.1.1]
	at org.springframework.data.core.SimplePropertyPath.create(SimplePropertyPath.java:322) ~[spring-data-commons-4.1.1.jar:4.1.1]
	at org.springframework.data.core.SimplePropertyPath.create(SimplePropertyPath.java:297) ~[spring-data-commons-4.1.1.jar:4.1.1]
	at org.springframework.data.core.SimplePropertyPath.lambda$from$0(SimplePropertyPath.java:250) ~[spring-data-commons-4.1.1.jar:4.1.1]
	at org.springframework.util.ConcurrentReferenceHashMap$6.execute(ConcurrentReferenceHashMap.java:387) ~[spring-core-7.0.9.jar:7.0.9]
	at org.springframework.util.ConcurrentReferenceHashMap$Segment.doTask(ConcurrentReferenceHashMap.java:688) ~[spring-core-7.0.9.jar:7.0.9]
	at org.springframework.util.ConcurrentReferenceHashMap.doTask(ConcurrentReferenceHashMap.java:572) ~[spring-core-7.0.9.jar:7.0.9]
	at org.springframework.util.ConcurrentReferenceHashMap.computeIfAbsent(ConcurrentReferenceHashMap.java:381) ~[spring-core-7.0.9.jar:7.0.9]
	at org.springframework.data.core.SimplePropertyPath.from(SimplePropertyPath.java:228) ~[spring-data-commons-4.1.1.jar:4.1.1]
	at org.springframework.data.core.PropertyPath.from(PropertyPath.java:264) ~[spring-data-commons-4.1.1.jar:4.1.1]
	at org.springframework.data.core.PropertyPath.from(PropertyPath.java:247) ~[spring-data-commons-4.1.1.jar:4.1.1]
	at org.springframework.data.repository.query.parser.Part.<init>(Part.java:81) ~[spring-data-commons-4.1.1.jar:4.1.1]
	at org.springframework.data.repository.query.parser.PartTree$OrPart.lambda$new$0(PartTree.java:260) ~[spring-data-commons-4.1.1.jar:4.1.1]
	at java.base/java.util.stream.ReferencePipeline$3$1.accept(ReferencePipeline.java:215) ~[na:na]
	at java.base/java.util.stream.ReferencePipeline$2$1.accept(ReferencePipeline.java:197) ~[na:na]
	at java.base/java.util.Spliterators$ArraySpliterator.forEachRemaining(Spliterators.java:1024) ~[na:na]
	at java.base/java.util.stream.AbstractPipeline.copyInto(AbstractPipeline.java:570) ~[na:na]
	at java.base/java.util.stream.AbstractPipeline.wrapAndCopyInto(AbstractPipeline.java:560) ~[na:na]
	at java.base/java.util.stream.ReduceOps$ReduceOp.evaluateSequential(ReduceOps.java:921) ~[na:na]
	at java.base/java.util.stream.AbstractPipeline.evaluate(AbstractPipeline.java:265) ~[na:na]
	at java.base/java.util.stream.ReferencePipeline.collect(ReferencePipeline.java:727) ~[na:na]
	at org.springframework.data.repository.query.parser.PartTree$OrPart.<init>(PartTree.java:261) ~[spring-data-commons-4.1.1.jar:4.1.1]
	at org.springframework.data.repository.query.parser.PartTree$Predicate.lambda$new$0(PartTree.java:390) ~[spring-data-commons-4.1.1.jar:4.1.1]
	at java.base/java.util.stream.ReferencePipeline$3$1.accept(ReferencePipeline.java:215) ~[na:na]
	at java.base/java.util.stream.ReferencePipeline$2$1.accept(ReferencePipeline.java:197) ~[na:na]
	at java.base/java.util.Spliterators$ArraySpliterator.forEachRemaining(Spliterators.java:1024) ~[na:na]
	at java.base/java.util.stream.AbstractPipeline.copyInto(AbstractPipeline.java:570) ~[na:na]
	at java.base/java.util.stream.AbstractPipeline.wrapAndCopyInto(AbstractPipeline.java:560) ~[na:na]
	at java.base/java.util.stream.ReduceOps$ReduceOp.evaluateSequential(ReduceOps.java:921) ~[na:na]
	at java.base/java.util.stream.AbstractPipeline.evaluate(AbstractPipeline.java:265) ~[na:na]
	at java.base/java.util.stream.ReferencePipeline.collect(ReferencePipeline.java:727) ~[na:na]
	at org.springframework.data.repository.query.parser.PartTree$Predicate.<init>(PartTree.java:391) ~[spring-data-commons-4.1.1.jar:4.1.1]
	at org.springframework.data.repository.query.parser.PartTree.<init>(PartTree.java:104) ~[spring-data-commons-4.1.1.jar:4.1.1]
	at org.springframework.data.jpa.repository.query.PartTreeJpaQuery.<init>(PartTreeJpaQuery.java:108) ~[spring-data-jpa-4.1.1.jar:4.1.1]
	... 63 common frames omitted

2026-09-23 10:28:34.649  INFO 25208 --- [fifa] [restartedMain] com.example.demo.DemoApplication         : Starting DemoApplication using Java 24.0.2 with PID 25208 (C:\Users\flore\Documents\UNIVERSIDAD\Sexto Semestre\Compunet 2\SpringBoot\PreParcial_CopaMundial\demo\target\classes started by flore in C:\Users\flore\Documents\UNIVERSIDAD\Sexto Semestre\Compunet 2\SpringBoot\PreParcial_CopaMundial\demo)
2026-09-23 10:28:34.650  INFO 25208 --- [fifa] [restartedMain] com.example.demo.DemoApplication         : The following 1 profile is active: "dev"
2026-09-23 10:28:34.779  INFO 25208 --- [fifa] [restartedMain] .s.d.r.c.RepositoryConfigurationDelegate : Bootstrapping Spring Data JPA repositories in DEFAULT mode.
2026-09-23 10:28:34.794  INFO 25208 --- [fifa] [restartedMain] .s.d.r.c.RepositoryConfigurationDelegate : Finished Spring Data repository scanning in 13 ms. Found 5 JPA repository interfaces.
2026-09-23 10:28:34.848  INFO 25208 --- [fifa] [restartedMain] o.s.boot.tomcat.TomcatWebServer          : Tomcat initialized with port 8081 (http)
2026-09-23 10:28:34.848  INFO 25208 --- [fifa] [restartedMain] o.apache.catalina.core.StandardService   : Starting service [Tomcat]
2026-09-23 10:28:34.848  INFO 25208 --- [fifa] [restartedMain] o.apache.catalina.core.StandardEngine    : Starting Servlet engine: [Apache Tomcat/11.0.24]
2026-09-23 10:28:34.868  INFO 25208 --- [fifa] [restartedMain] b.w.c.s.WebApplicationContextInitializer : Root WebApplicationContext: initialization completed in 217 ms
2026-09-23 10:28:34.891  INFO 25208 --- [fifa] [restartedMain] org.hibernate.orm.jpa                    : HHH008540: Processing PersistenceUnitInfo [name: default]
2026-09-23 10:28:34.926  INFO 25208 --- [fifa] [restartedMain] o.s.o.j.p.SpringPersistenceUnitInfo      : No LoadTimeWeaver setup: ignoring JPA class transformer
2026-09-23 10:28:34.927  INFO 25208 --- [fifa] [restartedMain] com.zaxxer.hikari.HikariDataSource       : HikariPool-13 - Starting...
2026-09-23 10:28:34.929  INFO 25208 --- [fifa] [restartedMain] com.zaxxer.hikari.pool.HikariPool        : HikariPool-13 - Added connection conn47: url=jdbc:h2:mem:db-kevin user=POSTGRES
2026-09-23 10:28:34.929  INFO 25208 --- [fifa] [restartedMain] com.zaxxer.hikari.HikariDataSource       : HikariPool-13 - Start completed.
2026-09-23 10:28:34.930  INFO 25208 --- [fifa] [restartedMain] org.hibernate.orm.connections.pooling    : HHH10001005: Database info:
	Database JDBC URL [jdbc:h2:mem:db-kevin]
	Database driver: H2 JDBC Driver
	Database dialect: H2Dialect
	Database version: 2.4.240
	Default catalog/schema: DB-KEVIN/PUBLIC
	Autocommit mode: undefined/unknown
	Isolation level: READ_COMMITTED [default READ_COMMITTED]
	JDBC fetch size: 100
	Pool: DataSourceConnectionProvider
	Minimum pool size: undefined/unknown
	Maximum pool size: undefined/unknown
2026-09-23 10:28:35.019  INFO 25208 --- [fifa] [restartedMain] org.hibernate.orm.core                   : HHH000489: No JTA platform available (set 'hibernate.transaction.jta.platform' to enable JTA platform integration)
2026-09-23 10:28:35.026  INFO 25208 --- [fifa] [restartedMain] j.LocalContainerEntityManagerFactoryBean : Initialized JPA EntityManagerFactory for persistence unit 'default'
2026-09-23 10:28:35.066  WARN 25208 --- [fifa] [restartedMain] ConfigServletWebServerApplicationContext : Exception encountered during context initialization - cancelling refresh attempt: org.springframework.beans.factory.UnsatisfiedDependencyException: Error creating bean with name 'playerController' defined in file [C:\Users\flore\Documents\UNIVERSIDAD\Sexto Semestre\Compunet 2\SpringBoot\PreParcial_CopaMundial\demo\target\classes\com\example\demo\controller\PlayerController.class]: Unsatisfied dependency expressed through constructor parameter 0: Error creating bean with name 'playerServiceImpl' defined in file [C:\Users\flore\Documents\UNIVERSIDAD\Sexto Semestre\Compunet 2\SpringBoot\PreParcial_CopaMundial\demo\target\classes\com\example\demo\service\impl\PlayerServiceImpl.class]: Unsatisfied dependency expressed through constructor parameter 0: Error creating bean with name 'playerRepository' defined in com.example.demo.repository.PlayerRepository defined in @EnableJpaRepositories declared on DataJpaRepositoriesRegistrar.EnableJpaRepositoriesConfiguration: No property 'playerClubsclubname' found for type 'Player'
2026-09-23 10:28:35.067  INFO 25208 --- [fifa] [restartedMain] j.LocalContainerEntityManagerFactoryBean : Closing JPA EntityManagerFactory for persistence unit 'default'
2026-09-23 10:28:35.068  WARN 25208 --- [fifa] [restartedMain] o.s.b.f.support.DisposableBeanAdapter    : Invocation of destroy method failed on bean with name 'inMemoryDatabaseShutdownExecutor': org.h2.jdbc.JdbcSQLNonTransientConnectionException: La base de datos ya esta cerrada (para des-habilitar el cerrado automatico durante el shutdown de la VM, agregue ";DB_CLOSE_ON_EXIT=FALSE" a la URL de conexión)
Database is already closed (to disable automatic closing at VM shutdown, add ";DB_CLOSE_ON_EXIT=FALSE" to the db URL) [90121-240]
2026-09-23 10:28:35.068  INFO 25208 --- [fifa] [restartedMain] com.zaxxer.hikari.HikariDataSource       : HikariPool-13 - Shutdown initiated...
2026-09-23 10:28:35.092  INFO 25208 --- [fifa] [restartedMain] com.zaxxer.hikari.HikariDataSource       : HikariPool-13 - Shutdown completed.
2026-09-23 10:28:35.092  INFO 25208 --- [fifa] [restartedMain] o.apache.catalina.core.StandardService   : Stopping service [Tomcat]
2026-09-23 10:28:35.097  INFO 25208 --- [fifa] [restartedMain] .s.b.a.l.ConditionEvaluationReportLogger : 

Error starting ApplicationContext. To display the condition evaluation report re-run your application with 'debug' enabled.
2026-09-23 10:28:35.100 ERROR 25208 --- [fifa] [restartedMain] o.s.boot.SpringApplication               : Application run failed

org.springframework.beans.factory.UnsatisfiedDependencyException: Error creating bean with name 'playerController' defined in file [C:\Users\flore\Documents\UNIVERSIDAD\Sexto Semestre\Compunet 2\SpringBoot\PreParcial_CopaMundial\demo\target\classes\com\example\demo\controller\PlayerController.class]: Unsatisfied dependency expressed through constructor parameter 0: Error creating bean with name 'playerServiceImpl' defined in file [C:\Users\flore\Documents\UNIVERSIDAD\Sexto Semestre\Compunet 2\SpringBoot\PreParcial_CopaMundial\demo\target\classes\com\example\demo\service\impl\PlayerServiceImpl.class]: Unsatisfied dependency expressed through constructor parameter 0: Error creating bean with name 'playerRepository' defined in com.example.demo.repository.PlayerRepository defined in @EnableJpaRepositories declared on DataJpaRepositoriesRegistrar.EnableJpaRepositoriesConfiguration: No property 'playerClubsclubname' found for type 'Player'
	at org.springframework.beans.factory.support.ConstructorResolver.createArgumentArray(ConstructorResolver.java:804) ~[spring-beans-7.0.9.jar:7.0.9]
	at org.springframework.beans.factory.support.ConstructorResolver.autowireConstructor(ConstructorResolver.java:240) ~[spring-beans-7.0.9.jar:7.0.9]
	at org.springframework.beans.factory.support.AbstractAutowireCapableBeanFactory.autowireConstructor(AbstractAutowireCapableBeanFactory.java:1380) ~[spring-beans-7.0.9.jar:7.0.9]
	at org.springframework.beans.factory.support.AbstractAutowireCapableBeanFactory.createBeanInstance(AbstractAutowireCapableBeanFactory.java:1219) ~[spring-beans-7.0.9.jar:7.0.9]
	at org.springframework.beans.factory.support.AbstractAutowireCapableBeanFactory.doCreateBean(AbstractAutowireCapableBeanFactory.java:565) ~[spring-beans-7.0.9.jar:7.0.9]
	at org.springframework.beans.factory.support.AbstractAutowireCapableBeanFactory.createBean(AbstractAutowireCapableBeanFactory.java:525) ~[spring-beans-7.0.9.jar:7.0.9]
	at org.springframework.beans.factory.support.AbstractBeanFactory.lambda$doGetBean$0(AbstractBeanFactory.java:333) ~[spring-beans-7.0.9.jar:7.0.9]
	at org.springframework.beans.factory.support.DefaultSingletonBeanRegistry.getSingleton(DefaultSingletonBeanRegistry.java:371) ~[spring-beans-7.0.9.jar:7.0.9]
	at org.springframework.beans.factory.support.AbstractBeanFactory.doGetBean(AbstractBeanFactory.java:331) ~[spring-beans-7.0.9.jar:7.0.9]
	at org.springframework.beans.factory.support.AbstractBeanFactory.getBean(AbstractBeanFactory.java:196) ~[spring-beans-7.0.9.jar:7.0.9]
	at org.springframework.beans.factory.support.DefaultListableBeanFactory.instantiateSingleton(DefaultListableBeanFactory.java:1225) ~[spring-beans-7.0.9.jar:7.0.9]
	at org.springframework.beans.factory.support.DefaultListableBeanFactory.preInstantiateSingleton(DefaultListableBeanFactory.java:1191) ~[spring-beans-7.0.9.jar:7.0.9]
	at org.springframework.beans.factory.support.DefaultListableBeanFactory.preInstantiateSingletons(DefaultListableBeanFactory.java:1121) ~[spring-beans-7.0.9.jar:7.0.9]
	at org.springframework.context.support.AbstractApplicationContext.finishBeanFactoryInitialization(AbstractApplicationContext.java:994) ~[spring-context-7.0.9.jar:7.0.9]
	at org.springframework.context.support.AbstractApplicationContext.refresh(AbstractApplicationContext.java:621) ~[spring-context-7.0.9.jar:7.0.9]
	at org.springframework.boot.web.server.servlet.context.ServletWebServerApplicationContext.refresh(ServletWebServerApplicationContext.java:143) ~[spring-boot-web-server-4.1.1.jar:4.1.1]
	at org.springframework.boot.SpringApplication.refresh(SpringApplication.java:756) ~[spring-boot-4.1.1.jar:4.1.1]
	at org.springframework.boot.SpringApplication.refreshContext(SpringApplication.java:445) ~[spring-boot-4.1.1.jar:4.1.1]
	at org.springframework.boot.SpringApplication.run(SpringApplication.java:321) ~[spring-boot-4.1.1.jar:4.1.1]
	at org.springframework.boot.SpringApplication.run(SpringApplication.java:1365) ~[spring-boot-4.1.1.jar:4.1.1]
	at org.springframework.boot.SpringApplication.run(SpringApplication.java:1354) ~[spring-boot-4.1.1.jar:4.1.1]
	at com.example.demo.DemoApplication.main(DemoApplication.java:10) ~[classes/:na]
	at java.base/jdk.internal.reflect.DirectMethodHandleAccessor.invoke(DirectMethodHandleAccessor.java:104) ~[na:na]
	at java.base/java.lang.reflect.Method.invoke(Method.java:565) ~[na:na]
	at org.springframework.boot.devtools.restart.RestartLauncher.run(RestartLauncher.java:52) ~[spring-boot-devtools-4.1.1.jar:4.1.1]
Caused by: org.springframework.beans.factory.UnsatisfiedDependencyException: Error creating bean with name 'playerServiceImpl' defined in file [C:\Users\flore\Documents\UNIVERSIDAD\Sexto Semestre\Compunet 2\SpringBoot\PreParcial_CopaMundial\demo\target\classes\com\example\demo\service\impl\PlayerServiceImpl.class]: Unsatisfied dependency expressed through constructor parameter 0: Error creating bean with name 'playerRepository' defined in com.example.demo.repository.PlayerRepository defined in @EnableJpaRepositories declared on DataJpaRepositoriesRegistrar.EnableJpaRepositoriesConfiguration: No property 'playerClubsclubname' found for type 'Player'
	at org.springframework.beans.factory.support.ConstructorResolver.createArgumentArray(ConstructorResolver.java:804) ~[spring-beans-7.0.9.jar:7.0.9]
	at org.springframework.beans.factory.support.ConstructorResolver.autowireConstructor(ConstructorResolver.java:240) ~[spring-beans-7.0.9.jar:7.0.9]
	at org.springframework.beans.factory.support.AbstractAutowireCapableBeanFactory.autowireConstructor(AbstractAutowireCapableBeanFactory.java:1380) ~[spring-beans-7.0.9.jar:7.0.9]
	at org.springframework.beans.factory.support.AbstractAutowireCapableBeanFactory.createBeanInstance(AbstractAutowireCapableBeanFactory.java:1219) ~[spring-beans-7.0.9.jar:7.0.9]
	at org.springframework.beans.factory.support.AbstractAutowireCapableBeanFactory.doCreateBean(AbstractAutowireCapableBeanFactory.java:565) ~[spring-beans-7.0.9.jar:7.0.9]
	at org.springframework.beans.factory.support.AbstractAutowireCapableBeanFactory.createBean(AbstractAutowireCapableBeanFactory.java:525) ~[spring-beans-7.0.9.jar:7.0.9]
	at org.springframework.beans.factory.support.AbstractBeanFactory.lambda$doGetBean$0(AbstractBeanFactory.java:333) ~[spring-beans-7.0.9.jar:7.0.9]
	at org.springframework.beans.factory.support.DefaultSingletonBeanRegistry.getSingleton(DefaultSingletonBeanRegistry.java:371) ~[spring-beans-7.0.9.jar:7.0.9]
	at org.springframework.beans.factory.support.AbstractBeanFactory.doGetBean(AbstractBeanFactory.java:331) ~[spring-beans-7.0.9.jar:7.0.9]
	at org.springframework.beans.factory.support.AbstractBeanFactory.getBean(AbstractBeanFactory.java:201) ~[spring-beans-7.0.9.jar:7.0.9]
	at org.springframework.beans.factory.config.DependencyDescriptor.resolveCandidate(DependencyDescriptor.java:229) ~[spring-beans-7.0.9.jar:7.0.9]
	at org.springframework.beans.factory.support.DefaultListableBeanFactory.doResolveDependency(DefaultListableBeanFactory.java:1769) ~[spring-beans-7.0.9.jar:7.0.9]
	at org.springframework.beans.factory.support.DefaultListableBeanFactory.resolveDependency(DefaultListableBeanFactory.java:1658) ~[spring-beans-7.0.9.jar:7.0.9]
	at org.springframework.beans.factory.support.ConstructorResolver.resolveAutowiredArgument(ConstructorResolver.java:912) ~[spring-beans-7.0.9.jar:7.0.9]
	at org.springframework.beans.factory.support.ConstructorResolver.createArgumentArray(ConstructorResolver.java:791) ~[spring-beans-7.0.9.jar:7.0.9]
	... 24 common frames omitted
Caused by: org.springframework.beans.factory.BeanCreationException: Error creating bean with name 'playerRepository' defined in com.example.demo.repository.PlayerRepository defined in @EnableJpaRepositories declared on DataJpaRepositoriesRegistrar.EnableJpaRepositoriesConfiguration: No property 'playerClubsclubname' found for type 'Player'
	at org.springframework.beans.factory.support.AbstractAutowireCapableBeanFactory.initializeBean(AbstractAutowireCapableBeanFactory.java:1815) ~[spring-beans-7.0.9.jar:7.0.9]
	at org.springframework.beans.factory.support.AbstractAutowireCapableBeanFactory.doCreateBean(AbstractAutowireCapableBeanFactory.java:603) ~[spring-beans-7.0.9.jar:7.0.9]
	at org.springframework.beans.factory.support.AbstractAutowireCapableBeanFactory.createBean(AbstractAutowireCapableBeanFactory.java:525) ~[spring-beans-7.0.9.jar:7.0.9]
	at org.springframework.beans.factory.support.AbstractBeanFactory.lambda$doGetBean$0(AbstractBeanFactory.java:333) ~[spring-beans-7.0.9.jar:7.0.9]
	at org.springframework.beans.factory.support.DefaultSingletonBeanRegistry.getSingleton(DefaultSingletonBeanRegistry.java:371) ~[spring-beans-7.0.9.jar:7.0.9]
	at org.springframework.beans.factory.support.AbstractBeanFactory.doGetBean(AbstractBeanFactory.java:331) ~[spring-beans-7.0.9.jar:7.0.9]
	at org.springframework.beans.factory.support.AbstractBeanFactory.getBean(AbstractBeanFactory.java:201) ~[spring-beans-7.0.9.jar:7.0.9]
	at org.springframework.beans.factory.support.DefaultListableBeanFactory.resolveBean(DefaultListableBeanFactory.java:1232) ~[spring-beans-7.0.9.jar:7.0.9]
	at org.springframework.beans.factory.support.DefaultListableBeanFactory.doResolveDependency(DefaultListableBeanFactory.java:1711) ~[spring-beans-7.0.9.jar:7.0.9]
	at org.springframework.beans.factory.support.DefaultListableBeanFactory.resolveDependency(DefaultListableBeanFactory.java:1658) ~[spring-beans-7.0.9.jar:7.0.9]
	at org.springframework.beans.factory.support.ConstructorResolver.resolveAutowiredArgument(ConstructorResolver.java:912) ~[spring-beans-7.0.9.jar:7.0.9]
	at org.springframework.beans.factory.support.ConstructorResolver.createArgumentArray(ConstructorResolver.java:791) ~[spring-beans-7.0.9.jar:7.0.9]
	... 38 common frames omitted
Caused by: org.springframework.data.repository.query.QueryCreationException: Cannot create query for method [PlayerRepository.findDistinctByPlayerClubsclubname(java.lang.String)]; No property 'playerClubsclubname' found for type 'Player'
	at org.springframework.data.repository.query.QueryCreationException.create(QueryCreationException.java:109) ~[spring-data-commons-4.1.1.jar:4.1.1]
	at org.springframework.data.jpa.repository.query.PartTreeJpaQuery.<init>(PartTreeJpaQuery.java:114) ~[spring-data-jpa-4.1.1.jar:4.1.1]
	at org.springframework.data.jpa.repository.query.JpaQueryLookupStrategy$CreateQueryLookupStrategy.resolveQuery(JpaQueryLookupStrategy.java:118) ~[spring-data-jpa-4.1.1.jar:4.1.1]
	at org.springframework.data.jpa.repository.query.JpaQueryLookupStrategy$CreateIfNotFoundQueryLookupStrategy.resolveQuery(JpaQueryLookupStrategy.java:291) ~[spring-data-jpa-4.1.1.jar:4.1.1]
	at org.springframework.data.jpa.repository.query.JpaQueryLookupStrategy$AbstractQueryLookupStrategy.resolveQuery(JpaQueryLookupStrategy.java:93) ~[spring-data-jpa-4.1.1.jar:4.1.1]
	at org.springframework.data.repository.core.support.QueryExecutorMethodInterceptor.lookupQuery(QueryExecutorMethodInterceptor.java:114) ~[spring-data-commons-4.1.1.jar:4.1.1]
	at org.springframework.data.repository.core.support.QueryExecutorMethodInterceptor.mapMethodsToQuery(QueryExecutorMethodInterceptor.java:102) ~[spring-data-commons-4.1.1.jar:4.1.1]
	at org.springframework.data.repository.core.support.QueryExecutorMethodInterceptor.<init>(QueryExecutorMethodInterceptor.java:90) ~[spring-data-commons-4.1.1.jar:4.1.1]
	at org.springframework.data.repository.core.support.RepositoryFactorySupport.getRepository(RepositoryFactorySupport.java:413) ~[spring-data-commons-4.1.1.jar:4.1.1]
	at org.springframework.data.repository.core.support.RepositoryFactoryBeanSupport.lambda$afterPropertiesSet$1(RepositoryFactoryBeanSupport.java:361) ~[spring-data-commons-4.1.1.jar:4.1.1]
	at org.springframework.data.util.Lazy.getNullable(Lazy.java:136) ~[spring-data-commons-4.1.1.jar:4.1.1]
	at org.springframework.data.util.Lazy.get(Lazy.java:114) ~[spring-data-commons-4.1.1.jar:4.1.1]
	at org.springframework.data.repository.core.support.RepositoryFactoryBeanSupport.afterPropertiesSet(RepositoryFactoryBeanSupport.java:370) ~[spring-data-commons-4.1.1.jar:4.1.1]
	at org.springframework.data.jpa.repository.support.JpaRepositoryFactoryBean.afterPropertiesSet(JpaRepositoryFactoryBean.java:212) ~[spring-data-jpa-4.1.1.jar:4.1.1]
	at org.springframework.beans.factory.support.AbstractAutowireCapableBeanFactory.invokeInitMethods(AbstractAutowireCapableBeanFactory.java:1862) ~[spring-beans-7.0.9.jar:7.0.9]
	at org.springframework.beans.factory.support.AbstractAutowireCapableBeanFactory.initializeBean(AbstractAutowireCapableBeanFactory.java:1811) ~[spring-beans-7.0.9.jar:7.0.9]
	... 49 common frames omitted
Caused by: org.springframework.data.core.PropertyReferenceException: No property 'playerClubsclubname' found for type 'Player'
	at org.springframework.data.core.SimplePropertyPath.<init>(SimplePropertyPath.java:94) ~[spring-data-commons-4.1.1.jar:4.1.1]
	at org.springframework.data.core.SimplePropertyPath.create(SimplePropertyPath.java:322) ~[spring-data-commons-4.1.1.jar:4.1.1]
	at org.springframework.data.core.SimplePropertyPath.create(SimplePropertyPath.java:297) ~[spring-data-commons-4.1.1.jar:4.1.1]
	at org.springframework.data.core.SimplePropertyPath.lambda$from$0(SimplePropertyPath.java:250) ~[spring-data-commons-4.1.1.jar:4.1.1]
	at org.springframework.util.ConcurrentReferenceHashMap$6.execute(ConcurrentReferenceHashMap.java:387) ~[spring-core-7.0.9.jar:7.0.9]
	at org.springframework.util.ConcurrentReferenceHashMap$Segment.doTask(ConcurrentReferenceHashMap.java:688) ~[spring-core-7.0.9.jar:7.0.9]
	at org.springframework.util.ConcurrentReferenceHashMap.doTask(ConcurrentReferenceHashMap.java:572) ~[spring-core-7.0.9.jar:7.0.9]
	at org.springframework.util.ConcurrentReferenceHashMap.computeIfAbsent(ConcurrentReferenceHashMap.java:381) ~[spring-core-7.0.9.jar:7.0.9]
	at org.springframework.data.core.SimplePropertyPath.from(SimplePropertyPath.java:228) ~[spring-data-commons-4.1.1.jar:4.1.1]
	at org.springframework.data.core.PropertyPath.from(PropertyPath.java:264) ~[spring-data-commons-4.1.1.jar:4.1.1]
	at org.springframework.data.core.PropertyPath.from(PropertyPath.java:247) ~[spring-data-commons-4.1.1.jar:4.1.1]
	at org.springframework.data.repository.query.parser.Part.<init>(Part.java:81) ~[spring-data-commons-4.1.1.jar:4.1.1]
	at org.springframework.data.repository.query.parser.PartTree$OrPart.lambda$new$0(PartTree.java:260) ~[spring-data-commons-4.1.1.jar:4.1.1]
	at java.base/java.util.stream.ReferencePipeline$3$1.accept(ReferencePipeline.java:215) ~[na:na]
	at java.base/java.util.stream.ReferencePipeline$2$1.accept(ReferencePipeline.java:197) ~[na:na]
	at java.base/java.util.Spliterators$ArraySpliterator.forEachRemaining(Spliterators.java:1024) ~[na:na]
	at java.base/java.util.stream.AbstractPipeline.copyInto(AbstractPipeline.java:570) ~[na:na]
	at java.base/java.util.stream.AbstractPipeline.wrapAndCopyInto(AbstractPipeline.java:560) ~[na:na]
	at java.base/java.util.stream.ReduceOps$ReduceOp.evaluateSequential(ReduceOps.java:921) ~[na:na]
	at java.base/java.util.stream.AbstractPipeline.evaluate(AbstractPipeline.java:265) ~[na:na]
	at java.base/java.util.stream.ReferencePipeline.collect(ReferencePipeline.java:727) ~[na:na]
	at org.springframework.data.repository.query.parser.PartTree$OrPart.<init>(PartTree.java:261) ~[spring-data-commons-4.1.1.jar:4.1.1]
	at org.springframework.data.repository.query.parser.PartTree$Predicate.lambda$new$0(PartTree.java:390) ~[spring-data-commons-4.1.1.jar:4.1.1]
	at java.base/java.util.stream.ReferencePipeline$3$1.accept(ReferencePipeline.java:215) ~[na:na]
	at java.base/java.util.stream.ReferencePipeline$2$1.accept(ReferencePipeline.java:197) ~[na:na]
	at java.base/java.util.Spliterators$ArraySpliterator.forEachRemaining(Spliterators.java:1024) ~[na:na]
	at java.base/java.util.stream.AbstractPipeline.copyInto(AbstractPipeline.java:570) ~[na:na]
	at java.base/java.util.stream.AbstractPipeline.wrapAndCopyInto(AbstractPipeline.java:560) ~[na:na]
	at java.base/java.util.stream.ReduceOps$ReduceOp.evaluateSequential(ReduceOps.java:921) ~[na:na]
	at java.base/java.util.stream.AbstractPipeline.evaluate(AbstractPipeline.java:265) ~[na:na]
	at java.base/java.util.stream.ReferencePipeline.collect(ReferencePipeline.java:727) ~[na:na]
	at org.springframework.data.repository.query.parser.PartTree$Predicate.<init>(PartTree.java:391) ~[spring-data-commons-4.1.1.jar:4.1.1]
	at org.springframework.data.repository.query.parser.PartTree.<init>(PartTree.java:104) ~[spring-data-commons-4.1.1.jar:4.1.1]
	at org.springframework.data.jpa.repository.query.PartTreeJpaQuery.<init>(PartTreeJpaQuery.java:108) ~[spring-data-jpa-4.1.1.jar:4.1.1]
	... 63 common frames omitted

2026-09-23 10:28:43.658  INFO 25208 --- [fifa] [restartedMain] com.example.demo.DemoApplication         : Starting DemoApplication using Java 24.0.2 with PID 25208 (C:\Users\flore\Documents\UNIVERSIDAD\Sexto Semestre\Compunet 2\SpringBoot\PreParcial_CopaMundial\demo\target\classes started by flore in C:\Users\flore\Documents\UNIVERSIDAD\Sexto Semestre\Compunet 2\SpringBoot\PreParcial_CopaMundial\demo)
2026-09-23 10:28:43.658  INFO 25208 --- [fifa] [restartedMain] com.example.demo.DemoApplication         : The following 1 profile is active: "dev"
2026-09-23 10:28:43.789  INFO 25208 --- [fifa] [restartedMain] .s.d.r.c.RepositoryConfigurationDelegate : Bootstrapping Spring Data JPA repositories in DEFAULT mode.
2026-09-23 10:28:43.803  INFO 25208 --- [fifa] [restartedMain] .s.d.r.c.RepositoryConfigurationDelegate : Finished Spring Data repository scanning in 12 ms. Found 5 JPA repository interfaces.
2026-09-23 10:28:43.856  INFO 25208 --- [fifa] [restartedMain] o.s.boot.tomcat.TomcatWebServer          : Tomcat initialized with port 8081 (http)
2026-09-23 10:28:43.856  INFO 25208 --- [fifa] [restartedMain] o.apache.catalina.core.StandardService   : Starting service [Tomcat]
2026-09-23 10:28:43.856  INFO 25208 --- [fifa] [restartedMain] o.apache.catalina.core.StandardEngine    : Starting Servlet engine: [Apache Tomcat/11.0.24]
2026-09-23 10:28:43.878  INFO 25208 --- [fifa] [restartedMain] b.w.c.s.WebApplicationContextInitializer : Root WebApplicationContext: initialization completed in 218 ms
2026-09-23 10:28:43.901  INFO 25208 --- [fifa] [restartedMain] org.hibernate.orm.jpa                    : HHH008540: Processing PersistenceUnitInfo [name: default]
2026-09-23 10:28:43.930  INFO 25208 --- [fifa] [restartedMain] o.s.o.j.p.SpringPersistenceUnitInfo      : No LoadTimeWeaver setup: ignoring JPA class transformer
2026-09-23 10:28:43.931  INFO 25208 --- [fifa] [restartedMain] com.zaxxer.hikari.HikariDataSource       : HikariPool-14 - Starting...
2026-09-23 10:28:43.932  INFO 25208 --- [fifa] [restartedMain] com.zaxxer.hikari.pool.HikariPool        : HikariPool-14 - Added connection conn50: url=jdbc:h2:mem:db-kevin user=POSTGRES
2026-09-23 10:28:43.933  INFO 25208 --- [fifa] [restartedMain] com.zaxxer.hikari.HikariDataSource       : HikariPool-14 - Start completed.
2026-09-23 10:28:43.933  INFO 25208 --- [fifa] [restartedMain] org.hibernate.orm.connections.pooling    : HHH10001005: Database info:
	Database JDBC URL [jdbc:h2:mem:db-kevin]
	Database driver: H2 JDBC Driver
	Database dialect: H2Dialect
	Database version: 2.4.240
	Default catalog/schema: DB-KEVIN/PUBLIC
	Autocommit mode: undefined/unknown
	Isolation level: READ_COMMITTED [default READ_COMMITTED]
	JDBC fetch size: 100
	Pool: DataSourceConnectionProvider
	Minimum pool size: undefined/unknown
	Maximum pool size: undefined/unknown
2026-09-23 10:28:44.006  INFO 25208 --- [fifa] [restartedMain] org.hibernate.orm.core                   : HHH000489: No JTA platform available (set 'hibernate.transaction.jta.platform' to enable JTA platform integration)
2026-09-23 10:28:44.013  INFO 25208 --- [fifa] [restartedMain] j.LocalContainerEntityManagerFactoryBean : Initialized JPA EntityManagerFactory for persistence unit 'default'
2026-09-23 10:28:44.049  WARN 25208 --- [fifa] [restartedMain] ConfigServletWebServerApplicationContext : Exception encountered during context initialization - cancelling refresh attempt: org.springframework.beans.factory.UnsatisfiedDependencyException: Error creating bean with name 'playerController' defined in file [C:\Users\flore\Documents\UNIVERSIDAD\Sexto Semestre\Compunet 2\SpringBoot\PreParcial_CopaMundial\demo\target\classes\com\example\demo\controller\PlayerController.class]: Unsatisfied dependency expressed through constructor parameter 0: Error creating bean with name 'playerServiceImpl' defined in file [C:\Users\flore\Documents\UNIVERSIDAD\Sexto Semestre\Compunet 2\SpringBoot\PreParcial_CopaMundial\demo\target\classes\com\example\demo\service\impl\PlayerServiceImpl.class]: Unsatisfied dependency expressed through constructor parameter 0: Error creating bean with name 'playerRepository' defined in com.example.demo.repository.PlayerRepository defined in @EnableJpaRepositories declared on DataJpaRepositoriesRegistrar.EnableJpaRepositoriesConfiguration: No property 'playerClubsclubname' found for type 'Player'
2026-09-23 10:28:44.049  INFO 25208 --- [fifa] [restartedMain] j.LocalContainerEntityManagerFactoryBean : Closing JPA EntityManagerFactory for persistence unit 'default'
2026-09-23 10:28:44.051  WARN 25208 --- [fifa] [restartedMain] o.s.b.f.support.DisposableBeanAdapter    : Invocation of destroy method failed on bean with name 'inMemoryDatabaseShutdownExecutor': org.h2.jdbc.JdbcSQLNonTransientConnectionException: La base de datos ya esta cerrada (para des-habilitar el cerrado automatico durante el shutdown de la VM, agregue ";DB_CLOSE_ON_EXIT=FALSE" a la URL de conexión)
Database is already closed (to disable automatic closing at VM shutdown, add ";DB_CLOSE_ON_EXIT=FALSE" to the db URL) [90121-240]
2026-09-23 10:28:44.051  INFO 25208 --- [fifa] [restartedMain] com.zaxxer.hikari.HikariDataSource       : HikariPool-14 - Shutdown initiated...
2026-09-23 10:28:44.066  INFO 25208 --- [fifa] [restartedMain] com.zaxxer.hikari.HikariDataSource       : HikariPool-14 - Shutdown completed.
2026-09-23 10:28:44.066  INFO 25208 --- [fifa] [restartedMain] o.apache.catalina.core.StandardService   : Stopping service [Tomcat]
2026-09-23 10:28:44.071  INFO 25208 --- [fifa] [restartedMain] .s.b.a.l.ConditionEvaluationReportLogger : 

Error starting ApplicationContext. To display the condition evaluation report re-run your application with 'debug' enabled.
2026-09-23 10:28:44.075 ERROR 25208 --- [fifa] [restartedMain] o.s.boot.SpringApplication               : Application run failed

org.springframework.beans.factory.UnsatisfiedDependencyException: Error creating bean with name 'playerController' defined in file [C:\Users\flore\Documents\UNIVERSIDAD\Sexto Semestre\Compunet 2\SpringBoot\PreParcial_CopaMundial\demo\target\classes\com\example\demo\controller\PlayerController.class]: Unsatisfied dependency expressed through constructor parameter 0: Error creating bean with name 'playerServiceImpl' defined in file [C:\Users\flore\Documents\UNIVERSIDAD\Sexto Semestre\Compunet 2\SpringBoot\PreParcial_CopaMundial\demo\target\classes\com\example\demo\service\impl\PlayerServiceImpl.class]: Unsatisfied dependency expressed through constructor parameter 0: Error creating bean with name 'playerRepository' defined in com.example.demo.repository.PlayerRepository defined in @EnableJpaRepositories declared on DataJpaRepositoriesRegistrar.EnableJpaRepositoriesConfiguration: No property 'playerClubsclubname' found for type 'Player'
	at org.springframework.beans.factory.support.ConstructorResolver.createArgumentArray(ConstructorResolver.java:804) ~[spring-beans-7.0.9.jar:7.0.9]
	at org.springframework.beans.factory.support.ConstructorResolver.autowireConstructor(ConstructorResolver.java:240) ~[spring-beans-7.0.9.jar:7.0.9]
	at org.springframework.beans.factory.support.AbstractAutowireCapableBeanFactory.autowireConstructor(AbstractAutowireCapableBeanFactory.java:1380) ~[spring-beans-7.0.9.jar:7.0.9]
	at org.springframework.beans.factory.support.AbstractAutowireCapableBeanFactory.createBeanInstance(AbstractAutowireCapableBeanFactory.java:1219) ~[spring-beans-7.0.9.jar:7.0.9]
	at org.springframework.beans.factory.support.AbstractAutowireCapableBeanFactory.doCreateBean(AbstractAutowireCapableBeanFactory.java:565) ~[spring-beans-7.0.9.jar:7.0.9]
	at org.springframework.beans.factory.support.AbstractAutowireCapableBeanFactory.createBean(AbstractAutowireCapableBeanFactory.java:525) ~[spring-beans-7.0.9.jar:7.0.9]
	at org.springframework.beans.factory.support.AbstractBeanFactory.lambda$doGetBean$0(AbstractBeanFactory.java:333) ~[spring-beans-7.0.9.jar:7.0.9]
	at org.springframework.beans.factory.support.DefaultSingletonBeanRegistry.getSingleton(DefaultSingletonBeanRegistry.java:371) ~[spring-beans-7.0.9.jar:7.0.9]
	at org.springframework.beans.factory.support.AbstractBeanFactory.doGetBean(AbstractBeanFactory.java:331) ~[spring-beans-7.0.9.jar:7.0.9]
	at org.springframework.beans.factory.support.AbstractBeanFactory.getBean(AbstractBeanFactory.java:196) ~[spring-beans-7.0.9.jar:7.0.9]
	at org.springframework.beans.factory.support.DefaultListableBeanFactory.instantiateSingleton(DefaultListableBeanFactory.java:1225) ~[spring-beans-7.0.9.jar:7.0.9]
	at org.springframework.beans.factory.support.DefaultListableBeanFactory.preInstantiateSingleton(DefaultListableBeanFactory.java:1191) ~[spring-beans-7.0.9.jar:7.0.9]
	at org.springframework.beans.factory.support.DefaultListableBeanFactory.preInstantiateSingletons(DefaultListableBeanFactory.java:1121) ~[spring-beans-7.0.9.jar:7.0.9]
	at org.springframework.context.support.AbstractApplicationContext.finishBeanFactoryInitialization(AbstractApplicationContext.java:994) ~[spring-context-7.0.9.jar:7.0.9]
	at org.springframework.context.support.AbstractApplicationContext.refresh(AbstractApplicationContext.java:621) ~[spring-context-7.0.9.jar:7.0.9]
	at org.springframework.boot.web.server.servlet.context.ServletWebServerApplicationContext.refresh(ServletWebServerApplicationContext.java:143) ~[spring-boot-web-server-4.1.1.jar:4.1.1]
	at org.springframework.boot.SpringApplication.refresh(SpringApplication.java:756) ~[spring-boot-4.1.1.jar:4.1.1]
	at org.springframework.boot.SpringApplication.refreshContext(SpringApplication.java:445) ~[spring-boot-4.1.1.jar:4.1.1]
	at org.springframework.boot.SpringApplication.run(SpringApplication.java:321) ~[spring-boot-4.1.1.jar:4.1.1]
	at org.springframework.boot.SpringApplication.run(SpringApplication.java:1365) ~[spring-boot-4.1.1.jar:4.1.1]
	at org.springframework.boot.SpringApplication.run(SpringApplication.java:1354) ~[spring-boot-4.1.1.jar:4.1.1]
	at com.example.demo.DemoApplication.main(DemoApplication.java:10) ~[classes/:na]
	at java.base/jdk.internal.reflect.DirectMethodHandleAccessor.invoke(DirectMethodHandleAccessor.java:104) ~[na:na]
	at java.base/java.lang.reflect.Method.invoke(Method.java:565) ~[na:na]
	at org.springframework.boot.devtools.restart.RestartLauncher.run(RestartLauncher.java:52) ~[spring-boot-devtools-4.1.1.jar:4.1.1]
Caused by: org.springframework.beans.factory.UnsatisfiedDependencyException: Error creating bean with name 'playerServiceImpl' defined in file [C:\Users\flore\Documents\UNIVERSIDAD\Sexto Semestre\Compunet 2\SpringBoot\PreParcial_CopaMundial\demo\target\classes\com\example\demo\service\impl\PlayerServiceImpl.class]: Unsatisfied dependency expressed through constructor parameter 0: Error creating bean with name 'playerRepository' defined in com.example.demo.repository.PlayerRepository defined in @EnableJpaRepositories declared on DataJpaRepositoriesRegistrar.EnableJpaRepositoriesConfiguration: No property 'playerClubsclubname' found for type 'Player'
	at org.springframework.beans.factory.support.ConstructorResolver.createArgumentArray(ConstructorResolver.java:804) ~[spring-beans-7.0.9.jar:7.0.9]
	at org.springframework.beans.factory.support.ConstructorResolver.autowireConstructor(ConstructorResolver.java:240) ~[spring-beans-7.0.9.jar:7.0.9]
	at org.springframework.beans.factory.support.AbstractAutowireCapableBeanFactory.autowireConstructor(AbstractAutowireCapableBeanFactory.java:1380) ~[spring-beans-7.0.9.jar:7.0.9]
	at org.springframework.beans.factory.support.AbstractAutowireCapableBeanFactory.createBeanInstance(AbstractAutowireCapableBeanFactory.java:1219) ~[spring-beans-7.0.9.jar:7.0.9]
	at org.springframework.beans.factory.support.AbstractAutowireCapableBeanFactory.doCreateBean(AbstractAutowireCapableBeanFactory.java:565) ~[spring-beans-7.0.9.jar:7.0.9]
	at org.springframework.beans.factory.support.AbstractAutowireCapableBeanFactory.createBean(AbstractAutowireCapableBeanFactory.java:525) ~[spring-beans-7.0.9.jar:7.0.9]
	at org.springframework.beans.factory.support.AbstractBeanFactory.lambda$doGetBean$0(AbstractBeanFactory.java:333) ~[spring-beans-7.0.9.jar:7.0.9]
	at org.springframework.beans.factory.support.DefaultSingletonBeanRegistry.getSingleton(DefaultSingletonBeanRegistry.java:371) ~[spring-beans-7.0.9.jar:7.0.9]
	at org.springframework.beans.factory.support.AbstractBeanFactory.doGetBean(AbstractBeanFactory.java:331) ~[spring-beans-7.0.9.jar:7.0.9]
	at org.springframework.beans.factory.support.AbstractBeanFactory.getBean(AbstractBeanFactory.java:201) ~[spring-beans-7.0.9.jar:7.0.9]
	at org.springframework.beans.factory.config.DependencyDescriptor.resolveCandidate(DependencyDescriptor.java:229) ~[spring-beans-7.0.9.jar:7.0.9]
	at org.springframework.beans.factory.support.DefaultListableBeanFactory.doResolveDependency(DefaultListableBeanFactory.java:1769) ~[spring-beans-7.0.9.jar:7.0.9]
	at org.springframework.beans.factory.support.DefaultListableBeanFactory.resolveDependency(DefaultListableBeanFactory.java:1658) ~[spring-beans-7.0.9.jar:7.0.9]
	at org.springframework.beans.factory.support.ConstructorResolver.resolveAutowiredArgument(ConstructorResolver.java:912) ~[spring-beans-7.0.9.jar:7.0.9]
	at org.springframework.beans.factory.support.ConstructorResolver.createArgumentArray(ConstructorResolver.java:791) ~[spring-beans-7.0.9.jar:7.0.9]
	... 24 common frames omitted
Caused by: org.springframework.beans.factory.BeanCreationException: Error creating bean with name 'playerRepository' defined in com.example.demo.repository.PlayerRepository defined in @EnableJpaRepositories declared on DataJpaRepositoriesRegistrar.EnableJpaRepositoriesConfiguration: No property 'playerClubsclubname' found for type 'Player'
	at org.springframework.beans.factory.support.AbstractAutowireCapableBeanFactory.initializeBean(AbstractAutowireCapableBeanFactory.java:1815) ~[spring-beans-7.0.9.jar:7.0.9]
	at org.springframework.beans.factory.support.AbstractAutowireCapableBeanFactory.doCreateBean(AbstractAutowireCapableBeanFactory.java:603) ~[spring-beans-7.0.9.jar:7.0.9]
	at org.springframework.beans.factory.support.AbstractAutowireCapableBeanFactory.createBean(AbstractAutowireCapableBeanFactory.java:525) ~[spring-beans-7.0.9.jar:7.0.9]
	at org.springframework.beans.factory.support.AbstractBeanFactory.lambda$doGetBean$0(AbstractBeanFactory.java:333) ~[spring-beans-7.0.9.jar:7.0.9]
	at org.springframework.beans.factory.support.DefaultSingletonBeanRegistry.getSingleton(DefaultSingletonBeanRegistry.java:371) ~[spring-beans-7.0.9.jar:7.0.9]
	at org.springframework.beans.factory.support.AbstractBeanFactory.doGetBean(AbstractBeanFactory.java:331) ~[spring-beans-7.0.9.jar:7.0.9]
	at org.springframework.beans.factory.support.AbstractBeanFactory.getBean(AbstractBeanFactory.java:201) ~[spring-beans-7.0.9.jar:7.0.9]
	at org.springframework.beans.factory.support.DefaultListableBeanFactory.resolveBean(DefaultListableBeanFactory.java:1232) ~[spring-beans-7.0.9.jar:7.0.9]
	at org.springframework.beans.factory.support.DefaultListableBeanFactory.doResolveDependency(DefaultListableBeanFactory.java:1711) ~[spring-beans-7.0.9.jar:7.0.9]
	at org.springframework.beans.factory.support.DefaultListableBeanFactory.resolveDependency(DefaultListableBeanFactory.java:1658) ~[spring-beans-7.0.9.jar:7.0.9]
	at org.springframework.beans.factory.support.ConstructorResolver.resolveAutowiredArgument(ConstructorResolver.java:912) ~[spring-beans-7.0.9.jar:7.0.9]
	at org.springframework.beans.factory.support.ConstructorResolver.createArgumentArray(ConstructorResolver.java:791) ~[spring-beans-7.0.9.jar:7.0.9]
	... 38 common frames omitted
Caused by: org.springframework.data.repository.query.QueryCreationException: Cannot create query for method [PlayerRepository.findDistinctByPlayerClubsclubname(java.lang.String)]; No property 'playerClubsclubname' found for type 'Player'
	at org.springframework.data.repository.query.QueryCreationException.create(QueryCreationException.java:109) ~[spring-data-commons-4.1.1.jar:4.1.1]
	at org.springframework.data.jpa.repository.query.PartTreeJpaQuery.<init>(PartTreeJpaQuery.java:114) ~[spring-data-jpa-4.1.1.jar:4.1.1]
	at org.springframework.data.jpa.repository.query.JpaQueryLookupStrategy$CreateQueryLookupStrategy.resolveQuery(JpaQueryLookupStrategy.java:118) ~[spring-data-jpa-4.1.1.jar:4.1.1]
	at org.springframework.data.jpa.repository.query.JpaQueryLookupStrategy$CreateIfNotFoundQueryLookupStrategy.resolveQuery(JpaQueryLookupStrategy.java:291) ~[spring-data-jpa-4.1.1.jar:4.1.1]
	at org.springframework.data.jpa.repository.query.JpaQueryLookupStrategy$AbstractQueryLookupStrategy.resolveQuery(JpaQueryLookupStrategy.java:93) ~[spring-data-jpa-4.1.1.jar:4.1.1]
	at org.springframework.data.repository.core.support.QueryExecutorMethodInterceptor.lookupQuery(QueryExecutorMethodInterceptor.java:114) ~[spring-data-commons-4.1.1.jar:4.1.1]
	at org.springframework.data.repository.core.support.QueryExecutorMethodInterceptor.mapMethodsToQuery(QueryExecutorMethodInterceptor.java:102) ~[spring-data-commons-4.1.1.jar:4.1.1]
	at org.springframework.data.repository.core.support.QueryExecutorMethodInterceptor.<init>(QueryExecutorMethodInterceptor.java:90) ~[spring-data-commons-4.1.1.jar:4.1.1]
	at org.springframework.data.repository.core.support.RepositoryFactorySupport.getRepository(RepositoryFactorySupport.java:413) ~[spring-data-commons-4.1.1.jar:4.1.1]
	at org.springframework.data.repository.core.support.RepositoryFactoryBeanSupport.lambda$afterPropertiesSet$1(RepositoryFactoryBeanSupport.java:361) ~[spring-data-commons-4.1.1.jar:4.1.1]
	at org.springframework.data.util.Lazy.getNullable(Lazy.java:136) ~[spring-data-commons-4.1.1.jar:4.1.1]
	at org.springframework.data.util.Lazy.get(Lazy.java:114) ~[spring-data-commons-4.1.1.jar:4.1.1]
	at org.springframework.data.repository.core.support.RepositoryFactoryBeanSupport.afterPropertiesSet(RepositoryFactoryBeanSupport.java:370) ~[spring-data-commons-4.1.1.jar:4.1.1]
	at org.springframework.data.jpa.repository.support.JpaRepositoryFactoryBean.afterPropertiesSet(JpaRepositoryFactoryBean.java:212) ~[spring-data-jpa-4.1.1.jar:4.1.1]
	at org.springframework.beans.factory.support.AbstractAutowireCapableBeanFactory.invokeInitMethods(AbstractAutowireCapableBeanFactory.java:1862) ~[spring-beans-7.0.9.jar:7.0.9]
	at org.springframework.beans.factory.support.AbstractAutowireCapableBeanFactory.initializeBean(AbstractAutowireCapableBeanFactory.java:1811) ~[spring-beans-7.0.9.jar:7.0.9]
	... 49 common frames omitted
Caused by: org.springframework.data.core.PropertyReferenceException: No property 'playerClubsclubname' found for type 'Player'
	at org.springframework.data.core.SimplePropertyPath.<init>(SimplePropertyPath.java:94) ~[spring-data-commons-4.1.1.jar:4.1.1]
	at org.springframework.data.core.SimplePropertyPath.create(SimplePropertyPath.java:322) ~[spring-data-commons-4.1.1.jar:4.1.1]
	at org.springframework.data.core.SimplePropertyPath.create(SimplePropertyPath.java:297) ~[spring-data-commons-4.1.1.jar:4.1.1]
	at org.springframework.data.core.SimplePropertyPath.lambda$from$0(SimplePropertyPath.java:250) ~[spring-data-commons-4.1.1.jar:4.1.1]
	at org.springframework.util.ConcurrentReferenceHashMap$6.execute(ConcurrentReferenceHashMap.java:387) ~[spring-core-7.0.9.jar:7.0.9]
	at org.springframework.util.ConcurrentReferenceHashMap$Segment.doTask(ConcurrentReferenceHashMap.java:688) ~[spring-core-7.0.9.jar:7.0.9]
	at org.springframework.util.ConcurrentReferenceHashMap.doTask(ConcurrentReferenceHashMap.java:572) ~[spring-core-7.0.9.jar:7.0.9]
	at org.springframework.util.ConcurrentReferenceHashMap.computeIfAbsent(ConcurrentReferenceHashMap.java:381) ~[spring-core-7.0.9.jar:7.0.9]
	at org.springframework.data.core.SimplePropertyPath.from(SimplePropertyPath.java:228) ~[spring-data-commons-4.1.1.jar:4.1.1]
	at org.springframework.data.core.PropertyPath.from(PropertyPath.java:264) ~[spring-data-commons-4.1.1.jar:4.1.1]
	at org.springframework.data.core.PropertyPath.from(PropertyPath.java:247) ~[spring-data-commons-4.1.1.jar:4.1.1]
	at org.springframework.data.repository.query.parser.Part.<init>(Part.java:81) ~[spring-data-commons-4.1.1.jar:4.1.1]
	at org.springframework.data.repository.query.parser.PartTree$OrPart.lambda$new$0(PartTree.java:260) ~[spring-data-commons-4.1.1.jar:4.1.1]
	at java.base/java.util.stream.ReferencePipeline$3$1.accept(ReferencePipeline.java:215) ~[na:na]
	at java.base/java.util.stream.ReferencePipeline$2$1.accept(ReferencePipeline.java:197) ~[na:na]
	at java.base/java.util.Spliterators$ArraySpliterator.forEachRemaining(Spliterators.java:1024) ~[na:na]
	at java.base/java.util.stream.AbstractPipeline.copyInto(AbstractPipeline.java:570) ~[na:na]
	at java.base/java.util.stream.AbstractPipeline.wrapAndCopyInto(AbstractPipeline.java:560) ~[na:na]
	at java.base/java.util.stream.ReduceOps$ReduceOp.evaluateSequential(ReduceOps.java:921) ~[na:na]
	at java.base/java.util.stream.AbstractPipeline.evaluate(AbstractPipeline.java:265) ~[na:na]
	at java.base/java.util.stream.ReferencePipeline.collect(ReferencePipeline.java:727) ~[na:na]
	at org.springframework.data.repository.query.parser.PartTree$OrPart.<init>(PartTree.java:261) ~[spring-data-commons-4.1.1.jar:4.1.1]
	at org.springframework.data.repository.query.parser.PartTree$Predicate.lambda$new$0(PartTree.java:390) ~[spring-data-commons-4.1.1.jar:4.1.1]
	at java.base/java.util.stream.ReferencePipeline$3$1.accept(ReferencePipeline.java:215) ~[na:na]
	at java.base/java.util.stream.ReferencePipeline$2$1.accept(ReferencePipeline.java:197) ~[na:na]
	at java.base/java.util.Spliterators$ArraySpliterator.forEachRemaining(Spliterators.java:1024) ~[na:na]
	at java.base/java.util.stream.AbstractPipeline.copyInto(AbstractPipeline.java:570) ~[na:na]
	at java.base/java.util.stream.AbstractPipeline.wrapAndCopyInto(AbstractPipeline.java:560) ~[na:na]
	at java.base/java.util.stream.ReduceOps$ReduceOp.evaluateSequential(ReduceOps.java:921) ~[na:na]
	at java.base/java.util.stream.AbstractPipeline.evaluate(AbstractPipeline.java:265) ~[na:na]
	at java.base/java.util.stream.ReferencePipeline.collect(ReferencePipeline.java:727) ~[na:na]
	at org.springframework.data.repository.query.parser.PartTree$Predicate.<init>(PartTree.java:391) ~[spring-data-commons-4.1.1.jar:4.1.1]
	at org.springframework.data.repository.query.parser.PartTree.<init>(PartTree.java:104) ~[spring-data-commons-4.1.1.jar:4.1.1]
	at org.springframework.data.jpa.repository.query.PartTreeJpaQuery.<init>(PartTreeJpaQuery.java:108) ~[spring-data-jpa-4.1.1.jar:4.1.1]
	... 63 common frames omitted

2026-09-23 10:29:36.651  INFO 25208 --- [fifa] [restartedMain] com.example.demo.DemoApplication         : Starting DemoApplication using Java 24.0.2 with PID 25208 (C:\Users\flore\Documents\UNIVERSIDAD\Sexto Semestre\Compunet 2\SpringBoot\PreParcial_CopaMundial\demo\target\classes started by flore in C:\Users\flore\Documents\UNIVERSIDAD\Sexto Semestre\Compunet 2\SpringBoot\PreParcial_CopaMundial\demo)
2026-09-23 10:29:36.652  INFO 25208 --- [fifa] [restartedMain] com.example.demo.DemoApplication         : The following 1 profile is active: "dev"
2026-09-23 10:29:36.784  INFO 25208 --- [fifa] [restartedMain] .s.d.r.c.RepositoryConfigurationDelegate : Bootstrapping Spring Data JPA repositories in DEFAULT mode.
2026-09-23 10:29:36.800  INFO 25208 --- [fifa] [restartedMain] .s.d.r.c.RepositoryConfigurationDelegate : Finished Spring Data repository scanning in 14 ms. Found 5 JPA repository interfaces.
2026-09-23 10:29:36.853  INFO 25208 --- [fifa] [restartedMain] o.s.boot.tomcat.TomcatWebServer          : Tomcat initialized with port 8081 (http)
2026-09-23 10:29:36.853  INFO 25208 --- [fifa] [restartedMain] o.apache.catalina.core.StandardService   : Starting service [Tomcat]
2026-09-23 10:29:36.854  INFO 25208 --- [fifa] [restartedMain] o.apache.catalina.core.StandardEngine    : Starting Servlet engine: [Apache Tomcat/11.0.24]
2026-09-23 10:29:36.874  INFO 25208 --- [fifa] [restartedMain] b.w.c.s.WebApplicationContextInitializer : Root WebApplicationContext: initialization completed in 221 ms
2026-09-23 10:29:36.899  INFO 25208 --- [fifa] [restartedMain] org.hibernate.orm.jpa                    : HHH008540: Processing PersistenceUnitInfo [name: default]
2026-09-23 10:29:36.930  INFO 25208 --- [fifa] [restartedMain] o.s.o.j.p.SpringPersistenceUnitInfo      : No LoadTimeWeaver setup: ignoring JPA class transformer
2026-09-23 10:29:36.931  INFO 25208 --- [fifa] [restartedMain] com.zaxxer.hikari.HikariDataSource       : HikariPool-15 - Starting...
2026-09-23 10:29:36.933  INFO 25208 --- [fifa] [restartedMain] com.zaxxer.hikari.pool.HikariPool        : HikariPool-15 - Added connection conn52: url=jdbc:h2:mem:db-kevin user=POSTGRES
2026-09-23 10:29:36.933  INFO 25208 --- [fifa] [restartedMain] com.zaxxer.hikari.HikariDataSource       : HikariPool-15 - Start completed.
2026-09-23 10:29:36.933  INFO 25208 --- [fifa] [restartedMain] org.hibernate.orm.connections.pooling    : HHH10001005: Database info:
	Database JDBC URL [jdbc:h2:mem:db-kevin]
	Database driver: H2 JDBC Driver
	Database dialect: H2Dialect
	Database version: 2.4.240
	Default catalog/schema: DB-KEVIN/PUBLIC
	Autocommit mode: undefined/unknown
	Isolation level: READ_COMMITTED [default READ_COMMITTED]
	JDBC fetch size: 100
	Pool: DataSourceConnectionProvider
	Minimum pool size: undefined/unknown
	Maximum pool size: undefined/unknown
2026-09-23 10:29:37.047  INFO 25208 --- [fifa] [restartedMain] org.hibernate.orm.core                   : HHH000489: No JTA platform available (set 'hibernate.transaction.jta.platform' to enable JTA platform integration)
2026-09-23 10:29:37.053  INFO 25208 --- [fifa] [restartedMain] j.LocalContainerEntityManagerFactoryBean : Initialized JPA EntityManagerFactory for persistence unit 'default'
2026-09-23 10:29:37.089  WARN 25208 --- [fifa] [restartedMain] ConfigServletWebServerApplicationContext : Exception encountered during context initialization - cancelling refresh attempt: org.springframework.beans.factory.UnsatisfiedDependencyException: Error creating bean with name 'playerController' defined in file [C:\Users\flore\Documents\UNIVERSIDAD\Sexto Semestre\Compunet 2\SpringBoot\PreParcial_CopaMundial\demo\target\classes\com\example\demo\controller\PlayerController.class]: Unsatisfied dependency expressed through constructor parameter 0: Error creating bean with name 'playerServiceImpl' defined in file [C:\Users\flore\Documents\UNIVERSIDAD\Sexto Semestre\Compunet 2\SpringBoot\PreParcial_CopaMundial\demo\target\classes\com\example\demo\service\impl\PlayerServiceImpl.class]: Unsatisfied dependency expressed through constructor parameter 0: Error creating bean with name 'playerRepository' defined in com.example.demo.repository.PlayerRepository defined in @EnableJpaRepositories declared on DataJpaRepositoriesRegistrar.EnableJpaRepositoriesConfiguration: No property 'playerClubsclubname' found for type 'Player'
2026-09-23 10:29:37.089  INFO 25208 --- [fifa] [restartedMain] j.LocalContainerEntityManagerFactoryBean : Closing JPA EntityManagerFactory for persistence unit 'default'
2026-09-23 10:29:37.090  WARN 25208 --- [fifa] [restartedMain] o.s.b.f.support.DisposableBeanAdapter    : Invocation of destroy method failed on bean with name 'inMemoryDatabaseShutdownExecutor': org.h2.jdbc.JdbcSQLNonTransientConnectionException: La base de datos ya esta cerrada (para des-habilitar el cerrado automatico durante el shutdown de la VM, agregue ";DB_CLOSE_ON_EXIT=FALSE" a la URL de conexión)
Database is already closed (to disable automatic closing at VM shutdown, add ";DB_CLOSE_ON_EXIT=FALSE" to the db URL) [90121-240]
2026-09-23 10:29:37.090  INFO 25208 --- [fifa] [restartedMain] com.zaxxer.hikari.HikariDataSource       : HikariPool-15 - Shutdown initiated...
2026-09-23 10:29:37.097  INFO 25208 --- [fifa] [restartedMain] com.zaxxer.hikari.HikariDataSource       : HikariPool-15 - Shutdown completed.
2026-09-23 10:29:37.098  INFO 25208 --- [fifa] [restartedMain] o.apache.catalina.core.StandardService   : Stopping service [Tomcat]
2026-09-23 10:29:37.111  INFO 25208 --- [fifa] [restartedMain] .s.b.a.l.ConditionEvaluationReportLogger : 

Error starting ApplicationContext. To display the condition evaluation report re-run your application with 'debug' enabled.
2026-09-23 10:29:37.116 ERROR 25208 --- [fifa] [restartedMain] o.s.boot.SpringApplication               : Application run failed

org.springframework.beans.factory.UnsatisfiedDependencyException: Error creating bean with name 'playerController' defined in file [C:\Users\flore\Documents\UNIVERSIDAD\Sexto Semestre\Compunet 2\SpringBoot\PreParcial_CopaMundial\demo\target\classes\com\example\demo\controller\PlayerController.class]: Unsatisfied dependency expressed through constructor parameter 0: Error creating bean with name 'playerServiceImpl' defined in file [C:\Users\flore\Documents\UNIVERSIDAD\Sexto Semestre\Compunet 2\SpringBoot\PreParcial_CopaMundial\demo\target\classes\com\example\demo\service\impl\PlayerServiceImpl.class]: Unsatisfied dependency expressed through constructor parameter 0: Error creating bean with name 'playerRepository' defined in com.example.demo.repository.PlayerRepository defined in @EnableJpaRepositories declared on DataJpaRepositoriesRegistrar.EnableJpaRepositoriesConfiguration: No property 'playerClubsclubname' found for type 'Player'
	at org.springframework.beans.factory.support.ConstructorResolver.createArgumentArray(ConstructorResolver.java:804) ~[spring-beans-7.0.9.jar:7.0.9]
	at org.springframework.beans.factory.support.ConstructorResolver.autowireConstructor(ConstructorResolver.java:240) ~[spring-beans-7.0.9.jar:7.0.9]
	at org.springframework.beans.factory.support.AbstractAutowireCapableBeanFactory.autowireConstructor(AbstractAutowireCapableBeanFactory.java:1380) ~[spring-beans-7.0.9.jar:7.0.9]
	at org.springframework.beans.factory.support.AbstractAutowireCapableBeanFactory.createBeanInstance(AbstractAutowireCapableBeanFactory.java:1219) ~[spring-beans-7.0.9.jar:7.0.9]
	at org.springframework.beans.factory.support.AbstractAutowireCapableBeanFactory.doCreateBean(AbstractAutowireCapableBeanFactory.java:565) ~[spring-beans-7.0.9.jar:7.0.9]
	at org.springframework.beans.factory.support.AbstractAutowireCapableBeanFactory.createBean(AbstractAutowireCapableBeanFactory.java:525) ~[spring-beans-7.0.9.jar:7.0.9]
	at org.springframework.beans.factory.support.AbstractBeanFactory.lambda$doGetBean$0(AbstractBeanFactory.java:333) ~[spring-beans-7.0.9.jar:7.0.9]
	at org.springframework.beans.factory.support.DefaultSingletonBeanRegistry.getSingleton(DefaultSingletonBeanRegistry.java:371) ~[spring-beans-7.0.9.jar:7.0.9]
	at org.springframework.beans.factory.support.AbstractBeanFactory.doGetBean(AbstractBeanFactory.java:331) ~[spring-beans-7.0.9.jar:7.0.9]
	at org.springframework.beans.factory.support.AbstractBeanFactory.getBean(AbstractBeanFactory.java:196) ~[spring-beans-7.0.9.jar:7.0.9]
	at org.springframework.beans.factory.support.DefaultListableBeanFactory.instantiateSingleton(DefaultListableBeanFactory.java:1225) ~[spring-beans-7.0.9.jar:7.0.9]
	at org.springframework.beans.factory.support.DefaultListableBeanFactory.preInstantiateSingleton(DefaultListableBeanFactory.java:1191) ~[spring-beans-7.0.9.jar:7.0.9]
	at org.springframework.beans.factory.support.DefaultListableBeanFactory.preInstantiateSingletons(DefaultListableBeanFactory.java:1121) ~[spring-beans-7.0.9.jar:7.0.9]
	at org.springframework.context.support.AbstractApplicationContext.finishBeanFactoryInitialization(AbstractApplicationContext.java:994) ~[spring-context-7.0.9.jar:7.0.9]
	at org.springframework.context.support.AbstractApplicationContext.refresh(AbstractApplicationContext.java:621) ~[spring-context-7.0.9.jar:7.0.9]
	at org.springframework.boot.web.server.servlet.context.ServletWebServerApplicationContext.refresh(ServletWebServerApplicationContext.java:143) ~[spring-boot-web-server-4.1.1.jar:4.1.1]
	at org.springframework.boot.SpringApplication.refresh(SpringApplication.java:756) ~[spring-boot-4.1.1.jar:4.1.1]
	at org.springframework.boot.SpringApplication.refreshContext(SpringApplication.java:445) ~[spring-boot-4.1.1.jar:4.1.1]
	at org.springframework.boot.SpringApplication.run(SpringApplication.java:321) ~[spring-boot-4.1.1.jar:4.1.1]
	at org.springframework.boot.SpringApplication.run(SpringApplication.java:1365) ~[spring-boot-4.1.1.jar:4.1.1]
	at org.springframework.boot.SpringApplication.run(SpringApplication.java:1354) ~[spring-boot-4.1.1.jar:4.1.1]
	at com.example.demo.DemoApplication.main(DemoApplication.java:10) ~[classes/:na]
	at java.base/jdk.internal.reflect.DirectMethodHandleAccessor.invoke(DirectMethodHandleAccessor.java:104) ~[na:na]
	at java.base/java.lang.reflect.Method.invoke(Method.java:565) ~[na:na]
	at org.springframework.boot.devtools.restart.RestartLauncher.run(RestartLauncher.java:52) ~[spring-boot-devtools-4.1.1.jar:4.1.1]
Caused by: org.springframework.beans.factory.UnsatisfiedDependencyException: Error creating bean with name 'playerServiceImpl' defined in file [C:\Users\flore\Documents\UNIVERSIDAD\Sexto Semestre\Compunet 2\SpringBoot\PreParcial_CopaMundial\demo\target\classes\com\example\demo\service\impl\PlayerServiceImpl.class]: Unsatisfied dependency expressed through constructor parameter 0: Error creating bean with name 'playerRepository' defined in com.example.demo.repository.PlayerRepository defined in @EnableJpaRepositories declared on DataJpaRepositoriesRegistrar.EnableJpaRepositoriesConfiguration: No property 'playerClubsclubname' found for type 'Player'
	at org.springframework.beans.factory.support.ConstructorResolver.createArgumentArray(ConstructorResolver.java:804) ~[spring-beans-7.0.9.jar:7.0.9]
	at org.springframework.beans.factory.support.ConstructorResolver.autowireConstructor(ConstructorResolver.java:240) ~[spring-beans-7.0.9.jar:7.0.9]
	at org.springframework.beans.factory.support.AbstractAutowireCapableBeanFactory.autowireConstructor(AbstractAutowireCapableBeanFactory.java:1380) ~[spring-beans-7.0.9.jar:7.0.9]
	at org.springframework.beans.factory.support.AbstractAutowireCapableBeanFactory.createBeanInstance(AbstractAutowireCapableBeanFactory.java:1219) ~[spring-beans-7.0.9.jar:7.0.9]
	at org.springframework.beans.factory.support.AbstractAutowireCapableBeanFactory.doCreateBean(AbstractAutowireCapableBeanFactory.java:565) ~[spring-beans-7.0.9.jar:7.0.9]
	at org.springframework.beans.factory.support.AbstractAutowireCapableBeanFactory.createBean(AbstractAutowireCapableBeanFactory.java:525) ~[spring-beans-7.0.9.jar:7.0.9]
	at org.springframework.beans.factory.support.AbstractBeanFactory.lambda$doGetBean$0(AbstractBeanFactory.java:333) ~[spring-beans-7.0.9.jar:7.0.9]
	at org.springframework.beans.factory.support.DefaultSingletonBeanRegistry.getSingleton(DefaultSingletonBeanRegistry.java:371) ~[spring-beans-7.0.9.jar:7.0.9]
	at org.springframework.beans.factory.support.AbstractBeanFactory.doGetBean(AbstractBeanFactory.java:331) ~[spring-beans-7.0.9.jar:7.0.9]
	at org.springframework.beans.factory.support.AbstractBeanFactory.getBean(AbstractBeanFactory.java:201) ~[spring-beans-7.0.9.jar:7.0.9]
	at org.springframework.beans.factory.config.DependencyDescriptor.resolveCandidate(DependencyDescriptor.java:229) ~[spring-beans-7.0.9.jar:7.0.9]
	at org.springframework.beans.factory.support.DefaultListableBeanFactory.doResolveDependency(DefaultListableBeanFactory.java:1769) ~[spring-beans-7.0.9.jar:7.0.9]
	at org.springframework.beans.factory.support.DefaultListableBeanFactory.resolveDependency(DefaultListableBeanFactory.java:1658) ~[spring-beans-7.0.9.jar:7.0.9]
	at org.springframework.beans.factory.support.ConstructorResolver.resolveAutowiredArgument(ConstructorResolver.java:912) ~[spring-beans-7.0.9.jar:7.0.9]
	at org.springframework.beans.factory.support.ConstructorResolver.createArgumentArray(ConstructorResolver.java:791) ~[spring-beans-7.0.9.jar:7.0.9]
	... 24 common frames omitted
Caused by: org.springframework.beans.factory.BeanCreationException: Error creating bean with name 'playerRepository' defined in com.example.demo.repository.PlayerRepository defined in @EnableJpaRepositories declared on DataJpaRepositoriesRegistrar.EnableJpaRepositoriesConfiguration: No property 'playerClubsclubname' found for type 'Player'
	at org.springframework.beans.factory.support.AbstractAutowireCapableBeanFactory.initializeBean(AbstractAutowireCapableBeanFactory.java:1815) ~[spring-beans-7.0.9.jar:7.0.9]
	at org.springframework.beans.factory.support.AbstractAutowireCapableBeanFactory.doCreateBean(AbstractAutowireCapableBeanFactory.java:603) ~[spring-beans-7.0.9.jar:7.0.9]
	at org.springframework.beans.factory.support.AbstractAutowireCapableBeanFactory.createBean(AbstractAutowireCapableBeanFactory.java:525) ~[spring-beans-7.0.9.jar:7.0.9]
	at org.springframework.beans.factory.support.AbstractBeanFactory.lambda$doGetBean$0(AbstractBeanFactory.java:333) ~[spring-beans-7.0.9.jar:7.0.9]
	at org.springframework.beans.factory.support.DefaultSingletonBeanRegistry.getSingleton(DefaultSingletonBeanRegistry.java:371) ~[spring-beans-7.0.9.jar:7.0.9]
	at org.springframework.beans.factory.support.AbstractBeanFactory.doGetBean(AbstractBeanFactory.java:331) ~[spring-beans-7.0.9.jar:7.0.9]
	at org.springframework.beans.factory.support.AbstractBeanFactory.getBean(AbstractBeanFactory.java:201) ~[spring-beans-7.0.9.jar:7.0.9]
	at org.springframework.beans.factory.support.DefaultListableBeanFactory.resolveBean(DefaultListableBeanFactory.java:1232) ~[spring-beans-7.0.9.jar:7.0.9]
	at org.springframework.beans.factory.support.DefaultListableBeanFactory.doResolveDependency(DefaultListableBeanFactory.java:1711) ~[spring-beans-7.0.9.jar:7.0.9]
	at org.springframework.beans.factory.support.DefaultListableBeanFactory.resolveDependency(DefaultListableBeanFactory.java:1658) ~[spring-beans-7.0.9.jar:7.0.9]
	at org.springframework.beans.factory.support.ConstructorResolver.resolveAutowiredArgument(ConstructorResolver.java:912) ~[spring-beans-7.0.9.jar:7.0.9]
	at org.springframework.beans.factory.support.ConstructorResolver.createArgumentArray(ConstructorResolver.java:791) ~[spring-beans-7.0.9.jar:7.0.9]
	... 38 common frames omitted
Caused by: org.springframework.data.repository.query.QueryCreationException: Cannot create query for method [PlayerRepository.findDistinctByPlayerClubsclubname(java.lang.String)]; No property 'playerClubsclubname' found for type 'Player'
	at org.springframework.data.repository.query.QueryCreationException.create(QueryCreationException.java:109) ~[spring-data-commons-4.1.1.jar:4.1.1]
	at org.springframework.data.jpa.repository.query.PartTreeJpaQuery.<init>(PartTreeJpaQuery.java:114) ~[spring-data-jpa-4.1.1.jar:4.1.1]
	at org.springframework.data.jpa.repository.query.JpaQueryLookupStrategy$CreateQueryLookupStrategy.resolveQuery(JpaQueryLookupStrategy.java:118) ~[spring-data-jpa-4.1.1.jar:4.1.1]
	at org.springframework.data.jpa.repository.query.JpaQueryLookupStrategy$CreateIfNotFoundQueryLookupStrategy.resolveQuery(JpaQueryLookupStrategy.java:291) ~[spring-data-jpa-4.1.1.jar:4.1.1]
	at org.springframework.data.jpa.repository.query.JpaQueryLookupStrategy$AbstractQueryLookupStrategy.resolveQuery(JpaQueryLookupStrategy.java:93) ~[spring-data-jpa-4.1.1.jar:4.1.1]
	at org.springframework.data.repository.core.support.QueryExecutorMethodInterceptor.lookupQuery(QueryExecutorMethodInterceptor.java:114) ~[spring-data-commons-4.1.1.jar:4.1.1]
	at org.springframework.data.repository.core.support.QueryExecutorMethodInterceptor.mapMethodsToQuery(QueryExecutorMethodInterceptor.java:102) ~[spring-data-commons-4.1.1.jar:4.1.1]
	at org.springframework.data.repository.core.support.QueryExecutorMethodInterceptor.<init>(QueryExecutorMethodInterceptor.java:90) ~[spring-data-commons-4.1.1.jar:4.1.1]
	at org.springframework.data.repository.core.support.RepositoryFactorySupport.getRepository(RepositoryFactorySupport.java:413) ~[spring-data-commons-4.1.1.jar:4.1.1]
	at org.springframework.data.repository.core.support.RepositoryFactoryBeanSupport.lambda$afterPropertiesSet$1(RepositoryFactoryBeanSupport.java:361) ~[spring-data-commons-4.1.1.jar:4.1.1]
	at org.springframework.data.util.Lazy.getNullable(Lazy.java:136) ~[spring-data-commons-4.1.1.jar:4.1.1]
	at org.springframework.data.util.Lazy.get(Lazy.java:114) ~[spring-data-commons-4.1.1.jar:4.1.1]
	at org.springframework.data.repository.core.support.RepositoryFactoryBeanSupport.afterPropertiesSet(RepositoryFactoryBeanSupport.java:370) ~[spring-data-commons-4.1.1.jar:4.1.1]
	at org.springframework.data.jpa.repository.support.JpaRepositoryFactoryBean.afterPropertiesSet(JpaRepositoryFactoryBean.java:212) ~[spring-data-jpa-4.1.1.jar:4.1.1]
	at org.springframework.beans.factory.support.AbstractAutowireCapableBeanFactory.invokeInitMethods(AbstractAutowireCapableBeanFactory.java:1862) ~[spring-beans-7.0.9.jar:7.0.9]
	at org.springframework.beans.factory.support.AbstractAutowireCapableBeanFactory.initializeBean(AbstractAutowireCapableBeanFactory.java:1811) ~[spring-beans-7.0.9.jar:7.0.9]
	... 49 common frames omitted
Caused by: org.springframework.data.core.PropertyReferenceException: No property 'playerClubsclubname' found for type 'Player'
	at org.springframework.data.core.SimplePropertyPath.<init>(SimplePropertyPath.java:94) ~[spring-data-commons-4.1.1.jar:4.1.1]
	at org.springframework.data.core.SimplePropertyPath.create(SimplePropertyPath.java:322) ~[spring-data-commons-4.1.1.jar:4.1.1]
	at org.springframework.data.core.SimplePropertyPath.create(SimplePropertyPath.java:297) ~[spring-data-commons-4.1.1.jar:4.1.1]
	at org.springframework.data.core.SimplePropertyPath.lambda$from$0(SimplePropertyPath.java:250) ~[spring-data-commons-4.1.1.jar:4.1.1]
	at org.springframework.util.ConcurrentReferenceHashMap$6.execute(ConcurrentReferenceHashMap.java:387) ~[spring-core-7.0.9.jar:7.0.9]
	at org.springframework.util.ConcurrentReferenceHashMap$Segment.doTask(ConcurrentReferenceHashMap.java:688) ~[spring-core-7.0.9.jar:7.0.9]
	at org.springframework.util.ConcurrentReferenceHashMap.doTask(ConcurrentReferenceHashMap.java:572) ~[spring-core-7.0.9.jar:7.0.9]
	at org.springframework.util.ConcurrentReferenceHashMap.computeIfAbsent(ConcurrentReferenceHashMap.java:381) ~[spring-core-7.0.9.jar:7.0.9]
	at org.springframework.data.core.SimplePropertyPath.from(SimplePropertyPath.java:228) ~[spring-data-commons-4.1.1.jar:4.1.1]
	at org.springframework.data.core.PropertyPath.from(PropertyPath.java:264) ~[spring-data-commons-4.1.1.jar:4.1.1]
	at org.springframework.data.core.PropertyPath.from(PropertyPath.java:247) ~[spring-data-commons-4.1.1.jar:4.1.1]
	at org.springframework.data.repository.query.parser.Part.<init>(Part.java:81) ~[spring-data-commons-4.1.1.jar:4.1.1]
	at org.springframework.data.repository.query.parser.PartTree$OrPart.lambda$new$0(PartTree.java:260) ~[spring-data-commons-4.1.1.jar:4.1.1]
	at java.base/java.util.stream.ReferencePipeline$3$1.accept(ReferencePipeline.java:215) ~[na:na]
	at java.base/java.util.stream.ReferencePipeline$2$1.accept(ReferencePipeline.java:197) ~[na:na]
	at java.base/java.util.Spliterators$ArraySpliterator.forEachRemaining(Spliterators.java:1024) ~[na:na]
	at java.base/java.util.stream.AbstractPipeline.copyInto(AbstractPipeline.java:570) ~[na:na]
	at java.base/java.util.stream.AbstractPipeline.wrapAndCopyInto(AbstractPipeline.java:560) ~[na:na]
	at java.base/java.util.stream.ReduceOps$ReduceOp.evaluateSequential(ReduceOps.java:921) ~[na:na]
	at java.base/java.util.stream.AbstractPipeline.evaluate(AbstractPipeline.java:265) ~[na:na]
	at java.base/java.util.stream.ReferencePipeline.collect(ReferencePipeline.java:727) ~[na:na]
	at org.springframework.data.repository.query.parser.PartTree$OrPart.<init>(PartTree.java:261) ~[spring-data-commons-4.1.1.jar:4.1.1]
	at org.springframework.data.repository.query.parser.PartTree$Predicate.lambda$new$0(PartTree.java:390) ~[spring-data-commons-4.1.1.jar:4.1.1]
	at java.base/java.util.stream.ReferencePipeline$3$1.accept(ReferencePipeline.java:215) ~[na:na]
	at java.base/java.util.stream.ReferencePipeline$2$1.accept(ReferencePipeline.java:197) ~[na:na]
	at java.base/java.util.Spliterators$ArraySpliterator.forEachRemaining(Spliterators.java:1024) ~[na:na]
	at java.base/java.util.stream.AbstractPipeline.copyInto(AbstractPipeline.java:570) ~[na:na]
	at java.base/java.util.stream.AbstractPipeline.wrapAndCopyInto(AbstractPipeline.java:560) ~[na:na]
	at java.base/java.util.stream.ReduceOps$ReduceOp.evaluateSequential(ReduceOps.java:921) ~[na:na]
	at java.base/java.util.stream.AbstractPipeline.evaluate(AbstractPipeline.java:265) ~[na:na]
	at java.base/java.util.stream.ReferencePipeline.collect(ReferencePipeline.java:727) ~[na:na]
	at org.springframework.data.repository.query.parser.PartTree$Predicate.<init>(PartTree.java:391) ~[spring-data-commons-4.1.1.jar:4.1.1]
	at org.springframework.data.repository.query.parser.PartTree.<init>(PartTree.java:104) ~[spring-data-commons-4.1.1.jar:4.1.1]
	at org.springframework.data.jpa.repository.query.PartTreeJpaQuery.<init>(PartTreeJpaQuery.java:108) ~[spring-data-jpa-4.1.1.jar:4.1.1]
	... 63 common frames omitted

2026-09-23 10:31:42.730  INFO 8632 --- [fifa] [restartedMain] com.example.demo.DemoApplication         : Starting DemoApplication using Java 24.0.2 with PID 8632 (C:\Users\flore\Documents\UNIVERSIDAD\Sexto Semestre\Compunet 2\SpringBoot\PreParcial_CopaMundial\demo\target\classes started by flore in C:\Users\flore\Documents\UNIVERSIDAD\Sexto Semestre\Compunet 2\SpringBoot\PreParcial_CopaMundial\demo)
2026-09-23 10:31:42.732  INFO 8632 --- [fifa] [restartedMain] com.example.demo.DemoApplication         : The following 1 profile is active: "dev"
2026-09-23 10:31:42.785  INFO 8632 --- [fifa] [restartedMain] .e.DevToolsPropertyDefaultsPostProcessor : Devtools property defaults active! Set 'spring.devtools.add-properties' to 'false' to disable
2026-09-23 10:31:42.785  INFO 8632 --- [fifa] [restartedMain] .e.DevToolsPropertyDefaultsPostProcessor : For additional web related logging consider setting the 'logging.level.web' property to 'DEBUG'
2026-09-23 10:31:43.359  INFO 8632 --- [fifa] [restartedMain] .s.d.r.c.RepositoryConfigurationDelegate : Bootstrapping Spring Data JPA repositories in DEFAULT mode.
2026-09-23 10:31:43.428  INFO 8632 --- [fifa] [restartedMain] .s.d.r.c.RepositoryConfigurationDelegate : Finished Spring Data repository scanning in 61 ms. Found 5 JPA repository interfaces.
2026-09-23 10:31:43.914  INFO 8632 --- [fifa] [restartedMain] o.s.boot.tomcat.TomcatWebServer          : Tomcat initialized with port 8081 (http)
2026-09-23 10:31:43.930  INFO 8632 --- [fifa] [restartedMain] o.apache.catalina.core.StandardService   : Starting service [Tomcat]
2026-09-23 10:31:43.930  INFO 8632 --- [fifa] [restartedMain] o.apache.catalina.core.StandardEngine    : Starting Servlet engine: [Apache Tomcat/11.0.24]
2026-09-23 10:31:43.982  INFO 8632 --- [fifa] [restartedMain] b.w.c.s.WebApplicationContextInitializer : Root WebApplicationContext: initialization completed in 1196 ms
2026-09-23 10:31:44.134  INFO 8632 --- [fifa] [restartedMain] org.hibernate.orm.jpa                    : HHH008540: Processing PersistenceUnitInfo [name: default]
2026-09-23 10:31:44.185  INFO 8632 --- [fifa] [restartedMain] org.hibernate.orm.core                   : HHH000001: Hibernate ORM core version 7.4.5.Final
2026-09-23 10:31:44.636  INFO 8632 --- [fifa] [restartedMain] o.s.o.j.p.SpringPersistenceUnitInfo      : No LoadTimeWeaver setup: ignoring JPA class transformer
2026-09-23 10:31:44.671  INFO 8632 --- [fifa] [restartedMain] com.zaxxer.hikari.HikariDataSource       : HikariPool-1 - Starting...
2026-09-23 10:31:44.829  INFO 8632 --- [fifa] [restartedMain] com.zaxxer.hikari.pool.HikariPool        : HikariPool-1 - Added connection conn0: url=jdbc:h2:mem:db-kevin user=POSTGRES
2026-09-23 10:31:44.831  INFO 8632 --- [fifa] [restartedMain] com.zaxxer.hikari.HikariDataSource       : HikariPool-1 - Start completed.
2026-09-23 10:31:44.889  INFO 8632 --- [fifa] [restartedMain] org.hibernate.orm.connections.pooling    : HHH10001005: Database info:
	Database JDBC URL [jdbc:h2:mem:db-kevin]
	Database driver: H2 JDBC Driver
	Database dialect: H2Dialect
	Database version: 2.4.240
	Default catalog/schema: DB-KEVIN/PUBLIC
	Autocommit mode: undefined/unknown
	Isolation level: READ_COMMITTED [default READ_COMMITTED]
	JDBC fetch size: 100
	Pool: DataSourceConnectionProvider
	Minimum pool size: undefined/unknown
	Maximum pool size: undefined/unknown
2026-09-23 10:31:45.787  INFO 8632 --- [fifa] [restartedMain] org.hibernate.orm.core                   : HHH000489: No JTA platform available (set 'hibernate.transaction.jta.platform' to enable JTA platform integration)
2026-09-23 10:31:45.849  INFO 8632 --- [fifa] [restartedMain] j.LocalContainerEntityManagerFactoryBean : Initialized JPA EntityManagerFactory for persistence unit 'default'
2026-09-23 10:31:45.937  INFO 8632 --- [fifa] [restartedMain] o.s.d.j.r.query.QueryEnhancerFactories   : Hibernate is in classpath; If applicable, HQL parser will be used.
2026-09-23 10:31:46.085  WARN 8632 --- [fifa] [restartedMain] ConfigServletWebServerApplicationContext : Exception encountered during context initialization - cancelling refresh attempt: org.springframework.beans.factory.UnsatisfiedDependencyException: Error creating bean with name 'playerController' defined in file [C:\Users\flore\Documents\UNIVERSIDAD\Sexto Semestre\Compunet 2\SpringBoot\PreParcial_CopaMundial\demo\target\classes\com\example\demo\controller\PlayerController.class]: Unsatisfied dependency expressed through constructor parameter 0: Error creating bean with name 'playerServiceImpl' defined in file [C:\Users\flore\Documents\UNIVERSIDAD\Sexto Semestre\Compunet 2\SpringBoot\PreParcial_CopaMundial\demo\target\classes\com\example\demo\service\impl\PlayerServiceImpl.class]: Unsatisfied dependency expressed through constructor parameter 0: Error creating bean with name 'playerRepository' defined in com.example.demo.repository.PlayerRepository defined in @EnableJpaRepositories declared on DataJpaRepositoriesRegistrar.EnableJpaRepositoriesConfiguration: No property 'playerClubsclubname' found for type 'Player'
2026-09-23 10:31:46.086  INFO 8632 --- [fifa] [restartedMain] j.LocalContainerEntityManagerFactoryBean : Closing JPA EntityManagerFactory for persistence unit 'default'
2026-09-23 10:31:46.095  WARN 8632 --- [fifa] [restartedMain] o.s.b.f.support.DisposableBeanAdapter    : Invocation of destroy method failed on bean with name 'inMemoryDatabaseShutdownExecutor': org.h2.jdbc.JdbcSQLNonTransientConnectionException: La base de datos ya esta cerrada (para des-habilitar el cerrado automatico durante el shutdown de la VM, agregue ";DB_CLOSE_ON_EXIT=FALSE" a la URL de conexión)
Database is already closed (to disable automatic closing at VM shutdown, add ";DB_CLOSE_ON_EXIT=FALSE" to the db URL) [90121-240]
2026-09-23 10:31:46.096  INFO 8632 --- [fifa] [restartedMain] com.zaxxer.hikari.HikariDataSource       : HikariPool-1 - Shutdown initiated...
2026-09-23 10:31:46.098  INFO 8632 --- [fifa] [restartedMain] com.zaxxer.hikari.HikariDataSource       : HikariPool-1 - Shutdown completed.
2026-09-23 10:31:46.100  INFO 8632 --- [fifa] [restartedMain] o.apache.catalina.core.StandardService   : Stopping service [Tomcat]
2026-09-23 10:31:46.111  INFO 8632 --- [fifa] [restartedMain] .s.b.a.l.ConditionEvaluationReportLogger : 

Error starting ApplicationContext. To display the condition evaluation report re-run your application with 'debug' enabled.
2026-09-23 10:31:46.125 ERROR 8632 --- [fifa] [restartedMain] o.s.boot.SpringApplication               : Application run failed

org.springframework.beans.factory.UnsatisfiedDependencyException: Error creating bean with name 'playerController' defined in file [C:\Users\flore\Documents\UNIVERSIDAD\Sexto Semestre\Compunet 2\SpringBoot\PreParcial_CopaMundial\demo\target\classes\com\example\demo\controller\PlayerController.class]: Unsatisfied dependency expressed through constructor parameter 0: Error creating bean with name 'playerServiceImpl' defined in file [C:\Users\flore\Documents\UNIVERSIDAD\Sexto Semestre\Compunet 2\SpringBoot\PreParcial_CopaMundial\demo\target\classes\com\example\demo\service\impl\PlayerServiceImpl.class]: Unsatisfied dependency expressed through constructor parameter 0: Error creating bean with name 'playerRepository' defined in com.example.demo.repository.PlayerRepository defined in @EnableJpaRepositories declared on DataJpaRepositoriesRegistrar.EnableJpaRepositoriesConfiguration: No property 'playerClubsclubname' found for type 'Player'
	at org.springframework.beans.factory.support.ConstructorResolver.createArgumentArray(ConstructorResolver.java:804) ~[spring-beans-7.0.9.jar:7.0.9]
	at org.springframework.beans.factory.support.ConstructorResolver.autowireConstructor(ConstructorResolver.java:240) ~[spring-beans-7.0.9.jar:7.0.9]
	at org.springframework.beans.factory.support.AbstractAutowireCapableBeanFactory.autowireConstructor(AbstractAutowireCapableBeanFactory.java:1380) ~[spring-beans-7.0.9.jar:7.0.9]
	at org.springframework.beans.factory.support.AbstractAutowireCapableBeanFactory.createBeanInstance(AbstractAutowireCapableBeanFactory.java:1219) ~[spring-beans-7.0.9.jar:7.0.9]
	at org.springframework.beans.factory.support.AbstractAutowireCapableBeanFactory.doCreateBean(AbstractAutowireCapableBeanFactory.java:565) ~[spring-beans-7.0.9.jar:7.0.9]
	at org.springframework.beans.factory.support.AbstractAutowireCapableBeanFactory.createBean(AbstractAutowireCapableBeanFactory.java:525) ~[spring-beans-7.0.9.jar:7.0.9]
	at org.springframework.beans.factory.support.AbstractBeanFactory.lambda$doGetBean$0(AbstractBeanFactory.java:333) ~[spring-beans-7.0.9.jar:7.0.9]
	at org.springframework.beans.factory.support.DefaultSingletonBeanRegistry.getSingleton(DefaultSingletonBeanRegistry.java:371) ~[spring-beans-7.0.9.jar:7.0.9]
	at org.springframework.beans.factory.support.AbstractBeanFactory.doGetBean(AbstractBeanFactory.java:331) ~[spring-beans-7.0.9.jar:7.0.9]
	at org.springframework.beans.factory.support.AbstractBeanFactory.getBean(AbstractBeanFactory.java:196) ~[spring-beans-7.0.9.jar:7.0.9]
	at org.springframework.beans.factory.support.DefaultListableBeanFactory.instantiateSingleton(DefaultListableBeanFactory.java:1225) ~[spring-beans-7.0.9.jar:7.0.9]
	at org.springframework.beans.factory.support.DefaultListableBeanFactory.preInstantiateSingleton(DefaultListableBeanFactory.java:1191) ~[spring-beans-7.0.9.jar:7.0.9]
	at org.springframework.beans.factory.support.DefaultListableBeanFactory.preInstantiateSingletons(DefaultListableBeanFactory.java:1121) ~[spring-beans-7.0.9.jar:7.0.9]
	at org.springframework.context.support.AbstractApplicationContext.finishBeanFactoryInitialization(AbstractApplicationContext.java:994) ~[spring-context-7.0.9.jar:7.0.9]
	at org.springframework.context.support.AbstractApplicationContext.refresh(AbstractApplicationContext.java:621) ~[spring-context-7.0.9.jar:7.0.9]
	at org.springframework.boot.web.server.servlet.context.ServletWebServerApplicationContext.refresh(ServletWebServerApplicationContext.java:143) ~[spring-boot-web-server-4.1.1.jar:4.1.1]
	at org.springframework.boot.SpringApplication.refresh(SpringApplication.java:756) ~[spring-boot-4.1.1.jar:4.1.1]
	at org.springframework.boot.SpringApplication.refreshContext(SpringApplication.java:445) ~[spring-boot-4.1.1.jar:4.1.1]
	at org.springframework.boot.SpringApplication.run(SpringApplication.java:321) ~[spring-boot-4.1.1.jar:4.1.1]
	at org.springframework.boot.SpringApplication.run(SpringApplication.java:1365) ~[spring-boot-4.1.1.jar:4.1.1]
	at org.springframework.boot.SpringApplication.run(SpringApplication.java:1354) ~[spring-boot-4.1.1.jar:4.1.1]
	at com.example.demo.DemoApplication.main(DemoApplication.java:10) ~[classes/:na]
	at java.base/jdk.internal.reflect.DirectMethodHandleAccessor.invoke(DirectMethodHandleAccessor.java:104) ~[na:na]
	at java.base/java.lang.reflect.Method.invoke(Method.java:565) ~[na:na]
	at org.springframework.boot.devtools.restart.RestartLauncher.run(RestartLauncher.java:52) ~[spring-boot-devtools-4.1.1.jar:4.1.1]
Caused by: org.springframework.beans.factory.UnsatisfiedDependencyException: Error creating bean with name 'playerServiceImpl' defined in file [C:\Users\flore\Documents\UNIVERSIDAD\Sexto Semestre\Compunet 2\SpringBoot\PreParcial_CopaMundial\demo\target\classes\com\example\demo\service\impl\PlayerServiceImpl.class]: Unsatisfied dependency expressed through constructor parameter 0: Error creating bean with name 'playerRepository' defined in com.example.demo.repository.PlayerRepository defined in @EnableJpaRepositories declared on DataJpaRepositoriesRegistrar.EnableJpaRepositoriesConfiguration: No property 'playerClubsclubname' found for type 'Player'
	at org.springframework.beans.factory.support.ConstructorResolver.createArgumentArray(ConstructorResolver.java:804) ~[spring-beans-7.0.9.jar:7.0.9]
	at org.springframework.beans.factory.support.ConstructorResolver.autowireConstructor(ConstructorResolver.java:240) ~[spring-beans-7.0.9.jar:7.0.9]
	at org.springframework.beans.factory.support.AbstractAutowireCapableBeanFactory.autowireConstructor(AbstractAutowireCapableBeanFactory.java:1380) ~[spring-beans-7.0.9.jar:7.0.9]
	at org.springframework.beans.factory.support.AbstractAutowireCapableBeanFactory.createBeanInstance(AbstractAutowireCapableBeanFactory.java:1219) ~[spring-beans-7.0.9.jar:7.0.9]
	at org.springframework.beans.factory.support.AbstractAutowireCapableBeanFactory.doCreateBean(AbstractAutowireCapableBeanFactory.java:565) ~[spring-beans-7.0.9.jar:7.0.9]
	at org.springframework.beans.factory.support.AbstractAutowireCapableBeanFactory.createBean(AbstractAutowireCapableBeanFactory.java:525) ~[spring-beans-7.0.9.jar:7.0.9]
	at org.springframework.beans.factory.support.AbstractBeanFactory.lambda$doGetBean$0(AbstractBeanFactory.java:333) ~[spring-beans-7.0.9.jar:7.0.9]
	at org.springframework.beans.factory.support.DefaultSingletonBeanRegistry.getSingleton(DefaultSingletonBeanRegistry.java:371) ~[spring-beans-7.0.9.jar:7.0.9]
	at org.springframework.beans.factory.support.AbstractBeanFactory.doGetBean(AbstractBeanFactory.java:331) ~[spring-beans-7.0.9.jar:7.0.9]
	at org.springframework.beans.factory.support.AbstractBeanFactory.getBean(AbstractBeanFactory.java:201) ~[spring-beans-7.0.9.jar:7.0.9]
	at org.springframework.beans.factory.config.DependencyDescriptor.resolveCandidate(DependencyDescriptor.java:229) ~[spring-beans-7.0.9.jar:7.0.9]
	at org.springframework.beans.factory.support.DefaultListableBeanFactory.doResolveDependency(DefaultListableBeanFactory.java:1769) ~[spring-beans-7.0.9.jar:7.0.9]
	at org.springframework.beans.factory.support.DefaultListableBeanFactory.resolveDependency(DefaultListableBeanFactory.java:1658) ~[spring-beans-7.0.9.jar:7.0.9]
	at org.springframework.beans.factory.support.ConstructorResolver.resolveAutowiredArgument(ConstructorResolver.java:912) ~[spring-beans-7.0.9.jar:7.0.9]
	at org.springframework.beans.factory.support.ConstructorResolver.createArgumentArray(ConstructorResolver.java:791) ~[spring-beans-7.0.9.jar:7.0.9]
	... 24 common frames omitted
Caused by: org.springframework.beans.factory.BeanCreationException: Error creating bean with name 'playerRepository' defined in com.example.demo.repository.PlayerRepository defined in @EnableJpaRepositories declared on DataJpaRepositoriesRegistrar.EnableJpaRepositoriesConfiguration: No property 'playerClubsclubname' found for type 'Player'
	at org.springframework.beans.factory.support.AbstractAutowireCapableBeanFactory.initializeBean(AbstractAutowireCapableBeanFactory.java:1815) ~[spring-beans-7.0.9.jar:7.0.9]
	at org.springframework.beans.factory.support.AbstractAutowireCapableBeanFactory.doCreateBean(AbstractAutowireCapableBeanFactory.java:603) ~[spring-beans-7.0.9.jar:7.0.9]
	at org.springframework.beans.factory.support.AbstractAutowireCapableBeanFactory.createBean(AbstractAutowireCapableBeanFactory.java:525) ~[spring-beans-7.0.9.jar:7.0.9]
	at org.springframework.beans.factory.support.AbstractBeanFactory.lambda$doGetBean$0(AbstractBeanFactory.java:333) ~[spring-beans-7.0.9.jar:7.0.9]
	at org.springframework.beans.factory.support.DefaultSingletonBeanRegistry.getSingleton(DefaultSingletonBeanRegistry.java:371) ~[spring-beans-7.0.9.jar:7.0.9]
	at org.springframework.beans.factory.support.AbstractBeanFactory.doGetBean(AbstractBeanFactory.java:331) ~[spring-beans-7.0.9.jar:7.0.9]
	at org.springframework.beans.factory.support.AbstractBeanFactory.getBean(AbstractBeanFactory.java:201) ~[spring-beans-7.0.9.jar:7.0.9]
	at org.springframework.beans.factory.support.DefaultListableBeanFactory.resolveBean(DefaultListableBeanFactory.java:1232) ~[spring-beans-7.0.9.jar:7.0.9]
	at org.springframework.beans.factory.support.DefaultListableBeanFactory.doResolveDependency(DefaultListableBeanFactory.java:1711) ~[spring-beans-7.0.9.jar:7.0.9]
	at org.springframework.beans.factory.support.DefaultListableBeanFactory.resolveDependency(DefaultListableBeanFactory.java:1658) ~[spring-beans-7.0.9.jar:7.0.9]
	at org.springframework.beans.factory.support.ConstructorResolver.resolveAutowiredArgument(ConstructorResolver.java:912) ~[spring-beans-7.0.9.jar:7.0.9]
	at org.springframework.beans.factory.support.ConstructorResolver.createArgumentArray(ConstructorResolver.java:791) ~[spring-beans-7.0.9.jar:7.0.9]
	... 38 common frames omitted
Caused by: org.springframework.data.repository.query.QueryCreationException: Cannot create query for method [PlayerRepository.findDistinctByPlayerClubsclubname(java.lang.String)]; No property 'playerClubsclubname' found for type 'Player'
	at org.springframework.data.repository.query.QueryCreationException.create(QueryCreationException.java:109) ~[spring-data-commons-4.1.1.jar:4.1.1]
	at org.springframework.data.jpa.repository.query.PartTreeJpaQuery.<init>(PartTreeJpaQuery.java:114) ~[spring-data-jpa-4.1.1.jar:4.1.1]
	at org.springframework.data.jpa.repository.query.JpaQueryLookupStrategy$CreateQueryLookupStrategy.resolveQuery(JpaQueryLookupStrategy.java:118) ~[spring-data-jpa-4.1.1.jar:4.1.1]
	at org.springframework.data.jpa.repository.query.JpaQueryLookupStrategy$CreateIfNotFoundQueryLookupStrategy.resolveQuery(JpaQueryLookupStrategy.java:291) ~[spring-data-jpa-4.1.1.jar:4.1.1]
	at org.springframework.data.jpa.repository.query.JpaQueryLookupStrategy$AbstractQueryLookupStrategy.resolveQuery(JpaQueryLookupStrategy.java:93) ~[spring-data-jpa-4.1.1.jar:4.1.1]
	at org.springframework.data.repository.core.support.QueryExecutorMethodInterceptor.lookupQuery(QueryExecutorMethodInterceptor.java:114) ~[spring-data-commons-4.1.1.jar:4.1.1]
	at org.springframework.data.repository.core.support.QueryExecutorMethodInterceptor.mapMethodsToQuery(QueryExecutorMethodInterceptor.java:102) ~[spring-data-commons-4.1.1.jar:4.1.1]
	at org.springframework.data.repository.core.support.QueryExecutorMethodInterceptor.<init>(QueryExecutorMethodInterceptor.java:90) ~[spring-data-commons-4.1.1.jar:4.1.1]
	at org.springframework.data.repository.core.support.RepositoryFactorySupport.getRepository(RepositoryFactorySupport.java:413) ~[spring-data-commons-4.1.1.jar:4.1.1]
	at org.springframework.data.repository.core.support.RepositoryFactoryBeanSupport.lambda$afterPropertiesSet$1(RepositoryFactoryBeanSupport.java:361) ~[spring-data-commons-4.1.1.jar:4.1.1]
	at org.springframework.data.util.Lazy.getNullable(Lazy.java:136) ~[spring-data-commons-4.1.1.jar:4.1.1]
	at org.springframework.data.util.Lazy.get(Lazy.java:114) ~[spring-data-commons-4.1.1.jar:4.1.1]
	at org.springframework.data.repository.core.support.RepositoryFactoryBeanSupport.afterPropertiesSet(RepositoryFactoryBeanSupport.java:370) ~[spring-data-commons-4.1.1.jar:4.1.1]
	at org.springframework.data.jpa.repository.support.JpaRepositoryFactoryBean.afterPropertiesSet(JpaRepositoryFactoryBean.java:212) ~[spring-data-jpa-4.1.1.jar:4.1.1]
	at org.springframework.beans.factory.support.AbstractAutowireCapableBeanFactory.invokeInitMethods(AbstractAutowireCapableBeanFactory.java:1862) ~[spring-beans-7.0.9.jar:7.0.9]
	at org.springframework.beans.factory.support.AbstractAutowireCapableBeanFactory.initializeBean(AbstractAutowireCapableBeanFactory.java:1811) ~[spring-beans-7.0.9.jar:7.0.9]
	... 49 common frames omitted
Caused by: org.springframework.data.core.PropertyReferenceException: No property 'playerClubsclubname' found for type 'Player'
	at org.springframework.data.core.SimplePropertyPath.<init>(SimplePropertyPath.java:94) ~[spring-data-commons-4.1.1.jar:4.1.1]
	at org.springframework.data.core.SimplePropertyPath.create(SimplePropertyPath.java:322) ~[spring-data-commons-4.1.1.jar:4.1.1]
	at org.springframework.data.core.SimplePropertyPath.create(SimplePropertyPath.java:297) ~[spring-data-commons-4.1.1.jar:4.1.1]
	at org.springframework.data.core.SimplePropertyPath.lambda$from$0(SimplePropertyPath.java:250) ~[spring-data-commons-4.1.1.jar:4.1.1]
	at org.springframework.util.ConcurrentReferenceHashMap$6.execute(ConcurrentReferenceHashMap.java:387) ~[spring-core-7.0.9.jar:7.0.9]
	at org.springframework.util.ConcurrentReferenceHashMap$Segment.doTask(ConcurrentReferenceHashMap.java:688) ~[spring-core-7.0.9.jar:7.0.9]
	at org.springframework.util.ConcurrentReferenceHashMap.doTask(ConcurrentReferenceHashMap.java:572) ~[spring-core-7.0.9.jar:7.0.9]
	at org.springframework.util.ConcurrentReferenceHashMap.computeIfAbsent(ConcurrentReferenceHashMap.java:381) ~[spring-core-7.0.9.jar:7.0.9]
	at org.springframework.data.core.SimplePropertyPath.from(SimplePropertyPath.java:228) ~[spring-data-commons-4.1.1.jar:4.1.1]
	at org.springframework.data.core.PropertyPath.from(PropertyPath.java:264) ~[spring-data-commons-4.1.1.jar:4.1.1]
	at org.springframework.data.core.PropertyPath.from(PropertyPath.java:247) ~[spring-data-commons-4.1.1.jar:4.1.1]
	at org.springframework.data.repository.query.parser.Part.<init>(Part.java:81) ~[spring-data-commons-4.1.1.jar:4.1.1]
	at org.springframework.data.repository.query.parser.PartTree$OrPart.lambda$new$0(PartTree.java:260) ~[spring-data-commons-4.1.1.jar:4.1.1]
	at java.base/java.util.stream.ReferencePipeline$3$1.accept(ReferencePipeline.java:215) ~[na:na]
	at java.base/java.util.stream.ReferencePipeline$2$1.accept(ReferencePipeline.java:197) ~[na:na]
	at java.base/java.util.Spliterators$ArraySpliterator.forEachRemaining(Spliterators.java:1024) ~[na:na]
	at java.base/java.util.stream.AbstractPipeline.copyInto(AbstractPipeline.java:570) ~[na:na]
	at java.base/java.util.stream.AbstractPipeline.wrapAndCopyInto(AbstractPipeline.java:560) ~[na:na]
	at java.base/java.util.stream.ReduceOps$ReduceOp.evaluateSequential(ReduceOps.java:921) ~[na:na]
	at java.base/java.util.stream.AbstractPipeline.evaluate(AbstractPipeline.java:265) ~[na:na]
	at java.base/java.util.stream.ReferencePipeline.collect(ReferencePipeline.java:727) ~[na:na]
	at org.springframework.data.repository.query.parser.PartTree$OrPart.<init>(PartTree.java:261) ~[spring-data-commons-4.1.1.jar:4.1.1]
	at org.springframework.data.repository.query.parser.PartTree$Predicate.lambda$new$0(PartTree.java:390) ~[spring-data-commons-4.1.1.jar:4.1.1]
	at java.base/java.util.stream.ReferencePipeline$3$1.accept(ReferencePipeline.java:215) ~[na:na]
	at java.base/java.util.stream.ReferencePipeline$2$1.accept(ReferencePipeline.java:197) ~[na:na]
	at java.base/java.util.Spliterators$ArraySpliterator.forEachRemaining(Spliterators.java:1024) ~[na:na]
	at java.base/java.util.stream.AbstractPipeline.copyInto(AbstractPipeline.java:570) ~[na:na]
	at java.base/java.util.stream.AbstractPipeline.wrapAndCopyInto(AbstractPipeline.java:560) ~[na:na]
	at java.base/java.util.stream.ReduceOps$ReduceOp.evaluateSequential(ReduceOps.java:921) ~[na:na]
	at java.base/java.util.stream.AbstractPipeline.evaluate(AbstractPipeline.java:265) ~[na:na]
	at java.base/java.util.stream.ReferencePipeline.collect(ReferencePipeline.java:727) ~[na:na]
	at org.springframework.data.repository.query.parser.PartTree$Predicate.<init>(PartTree.java:391) ~[spring-data-commons-4.1.1.jar:4.1.1]
	at org.springframework.data.repository.query.parser.PartTree.<init>(PartTree.java:104) ~[spring-data-commons-4.1.1.jar:4.1.1]
	at org.springframework.data.jpa.repository.query.PartTreeJpaQuery.<init>(PartTreeJpaQuery.java:108) ~[spring-data-jpa-4.1.1.jar:4.1.1]
	... 63 common frames omitted

2026-09-23 10:33:13.046  INFO 25892 --- [fifa] [restartedMain] com.example.demo.DemoApplication         : Starting DemoApplication using Java 24.0.2 with PID 25892 (C:\Users\flore\Documents\UNIVERSIDAD\Sexto Semestre\Compunet 2\SpringBoot\PreParcial_CopaMundial\demo\target\classes started by flore in C:\Users\flore\Documents\UNIVERSIDAD\Sexto Semestre\Compunet 2\SpringBoot\PreParcial_CopaMundial\demo)
2026-09-23 10:33:13.048  INFO 25892 --- [fifa] [restartedMain] com.example.demo.DemoApplication         : The following 1 profile is active: "dev"
2026-09-23 10:33:13.099  INFO 25892 --- [fifa] [restartedMain] .e.DevToolsPropertyDefaultsPostProcessor : Devtools property defaults active! Set 'spring.devtools.add-properties' to 'false' to disable
2026-09-23 10:33:13.099  INFO 25892 --- [fifa] [restartedMain] .e.DevToolsPropertyDefaultsPostProcessor : For additional web related logging consider setting the 'logging.level.web' property to 'DEBUG'
2026-09-23 10:33:13.702  INFO 25892 --- [fifa] [restartedMain] .s.d.r.c.RepositoryConfigurationDelegate : Bootstrapping Spring Data JPA repositories in DEFAULT mode.
2026-09-23 10:33:13.776  INFO 25892 --- [fifa] [restartedMain] .s.d.r.c.RepositoryConfigurationDelegate : Finished Spring Data repository scanning in 64 ms. Found 5 JPA repository interfaces.
2026-09-23 10:33:14.223  INFO 25892 --- [fifa] [restartedMain] o.s.boot.tomcat.TomcatWebServer          : Tomcat initialized with port 8081 (http)
2026-09-23 10:33:14.240  INFO 25892 --- [fifa] [restartedMain] o.apache.catalina.core.StandardService   : Starting service [Tomcat]
2026-09-23 10:33:14.240  INFO 25892 --- [fifa] [restartedMain] o.apache.catalina.core.StandardEngine    : Starting Servlet engine: [Apache Tomcat/11.0.24]
2026-09-23 10:33:14.293  INFO 25892 --- [fifa] [restartedMain] b.w.c.s.WebApplicationContextInitializer : Root WebApplicationContext: initialization completed in 1193 ms
2026-09-23 10:33:14.442  INFO 25892 --- [fifa] [restartedMain] org.hibernate.orm.jpa                    : HHH008540: Processing PersistenceUnitInfo [name: default]
2026-09-23 10:33:14.493  INFO 25892 --- [fifa] [restartedMain] org.hibernate.orm.core                   : HHH000001: Hibernate ORM core version 7.4.5.Final
2026-09-23 10:33:14.932  INFO 25892 --- [fifa] [restartedMain] o.s.o.j.p.SpringPersistenceUnitInfo      : No LoadTimeWeaver setup: ignoring JPA class transformer
2026-09-23 10:33:14.963  INFO 25892 --- [fifa] [restartedMain] com.zaxxer.hikari.HikariDataSource       : HikariPool-1 - Starting...
2026-09-23 10:33:15.122  INFO 25892 --- [fifa] [restartedMain] com.zaxxer.hikari.pool.HikariPool        : HikariPool-1 - Added connection conn0: url=jdbc:h2:mem:db-kevin user=POSTGRES
2026-09-23 10:33:15.123  INFO 25892 --- [fifa] [restartedMain] com.zaxxer.hikari.HikariDataSource       : HikariPool-1 - Start completed.
2026-09-23 10:33:15.181  INFO 25892 --- [fifa] [restartedMain] org.hibernate.orm.connections.pooling    : HHH10001005: Database info:
	Database JDBC URL [jdbc:h2:mem:db-kevin]
	Database driver: H2 JDBC Driver
	Database dialect: H2Dialect
	Database version: 2.4.240
	Default catalog/schema: DB-KEVIN/PUBLIC
	Autocommit mode: undefined/unknown
	Isolation level: READ_COMMITTED [default READ_COMMITTED]
	JDBC fetch size: 100
	Pool: DataSourceConnectionProvider
	Minimum pool size: undefined/unknown
	Maximum pool size: undefined/unknown
2026-09-23 10:33:16.072  INFO 25892 --- [fifa] [restartedMain] org.hibernate.orm.core                   : HHH000489: No JTA platform available (set 'hibernate.transaction.jta.platform' to enable JTA platform integration)
2026-09-23 10:33:16.143  INFO 25892 --- [fifa] [restartedMain] j.LocalContainerEntityManagerFactoryBean : Initialized JPA EntityManagerFactory for persistence unit 'default'
2026-09-23 10:33:16.213  INFO 25892 --- [fifa] [restartedMain] o.s.d.j.r.query.QueryEnhancerFactories   : Hibernate is in classpath; If applicable, HQL parser will be used.
2026-09-23 10:33:16.358  WARN 25892 --- [fifa] [restartedMain] ConfigServletWebServerApplicationContext : Exception encountered during context initialization - cancelling refresh attempt: org.springframework.beans.factory.UnsatisfiedDependencyException: Error creating bean with name 'playerController' defined in file [C:\Users\flore\Documents\UNIVERSIDAD\Sexto Semestre\Compunet 2\SpringBoot\PreParcial_CopaMundial\demo\target\classes\com\example\demo\controller\PlayerController.class]: Unsatisfied dependency expressed through constructor parameter 0: Error creating bean with name 'playerServiceImpl' defined in file [C:\Users\flore\Documents\UNIVERSIDAD\Sexto Semestre\Compunet 2\SpringBoot\PreParcial_CopaMundial\demo\target\classes\com\example\demo\service\impl\PlayerServiceImpl.class]: Unsatisfied dependency expressed through constructor parameter 0: Error creating bean with name 'playerRepository' defined in com.example.demo.repository.PlayerRepository defined in @EnableJpaRepositories declared on DataJpaRepositoriesRegistrar.EnableJpaRepositoriesConfiguration: No property 'playerClubsclubname' found for type 'Player'
2026-09-23 10:33:16.359  INFO 25892 --- [fifa] [restartedMain] j.LocalContainerEntityManagerFactoryBean : Closing JPA EntityManagerFactory for persistence unit 'default'
2026-09-23 10:33:16.368  WARN 25892 --- [fifa] [restartedMain] o.s.b.f.support.DisposableBeanAdapter    : Invocation of destroy method failed on bean with name 'inMemoryDatabaseShutdownExecutor': org.h2.jdbc.JdbcSQLNonTransientConnectionException: La base de datos ya esta cerrada (para des-habilitar el cerrado automatico durante el shutdown de la VM, agregue ";DB_CLOSE_ON_EXIT=FALSE" a la URL de conexión)
Database is already closed (to disable automatic closing at VM shutdown, add ";DB_CLOSE_ON_EXIT=FALSE" to the db URL) [90121-240]
2026-09-23 10:33:16.369  INFO 25892 --- [fifa] [restartedMain] com.zaxxer.hikari.HikariDataSource       : HikariPool-1 - Shutdown initiated...
2026-09-23 10:33:16.372  INFO 25892 --- [fifa] [restartedMain] com.zaxxer.hikari.HikariDataSource       : HikariPool-1 - Shutdown completed.
2026-09-23 10:33:16.375  INFO 25892 --- [fifa] [restartedMain] o.apache.catalina.core.StandardService   : Stopping service [Tomcat]
2026-09-23 10:33:16.385  INFO 25892 --- [fifa] [restartedMain] .s.b.a.l.ConditionEvaluationReportLogger : 

Error starting ApplicationContext. To display the condition evaluation report re-run your application with 'debug' enabled.
2026-09-23 10:33:16.399 ERROR 25892 --- [fifa] [restartedMain] o.s.boot.SpringApplication               : Application run failed

org.springframework.beans.factory.UnsatisfiedDependencyException: Error creating bean with name 'playerController' defined in file [C:\Users\flore\Documents\UNIVERSIDAD\Sexto Semestre\Compunet 2\SpringBoot\PreParcial_CopaMundial\demo\target\classes\com\example\demo\controller\PlayerController.class]: Unsatisfied dependency expressed through constructor parameter 0: Error creating bean with name 'playerServiceImpl' defined in file [C:\Users\flore\Documents\UNIVERSIDAD\Sexto Semestre\Compunet 2\SpringBoot\PreParcial_CopaMundial\demo\target\classes\com\example\demo\service\impl\PlayerServiceImpl.class]: Unsatisfied dependency expressed through constructor parameter 0: Error creating bean with name 'playerRepository' defined in com.example.demo.repository.PlayerRepository defined in @EnableJpaRepositories declared on DataJpaRepositoriesRegistrar.EnableJpaRepositoriesConfiguration: No property 'playerClubsclubname' found for type 'Player'
	at org.springframework.beans.factory.support.ConstructorResolver.createArgumentArray(ConstructorResolver.java:804) ~[spring-beans-7.0.9.jar:7.0.9]
	at org.springframework.beans.factory.support.ConstructorResolver.autowireConstructor(ConstructorResolver.java:240) ~[spring-beans-7.0.9.jar:7.0.9]
	at org.springframework.beans.factory.support.AbstractAutowireCapableBeanFactory.autowireConstructor(AbstractAutowireCapableBeanFactory.java:1380) ~[spring-beans-7.0.9.jar:7.0.9]
	at org.springframework.beans.factory.support.AbstractAutowireCapableBeanFactory.createBeanInstance(AbstractAutowireCapableBeanFactory.java:1219) ~[spring-beans-7.0.9.jar:7.0.9]
	at org.springframework.beans.factory.support.AbstractAutowireCapableBeanFactory.doCreateBean(AbstractAutowireCapableBeanFactory.java:565) ~[spring-beans-7.0.9.jar:7.0.9]
	at org.springframework.beans.factory.support.AbstractAutowireCapableBeanFactory.createBean(AbstractAutowireCapableBeanFactory.java:525) ~[spring-beans-7.0.9.jar:7.0.9]
	at org.springframework.beans.factory.support.AbstractBeanFactory.lambda$doGetBean$0(AbstractBeanFactory.java:333) ~[spring-beans-7.0.9.jar:7.0.9]
	at org.springframework.beans.factory.support.DefaultSingletonBeanRegistry.getSingleton(DefaultSingletonBeanRegistry.java:371) ~[spring-beans-7.0.9.jar:7.0.9]
	at org.springframework.beans.factory.support.AbstractBeanFactory.doGetBean(AbstractBeanFactory.java:331) ~[spring-beans-7.0.9.jar:7.0.9]
	at org.springframework.beans.factory.support.AbstractBeanFactory.getBean(AbstractBeanFactory.java:196) ~[spring-beans-7.0.9.jar:7.0.9]
	at org.springframework.beans.factory.support.DefaultListableBeanFactory.instantiateSingleton(DefaultListableBeanFactory.java:1225) ~[spring-beans-7.0.9.jar:7.0.9]
	at org.springframework.beans.factory.support.DefaultListableBeanFactory.preInstantiateSingleton(DefaultListableBeanFactory.java:1191) ~[spring-beans-7.0.9.jar:7.0.9]
	at org.springframework.beans.factory.support.DefaultListableBeanFactory.preInstantiateSingletons(DefaultListableBeanFactory.java:1121) ~[spring-beans-7.0.9.jar:7.0.9]
	at org.springframework.context.support.AbstractApplicationContext.finishBeanFactoryInitialization(AbstractApplicationContext.java:994) ~[spring-context-7.0.9.jar:7.0.9]
	at org.springframework.context.support.AbstractApplicationContext.refresh(AbstractApplicationContext.java:621) ~[spring-context-7.0.9.jar:7.0.9]
	at org.springframework.boot.web.server.servlet.context.ServletWebServerApplicationContext.refresh(ServletWebServerApplicationContext.java:143) ~[spring-boot-web-server-4.1.1.jar:4.1.1]
	at org.springframework.boot.SpringApplication.refresh(SpringApplication.java:756) ~[spring-boot-4.1.1.jar:4.1.1]
	at org.springframework.boot.SpringApplication.refreshContext(SpringApplication.java:445) ~[spring-boot-4.1.1.jar:4.1.1]
	at org.springframework.boot.SpringApplication.run(SpringApplication.java:321) ~[spring-boot-4.1.1.jar:4.1.1]
	at org.springframework.boot.SpringApplication.run(SpringApplication.java:1365) ~[spring-boot-4.1.1.jar:4.1.1]
	at org.springframework.boot.SpringApplication.run(SpringApplication.java:1354) ~[spring-boot-4.1.1.jar:4.1.1]
	at com.example.demo.DemoApplication.main(DemoApplication.java:10) ~[classes/:na]
	at java.base/jdk.internal.reflect.DirectMethodHandleAccessor.invoke(DirectMethodHandleAccessor.java:104) ~[na:na]
	at java.base/java.lang.reflect.Method.invoke(Method.java:565) ~[na:na]
	at org.springframework.boot.devtools.restart.RestartLauncher.run(RestartLauncher.java:52) ~[spring-boot-devtools-4.1.1.jar:4.1.1]
Caused by: org.springframework.beans.factory.UnsatisfiedDependencyException: Error creating bean with name 'playerServiceImpl' defined in file [C:\Users\flore\Documents\UNIVERSIDAD\Sexto Semestre\Compunet 2\SpringBoot\PreParcial_CopaMundial\demo\target\classes\com\example\demo\service\impl\PlayerServiceImpl.class]: Unsatisfied dependency expressed through constructor parameter 0: Error creating bean with name 'playerRepository' defined in com.example.demo.repository.PlayerRepository defined in @EnableJpaRepositories declared on DataJpaRepositoriesRegistrar.EnableJpaRepositoriesConfiguration: No property 'playerClubsclubname' found for type 'Player'
	at org.springframework.beans.factory.support.ConstructorResolver.createArgumentArray(ConstructorResolver.java:804) ~[spring-beans-7.0.9.jar:7.0.9]
	at org.springframework.beans.factory.support.ConstructorResolver.autowireConstructor(ConstructorResolver.java:240) ~[spring-beans-7.0.9.jar:7.0.9]
	at org.springframework.beans.factory.support.AbstractAutowireCapableBeanFactory.autowireConstructor(AbstractAutowireCapableBeanFactory.java:1380) ~[spring-beans-7.0.9.jar:7.0.9]
	at org.springframework.beans.factory.support.AbstractAutowireCapableBeanFactory.createBeanInstance(AbstractAutowireCapableBeanFactory.java:1219) ~[spring-beans-7.0.9.jar:7.0.9]
	at org.springframework.beans.factory.support.AbstractAutowireCapableBeanFactory.doCreateBean(AbstractAutowireCapableBeanFactory.java:565) ~[spring-beans-7.0.9.jar:7.0.9]
	at org.springframework.beans.factory.support.AbstractAutowireCapableBeanFactory.createBean(AbstractAutowireCapableBeanFactory.java:525) ~[spring-beans-7.0.9.jar:7.0.9]
	at org.springframework.beans.factory.support.AbstractBeanFactory.lambda$doGetBean$0(AbstractBeanFactory.java:333) ~[spring-beans-7.0.9.jar:7.0.9]
	at org.springframework.beans.factory.support.DefaultSingletonBeanRegistry.getSingleton(DefaultSingletonBeanRegistry.java:371) ~[spring-beans-7.0.9.jar:7.0.9]
	at org.springframework.beans.factory.support.AbstractBeanFactory.doGetBean(AbstractBeanFactory.java:331) ~[spring-beans-7.0.9.jar:7.0.9]
	at org.springframework.beans.factory.support.AbstractBeanFactory.getBean(AbstractBeanFactory.java:201) ~[spring-beans-7.0.9.jar:7.0.9]
	at org.springframework.beans.factory.config.DependencyDescriptor.resolveCandidate(DependencyDescriptor.java:229) ~[spring-beans-7.0.9.jar:7.0.9]
	at org.springframework.beans.factory.support.DefaultListableBeanFactory.doResolveDependency(DefaultListableBeanFactory.java:1769) ~[spring-beans-7.0.9.jar:7.0.9]
	at org.springframework.beans.factory.support.DefaultListableBeanFactory.resolveDependency(DefaultListableBeanFactory.java:1658) ~[spring-beans-7.0.9.jar:7.0.9]
	at org.springframework.beans.factory.support.ConstructorResolver.resolveAutowiredArgument(ConstructorResolver.java:912) ~[spring-beans-7.0.9.jar:7.0.9]
	at org.springframework.beans.factory.support.ConstructorResolver.createArgumentArray(ConstructorResolver.java:791) ~[spring-beans-7.0.9.jar:7.0.9]
	... 24 common frames omitted
Caused by: org.springframework.beans.factory.BeanCreationException: Error creating bean with name 'playerRepository' defined in com.example.demo.repository.PlayerRepository defined in @EnableJpaRepositories declared on DataJpaRepositoriesRegistrar.EnableJpaRepositoriesConfiguration: No property 'playerClubsclubname' found for type 'Player'
	at org.springframework.beans.factory.support.AbstractAutowireCapableBeanFactory.initializeBean(AbstractAutowireCapableBeanFactory.java:1815) ~[spring-beans-7.0.9.jar:7.0.9]
	at org.springframework.beans.factory.support.AbstractAutowireCapableBeanFactory.doCreateBean(AbstractAutowireCapableBeanFactory.java:603) ~[spring-beans-7.0.9.jar:7.0.9]
	at org.springframework.beans.factory.support.AbstractAutowireCapableBeanFactory.createBean(AbstractAutowireCapableBeanFactory.java:525) ~[spring-beans-7.0.9.jar:7.0.9]
	at org.springframework.beans.factory.support.AbstractBeanFactory.lambda$doGetBean$0(AbstractBeanFactory.java:333) ~[spring-beans-7.0.9.jar:7.0.9]
	at org.springframework.beans.factory.support.DefaultSingletonBeanRegistry.getSingleton(DefaultSingletonBeanRegistry.java:371) ~[spring-beans-7.0.9.jar:7.0.9]
	at org.springframework.beans.factory.support.AbstractBeanFactory.doGetBean(AbstractBeanFactory.java:331) ~[spring-beans-7.0.9.jar:7.0.9]
	at org.springframework.beans.factory.support.AbstractBeanFactory.getBean(AbstractBeanFactory.java:201) ~[spring-beans-7.0.9.jar:7.0.9]
	at org.springframework.beans.factory.support.DefaultListableBeanFactory.resolveBean(DefaultListableBeanFactory.java:1232) ~[spring-beans-7.0.9.jar:7.0.9]
	at org.springframework.beans.factory.support.DefaultListableBeanFactory.doResolveDependency(DefaultListableBeanFactory.java:1711) ~[spring-beans-7.0.9.jar:7.0.9]
	at org.springframework.beans.factory.support.DefaultListableBeanFactory.resolveDependency(DefaultListableBeanFactory.java:1658) ~[spring-beans-7.0.9.jar:7.0.9]
	at org.springframework.beans.factory.support.ConstructorResolver.resolveAutowiredArgument(ConstructorResolver.java:912) ~[spring-beans-7.0.9.jar:7.0.9]
	at org.springframework.beans.factory.support.ConstructorResolver.createArgumentArray(ConstructorResolver.java:791) ~[spring-beans-7.0.9.jar:7.0.9]
	... 38 common frames omitted
Caused by: org.springframework.data.repository.query.QueryCreationException: Cannot create query for method [PlayerRepository.findDistinctByPlayerClubsclubname(java.lang.String)]; No property 'playerClubsclubname' found for type 'Player'
	at org.springframework.data.repository.query.QueryCreationException.create(QueryCreationException.java:109) ~[spring-data-commons-4.1.1.jar:4.1.1]
	at org.springframework.data.jpa.repository.query.PartTreeJpaQuery.<init>(PartTreeJpaQuery.java:114) ~[spring-data-jpa-4.1.1.jar:4.1.1]
	at org.springframework.data.jpa.repository.query.JpaQueryLookupStrategy$CreateQueryLookupStrategy.resolveQuery(JpaQueryLookupStrategy.java:118) ~[spring-data-jpa-4.1.1.jar:4.1.1]
	at org.springframework.data.jpa.repository.query.JpaQueryLookupStrategy$CreateIfNotFoundQueryLookupStrategy.resolveQuery(JpaQueryLookupStrategy.java:291) ~[spring-data-jpa-4.1.1.jar:4.1.1]
	at org.springframework.data.jpa.repository.query.JpaQueryLookupStrategy$AbstractQueryLookupStrategy.resolveQuery(JpaQueryLookupStrategy.java:93) ~[spring-data-jpa-4.1.1.jar:4.1.1]
	at org.springframework.data.repository.core.support.QueryExecutorMethodInterceptor.lookupQuery(QueryExecutorMethodInterceptor.java:114) ~[spring-data-commons-4.1.1.jar:4.1.1]
	at org.springframework.data.repository.core.support.QueryExecutorMethodInterceptor.mapMethodsToQuery(QueryExecutorMethodInterceptor.java:102) ~[spring-data-commons-4.1.1.jar:4.1.1]
	at org.springframework.data.repository.core.support.QueryExecutorMethodInterceptor.<init>(QueryExecutorMethodInterceptor.java:90) ~[spring-data-commons-4.1.1.jar:4.1.1]
	at org.springframework.data.repository.core.support.RepositoryFactorySupport.getRepository(RepositoryFactorySupport.java:413) ~[spring-data-commons-4.1.1.jar:4.1.1]
	at org.springframework.data.repository.core.support.RepositoryFactoryBeanSupport.lambda$afterPropertiesSet$1(RepositoryFactoryBeanSupport.java:361) ~[spring-data-commons-4.1.1.jar:4.1.1]
	at org.springframework.data.util.Lazy.getNullable(Lazy.java:136) ~[spring-data-commons-4.1.1.jar:4.1.1]
	at org.springframework.data.util.Lazy.get(Lazy.java:114) ~[spring-data-commons-4.1.1.jar:4.1.1]
	at org.springframework.data.repository.core.support.RepositoryFactoryBeanSupport.afterPropertiesSet(RepositoryFactoryBeanSupport.java:370) ~[spring-data-commons-4.1.1.jar:4.1.1]
	at org.springframework.data.jpa.repository.support.JpaRepositoryFactoryBean.afterPropertiesSet(JpaRepositoryFactoryBean.java:212) ~[spring-data-jpa-4.1.1.jar:4.1.1]
	at org.springframework.beans.factory.support.AbstractAutowireCapableBeanFactory.invokeInitMethods(AbstractAutowireCapableBeanFactory.java:1862) ~[spring-beans-7.0.9.jar:7.0.9]
	at org.springframework.beans.factory.support.AbstractAutowireCapableBeanFactory.initializeBean(AbstractAutowireCapableBeanFactory.java:1811) ~[spring-beans-7.0.9.jar:7.0.9]
	... 49 common frames omitted
Caused by: org.springframework.data.core.PropertyReferenceException: No property 'playerClubsclubname' found for type 'Player'
	at org.springframework.data.core.SimplePropertyPath.<init>(SimplePropertyPath.java:94) ~[spring-data-commons-4.1.1.jar:4.1.1]
	at org.springframework.data.core.SimplePropertyPath.create(SimplePropertyPath.java:322) ~[spring-data-commons-4.1.1.jar:4.1.1]
	at org.springframework.data.core.SimplePropertyPath.create(SimplePropertyPath.java:297) ~[spring-data-commons-4.1.1.jar:4.1.1]
	at org.springframework.data.core.SimplePropertyPath.lambda$from$0(SimplePropertyPath.java:250) ~[spring-data-commons-4.1.1.jar:4.1.1]
	at org.springframework.util.ConcurrentReferenceHashMap$6.execute(ConcurrentReferenceHashMap.java:387) ~[spring-core-7.0.9.jar:7.0.9]
	at org.springframework.util.ConcurrentReferenceHashMap$Segment.doTask(ConcurrentReferenceHashMap.java:688) ~[spring-core-7.0.9.jar:7.0.9]
	at org.springframework.util.ConcurrentReferenceHashMap.doTask(ConcurrentReferenceHashMap.java:572) ~[spring-core-7.0.9.jar:7.0.9]
	at org.springframework.util.ConcurrentReferenceHashMap.computeIfAbsent(ConcurrentReferenceHashMap.java:381) ~[spring-core-7.0.9.jar:7.0.9]
	at org.springframework.data.core.SimplePropertyPath.from(SimplePropertyPath.java:228) ~[spring-data-commons-4.1.1.jar:4.1.1]
	at org.springframework.data.core.PropertyPath.from(PropertyPath.java:264) ~[spring-data-commons-4.1.1.jar:4.1.1]
	at org.springframework.data.core.PropertyPath.from(PropertyPath.java:247) ~[spring-data-commons-4.1.1.jar:4.1.1]
	at org.springframework.data.repository.query.parser.Part.<init>(Part.java:81) ~[spring-data-commons-4.1.1.jar:4.1.1]
	at org.springframework.data.repository.query.parser.PartTree$OrPart.lambda$new$0(PartTree.java:260) ~[spring-data-commons-4.1.1.jar:4.1.1]
	at java.base/java.util.stream.ReferencePipeline$3$1.accept(ReferencePipeline.java:215) ~[na:na]
	at java.base/java.util.stream.ReferencePipeline$2$1.accept(ReferencePipeline.java:197) ~[na:na]
	at java.base/java.util.Spliterators$ArraySpliterator.forEachRemaining(Spliterators.java:1024) ~[na:na]
	at java.base/java.util.stream.AbstractPipeline.copyInto(AbstractPipeline.java:570) ~[na:na]
	at java.base/java.util.stream.AbstractPipeline.wrapAndCopyInto(AbstractPipeline.java:560) ~[na:na]
	at java.base/java.util.stream.ReduceOps$ReduceOp.evaluateSequential(ReduceOps.java:921) ~[na:na]
	at java.base/java.util.stream.AbstractPipeline.evaluate(AbstractPipeline.java:265) ~[na:na]
	at java.base/java.util.stream.ReferencePipeline.collect(ReferencePipeline.java:727) ~[na:na]
	at org.springframework.data.repository.query.parser.PartTree$OrPart.<init>(PartTree.java:261) ~[spring-data-commons-4.1.1.jar:4.1.1]
	at org.springframework.data.repository.query.parser.PartTree$Predicate.lambda$new$0(PartTree.java:390) ~[spring-data-commons-4.1.1.jar:4.1.1]
	at java.base/java.util.stream.ReferencePipeline$3$1.accept(ReferencePipeline.java:215) ~[na:na]
	at java.base/java.util.stream.ReferencePipeline$2$1.accept(ReferencePipeline.java:197) ~[na:na]
	at java.base/java.util.Spliterators$ArraySpliterator.forEachRemaining(Spliterators.java:1024) ~[na:na]
	at java.base/java.util.stream.AbstractPipeline.copyInto(AbstractPipeline.java:570) ~[na:na]
	at java.base/java.util.stream.AbstractPipeline.wrapAndCopyInto(AbstractPipeline.java:560) ~[na:na]
	at java.base/java.util.stream.ReduceOps$ReduceOp.evaluateSequential(ReduceOps.java:921) ~[na:na]
	at java.base/java.util.stream.AbstractPipeline.evaluate(AbstractPipeline.java:265) ~[na:na]
	at java.base/java.util.stream.ReferencePipeline.collect(ReferencePipeline.java:727) ~[na:na]
	at org.springframework.data.repository.query.parser.PartTree$Predicate.<init>(PartTree.java:391) ~[spring-data-commons-4.1.1.jar:4.1.1]
	at org.springframework.data.repository.query.parser.PartTree.<init>(PartTree.java:104) ~[spring-data-commons-4.1.1.jar:4.1.1]
	at org.springframework.data.jpa.repository.query.PartTreeJpaQuery.<init>(PartTreeJpaQuery.java:108) ~[spring-data-jpa-4.1.1.jar:4.1.1]
	... 63 common frames omitted

2026-09-23 10:39:45.719  INFO 18080 --- [fifa] [restartedMain] com.example.demo.DemoApplication         : Starting DemoApplication using Java 24.0.2 with PID 18080 (C:\Users\flore\Documents\UNIVERSIDAD\Sexto Semestre\Compunet 2\SpringBoot\PreParcial_CopaMundial\demo\target\classes started by flore in C:\Users\flore\Documents\UNIVERSIDAD\Sexto Semestre\Compunet 2\SpringBoot\PreParcial_CopaMundial\demo)
2026-09-23 10:39:45.722  INFO 18080 --- [fifa] [restartedMain] com.example.demo.DemoApplication         : The following 1 profile is active: "dev"
2026-09-23 10:39:45.771  INFO 18080 --- [fifa] [restartedMain] .e.DevToolsPropertyDefaultsPostProcessor : Devtools property defaults active! Set 'spring.devtools.add-properties' to 'false' to disable
2026-09-23 10:39:45.771  INFO 18080 --- [fifa] [restartedMain] .e.DevToolsPropertyDefaultsPostProcessor : For additional web related logging consider setting the 'logging.level.web' property to 'DEBUG'
2026-09-23 10:39:46.340  INFO 18080 --- [fifa] [restartedMain] .s.d.r.c.RepositoryConfigurationDelegate : Bootstrapping Spring Data JPA repositories in DEFAULT mode.
2026-09-23 10:39:46.407  INFO 18080 --- [fifa] [restartedMain] .s.d.r.c.RepositoryConfigurationDelegate : Finished Spring Data repository scanning in 59 ms. Found 5 JPA repository interfaces.
2026-09-23 10:39:46.869  INFO 18080 --- [fifa] [restartedMain] o.s.boot.tomcat.TomcatWebServer          : Tomcat initialized with port 8081 (http)
2026-09-23 10:39:46.884  INFO 18080 --- [fifa] [restartedMain] o.apache.catalina.core.StandardService   : Starting service [Tomcat]
2026-09-23 10:39:46.885  INFO 18080 --- [fifa] [restartedMain] o.apache.catalina.core.StandardEngine    : Starting Servlet engine: [Apache Tomcat/11.0.24]
2026-09-23 10:39:46.930  INFO 18080 --- [fifa] [restartedMain] b.w.c.s.WebApplicationContextInitializer : Root WebApplicationContext: initialization completed in 1159 ms
2026-09-23 10:39:47.079  INFO 18080 --- [fifa] [restartedMain] org.hibernate.orm.jpa                    : HHH008540: Processing PersistenceUnitInfo [name: default]
2026-09-23 10:39:47.133  INFO 18080 --- [fifa] [restartedMain] org.hibernate.orm.core                   : HHH000001: Hibernate ORM core version 7.4.5.Final
2026-09-23 10:39:47.576  INFO 18080 --- [fifa] [restartedMain] o.s.o.j.p.SpringPersistenceUnitInfo      : No LoadTimeWeaver setup: ignoring JPA class transformer
2026-09-23 10:39:47.610  INFO 18080 --- [fifa] [restartedMain] com.zaxxer.hikari.HikariDataSource       : HikariPool-1 - Starting...
2026-09-23 10:39:47.770  INFO 18080 --- [fifa] [restartedMain] com.zaxxer.hikari.pool.HikariPool        : HikariPool-1 - Added connection conn0: url=jdbc:h2:mem:db-kevin user=POSTGRES
2026-09-23 10:39:47.772  INFO 18080 --- [fifa] [restartedMain] com.zaxxer.hikari.HikariDataSource       : HikariPool-1 - Start completed.
2026-09-23 10:39:47.828  INFO 18080 --- [fifa] [restartedMain] org.hibernate.orm.connections.pooling    : HHH10001005: Database info:
	Database JDBC URL [jdbc:h2:mem:db-kevin]
	Database driver: H2 JDBC Driver
	Database dialect: H2Dialect
	Database version: 2.4.240
	Default catalog/schema: DB-KEVIN/PUBLIC
	Autocommit mode: undefined/unknown
	Isolation level: READ_COMMITTED [default READ_COMMITTED]
	JDBC fetch size: 100
	Pool: DataSourceConnectionProvider
	Minimum pool size: undefined/unknown
	Maximum pool size: undefined/unknown
2026-09-23 10:39:48.720  INFO 18080 --- [fifa] [restartedMain] org.hibernate.orm.core                   : HHH000489: No JTA platform available (set 'hibernate.transaction.jta.platform' to enable JTA platform integration)
2026-09-23 10:39:48.785  INFO 18080 --- [fifa] [restartedMain] j.LocalContainerEntityManagerFactoryBean : Initialized JPA EntityManagerFactory for persistence unit 'default'
2026-09-23 10:39:48.859  INFO 18080 --- [fifa] [restartedMain] o.s.d.j.r.query.QueryEnhancerFactories   : Hibernate is in classpath; If applicable, HQL parser will be used.
2026-09-23 10:39:49.079  WARN 18080 --- [fifa] [restartedMain] JpaBaseConfiguration$JpaWebConfiguration : spring.jpa.open-in-view is enabled by default. Therefore, database queries may be performed during view rendering. Explicitly configure spring.jpa.open-in-view to disable this warning
2026-09-23 10:39:49.348  INFO 18080 --- [fifa] [restartedMain] o.s.b.h.a.H2ConsoleAutoConfiguration     : H2 console available at '/h2-console'. Database available at 'jdbc:h2:mem:db-kevin'
2026-09-23 10:39:49.414  INFO 18080 --- [fifa] [restartedMain] o.s.boot.tomcat.TomcatWebServer          : Tomcat started on port 8081 (http) with context path '/fifaparcial'
2026-09-23 10:39:49.419  INFO 18080 --- [fifa] [restartedMain] com.example.demo.DemoApplication         : Started DemoApplication in 4.142 seconds (process running for 4.592)
2026-09-23 10:40:04.292  INFO 18080 --- [fifa] [http-nio-8081-exec-1] o.a.c.c.C.[.[localhost].[/fifaparcial]   : Initializing Spring DispatcherServlet 'dispatcherServlet'
2026-09-23 10:40:04.292  INFO 18080 --- [fifa] [http-nio-8081-exec-1] o.s.web.servlet.DispatcherServlet        : Initializing Servlet 'dispatcherServlet'
2026-09-23 10:40:04.294  INFO 18080 --- [fifa] [http-nio-8081-exec-1] o.s.web.servlet.DispatcherServlet        : Completed initialization in 0 ms
2026-09-23 10:40:38.860  INFO 18080 --- [fifa] [File Watcher] rtingClassPathChangeChangedEventListener : Restarting due to 1 class path change (0 additions, 0 deletions, 1 modification)
2026-09-23 10:40:38.864  INFO 18080 --- [fifa] [Thread-1] o.s.boot.tomcat.GracefulShutdown         : Commencing graceful shutdown. Waiting for active requests to complete
2026-09-23 10:40:38.889  INFO 18080 --- [fifa] [tomcat-shutdown] o.s.boot.tomcat.GracefulShutdown         : Graceful shutdown complete
2026-09-23 10:40:38.893  INFO 18080 --- [fifa] [Thread-1] j.LocalContainerEntityManagerFactoryBean : Closing JPA EntityManagerFactory for persistence unit 'default'
2026-09-23 10:40:38.901  WARN 18080 --- [fifa] [Thread-1] o.s.b.f.support.DisposableBeanAdapter    : Invocation of destroy method failed on bean with name 'inMemoryDatabaseShutdownExecutor': org.h2.jdbc.JdbcSQLNonTransientConnectionException: La base de datos ya esta cerrada (para des-habilitar el cerrado automatico durante el shutdown de la VM, agregue ";DB_CLOSE_ON_EXIT=FALSE" a la URL de conexión)
Database is already closed (to disable automatic closing at VM shutdown, add ";DB_CLOSE_ON_EXIT=FALSE" to the db URL) [90121-240]
2026-09-23 10:40:38.902  INFO 18080 --- [fifa] [Thread-1] com.zaxxer.hikari.HikariDataSource       : HikariPool-1 - Shutdown initiated...
2026-09-23 10:40:38.903  INFO 18080 --- [fifa] [Thread-1] com.zaxxer.hikari.HikariDataSource       : HikariPool-1 - Shutdown completed.
2026-09-23 10:40:39.006  INFO 18080 --- [fifa] [restartedMain] com.example.demo.DemoApplication         : Starting DemoApplication using Java 24.0.2 with PID 18080 (C:\Users\flore\Documents\UNIVERSIDAD\Sexto Semestre\Compunet 2\SpringBoot\PreParcial_CopaMundial\demo\target\classes started by flore in C:\Users\flore\Documents\UNIVERSIDAD\Sexto Semestre\Compunet 2\SpringBoot\PreParcial_CopaMundial\demo)
2026-09-23 10:40:39.007  INFO 18080 --- [fifa] [restartedMain] com.example.demo.DemoApplication         : The following 1 profile is active: "dev"
2026-09-23 10:40:39.172  INFO 18080 --- [fifa] [restartedMain] .s.d.r.c.RepositoryConfigurationDelegate : Bootstrapping Spring Data JPA repositories in DEFAULT mode.
2026-09-23 10:40:39.201  INFO 18080 --- [fifa] [restartedMain] .s.d.r.c.RepositoryConfigurationDelegate : Finished Spring Data repository scanning in 27 ms. Found 5 JPA repository interfaces.
2026-09-23 10:40:39.297  INFO 18080 --- [fifa] [restartedMain] o.s.boot.tomcat.TomcatWebServer          : Tomcat initialized with port 8081 (http)
2026-09-23 10:40:39.298  INFO 18080 --- [fifa] [restartedMain] o.apache.catalina.core.StandardService   : Starting service [Tomcat]
2026-09-23 10:40:39.299  INFO 18080 --- [fifa] [restartedMain] o.apache.catalina.core.StandardEngine    : Starting Servlet engine: [Apache Tomcat/11.0.24]
2026-09-23 10:40:39.328  INFO 18080 --- [fifa] [restartedMain] b.w.c.s.WebApplicationContextInitializer : Root WebApplicationContext: initialization completed in 319 ms
2026-09-23 10:40:39.363  INFO 18080 --- [fifa] [restartedMain] org.hibernate.orm.jpa                    : HHH008540: Processing PersistenceUnitInfo [name: default]
2026-09-23 10:40:39.399  INFO 18080 --- [fifa] [restartedMain] o.s.o.j.p.SpringPersistenceUnitInfo      : No LoadTimeWeaver setup: ignoring JPA class transformer
2026-09-23 10:40:39.401  INFO 18080 --- [fifa] [restartedMain] com.zaxxer.hikari.HikariDataSource       : HikariPool-2 - Starting...
2026-09-23 10:40:39.402  INFO 18080 --- [fifa] [restartedMain] com.zaxxer.hikari.pool.HikariPool        : HikariPool-2 - Added connection conn5: url=jdbc:h2:mem:db-kevin user=POSTGRES
2026-09-23 10:40:39.403  INFO 18080 --- [fifa] [restartedMain] com.zaxxer.hikari.HikariDataSource       : HikariPool-2 - Start completed.
2026-09-23 10:40:39.404  INFO 18080 --- [fifa] [restartedMain] org.hibernate.orm.connections.pooling    : HHH10001005: Database info:
	Database JDBC URL [jdbc:h2:mem:db-kevin]
	Database driver: H2 JDBC Driver
	Database dialect: H2Dialect
	Database version: 2.4.240
	Default catalog/schema: DB-KEVIN/PUBLIC
	Autocommit mode: undefined/unknown
	Isolation level: READ_COMMITTED [default READ_COMMITTED]
	JDBC fetch size: 100
	Pool: DataSourceConnectionProvider
	Minimum pool size: undefined/unknown
	Maximum pool size: undefined/unknown
2026-09-23 10:40:39.505  INFO 18080 --- [fifa] [restartedMain] org.hibernate.orm.core                   : HHH000489: No JTA platform available (set 'hibernate.transaction.jta.platform' to enable JTA platform integration)
2026-09-23 10:40:39.516  INFO 18080 --- [fifa] [restartedMain] j.LocalContainerEntityManagerFactoryBean : Initialized JPA EntityManagerFactory for persistence unit 'default'
2026-09-23 10:40:39.600  WARN 18080 --- [fifa] [restartedMain] JpaBaseConfiguration$JpaWebConfiguration : spring.jpa.open-in-view is enabled by default. Therefore, database queries may be performed during view rendering. Explicitly configure spring.jpa.open-in-view to disable this warning
2026-09-23 10:40:39.658  INFO 18080 --- [fifa] [restartedMain] o.s.b.h.a.H2ConsoleAutoConfiguration     : H2 console available at '/h2-console'. Database available at 'jdbc:h2:mem:db-kevin'
2026-09-23 10:40:39.667  WARN 18080 --- [fifa] [restartedMain] ConfigServletWebServerApplicationContext : Exception encountered during context initialization - cancelling refresh attempt: org.springframework.beans.factory.BeanCreationException: Error creating bean with name 'dataSourceScriptDatabaseInitializer' defined in class path resource [org/springframework/boot/jdbc/autoconfigure/DataSourceInitializationAutoConfiguration.class]: Failed to execute SQL script statement #16 of file [C:\Users\flore\Documents\UNIVERSIDAD\Sexto Semestre\Compunet 2\SpringBoot\PreParcial_CopaMundial\demo\target\classes\data.sql]: INSERT INTO player_club(player_id, club_id, start_date, end_date) VALUES (3, 3, CURRENT_TIMESTAMP, CURRENT_TIMESTAMP)
2026-09-23 10:40:39.668  INFO 18080 --- [fifa] [restartedMain] j.LocalContainerEntityManagerFactoryBean : Closing JPA EntityManagerFactory for persistence unit 'default'
2026-09-23 10:40:39.671  WARN 18080 --- [fifa] [restartedMain] o.s.b.f.support.DisposableBeanAdapter    : Invocation of destroy method failed on bean with name 'inMemoryDatabaseShutdownExecutor': org.h2.jdbc.JdbcSQLNonTransientConnectionException: La base de datos ya esta cerrada (para des-habilitar el cerrado automatico durante el shutdown de la VM, agregue ";DB_CLOSE_ON_EXIT=FALSE" a la URL de conexión)
Database is already closed (to disable automatic closing at VM shutdown, add ";DB_CLOSE_ON_EXIT=FALSE" to the db URL) [90121-240]
2026-09-23 10:40:39.672  INFO 18080 --- [fifa] [restartedMain] com.zaxxer.hikari.HikariDataSource       : HikariPool-2 - Shutdown initiated...
2026-09-23 10:40:39.672  INFO 18080 --- [fifa] [restartedMain] com.zaxxer.hikari.HikariDataSource       : HikariPool-2 - Shutdown completed.
2026-09-23 10:40:39.673  INFO 18080 --- [fifa] [restartedMain] o.apache.catalina.core.StandardService   : Stopping service [Tomcat]
2026-09-23 10:40:39.680  INFO 18080 --- [fifa] [restartedMain] .s.b.a.l.ConditionEvaluationReportLogger : 

Error starting ApplicationContext. To display the condition evaluation report re-run your application with 'debug' enabled.
2026-09-23 10:40:39.695 ERROR 18080 --- [fifa] [restartedMain] o.s.boot.SpringApplication               : Application run failed

org.springframework.beans.factory.BeanCreationException: Error creating bean with name 'dataSourceScriptDatabaseInitializer' defined in class path resource [org/springframework/boot/jdbc/autoconfigure/DataSourceInitializationAutoConfiguration.class]: Failed to execute SQL script statement #16 of file [C:\Users\flore\Documents\UNIVERSIDAD\Sexto Semestre\Compunet 2\SpringBoot\PreParcial_CopaMundial\demo\target\classes\data.sql]: INSERT INTO player_club(player_id, club_id, start_date, end_date) VALUES (3, 3, CURRENT_TIMESTAMP, CURRENT_TIMESTAMP)
	at org.springframework.beans.factory.support.AbstractAutowireCapableBeanFactory.initializeBean(AbstractAutowireCapableBeanFactory.java:1815) ~[spring-beans-7.0.9.jar:7.0.9]
	at org.springframework.beans.factory.support.AbstractAutowireCapableBeanFactory.doCreateBean(AbstractAutowireCapableBeanFactory.java:603) ~[spring-beans-7.0.9.jar:7.0.9]
	at org.springframework.beans.factory.support.AbstractAutowireCapableBeanFactory.createBean(AbstractAutowireCapableBeanFactory.java:525) ~[spring-beans-7.0.9.jar:7.0.9]
	at org.springframework.beans.factory.support.AbstractBeanFactory.lambda$doGetBean$0(AbstractBeanFactory.java:333) ~[spring-beans-7.0.9.jar:7.0.9]
	at org.springframework.beans.factory.support.DefaultSingletonBeanRegistry.getSingleton(DefaultSingletonBeanRegistry.java:371) ~[spring-beans-7.0.9.jar:7.0.9]
	at org.springframework.beans.factory.support.AbstractBeanFactory.doGetBean(AbstractBeanFactory.java:331) ~[spring-beans-7.0.9.jar:7.0.9]
	at org.springframework.beans.factory.support.AbstractBeanFactory.getBean(AbstractBeanFactory.java:196) ~[spring-beans-7.0.9.jar:7.0.9]
	at org.springframework.beans.factory.support.DefaultListableBeanFactory.instantiateSingleton(DefaultListableBeanFactory.java:1225) ~[spring-beans-7.0.9.jar:7.0.9]
	at org.springframework.beans.factory.support.DefaultListableBeanFactory.preInstantiateSingleton(DefaultListableBeanFactory.java:1191) ~[spring-beans-7.0.9.jar:7.0.9]
	at org.springframework.beans.factory.support.DefaultListableBeanFactory.preInstantiateSingletons(DefaultListableBeanFactory.java:1121) ~[spring-beans-7.0.9.jar:7.0.9]
	at org.springframework.context.support.AbstractApplicationContext.finishBeanFactoryInitialization(AbstractApplicationContext.java:994) ~[spring-context-7.0.9.jar:7.0.9]
	at org.springframework.context.support.AbstractApplicationContext.refresh(AbstractApplicationContext.java:621) ~[spring-context-7.0.9.jar:7.0.9]
	at org.springframework.boot.web.server.servlet.context.ServletWebServerApplicationContext.refresh(ServletWebServerApplicationContext.java:143) ~[spring-boot-web-server-4.1.1.jar:4.1.1]
	at org.springframework.boot.SpringApplication.refresh(SpringApplication.java:756) ~[spring-boot-4.1.1.jar:4.1.1]
	at org.springframework.boot.SpringApplication.refreshContext(SpringApplication.java:445) ~[spring-boot-4.1.1.jar:4.1.1]
	at org.springframework.boot.SpringApplication.run(SpringApplication.java:321) ~[spring-boot-4.1.1.jar:4.1.1]
	at org.springframework.boot.SpringApplication.run(SpringApplication.java:1365) ~[spring-boot-4.1.1.jar:4.1.1]
	at org.springframework.boot.SpringApplication.run(SpringApplication.java:1354) ~[spring-boot-4.1.1.jar:4.1.1]
	at com.example.demo.DemoApplication.main(DemoApplication.java:10) ~[classes/:na]
	at java.base/jdk.internal.reflect.DirectMethodHandleAccessor.invoke(DirectMethodHandleAccessor.java:104) ~[na:na]
	at java.base/java.lang.reflect.Method.invoke(Method.java:565) ~[na:na]
	at org.springframework.boot.devtools.restart.RestartLauncher.run(RestartLauncher.java:52) ~[spring-boot-devtools-4.1.1.jar:4.1.1]
Caused by: org.springframework.jdbc.datasource.init.ScriptStatementFailedException: Failed to execute SQL script statement #16 of file [C:\Users\flore\Documents\UNIVERSIDAD\Sexto Semestre\Compunet 2\SpringBoot\PreParcial_CopaMundial\demo\target\classes\data.sql]: INSERT INTO player_club(player_id, club_id, start_date, end_date) VALUES (3, 3, CURRENT_TIMESTAMP, CURRENT_TIMESTAMP)
	at org.springframework.jdbc.datasource.init.ScriptUtils.executeSqlScript(ScriptUtils.java:293) ~[spring-jdbc-7.0.9.jar:7.0.9]
	at org.springframework.jdbc.datasource.init.ResourceDatabasePopulator.populate(ResourceDatabasePopulator.java:254) ~[spring-jdbc-7.0.9.jar:7.0.9]
	at org.springframework.jdbc.datasource.init.DatabasePopulatorUtils.execute(DatabasePopulatorUtils.java:54) ~[spring-jdbc-7.0.9.jar:7.0.9]
	at org.springframework.boot.jdbc.init.DataSourceScriptDatabaseInitializer.runScripts(DataSourceScriptDatabaseInitializer.java:87) ~[spring-boot-jdbc-4.1.1.jar:4.1.1]
	at org.springframework.boot.sql.init.AbstractScriptDatabaseInitializer.runScripts(AbstractScriptDatabaseInitializer.java:159) ~[spring-boot-sql-4.1.1.jar:4.1.1]
	at org.springframework.boot.sql.init.AbstractScriptDatabaseInitializer.applyScripts(AbstractScriptDatabaseInitializer.java:120) ~[spring-boot-sql-4.1.1.jar:4.1.1]
	at org.springframework.boot.sql.init.AbstractScriptDatabaseInitializer.applyDataScripts(AbstractScriptDatabaseInitializer.java:113) ~[spring-boot-sql-4.1.1.jar:4.1.1]
	at org.springframework.boot.sql.init.AbstractScriptDatabaseInitializer.initializeDatabase(AbstractScriptDatabaseInitializer.java:88) ~[spring-boot-sql-4.1.1.jar:4.1.1]
	at org.springframework.boot.sql.init.AbstractScriptDatabaseInitializer.afterPropertiesSet(AbstractScriptDatabaseInitializer.java:77) ~[spring-boot-sql-4.1.1.jar:4.1.1]
	at org.springframework.beans.factory.support.AbstractAutowireCapableBeanFactory.invokeInitMethods(AbstractAutowireCapableBeanFactory.java:1862) ~[spring-beans-7.0.9.jar:7.0.9]
	at org.springframework.beans.factory.support.AbstractAutowireCapableBeanFactory.initializeBean(AbstractAutowireCapableBeanFactory.java:1811) ~[spring-beans-7.0.9.jar:7.0.9]
	... 21 common frames omitted
Caused by: org.h2.jdbc.JdbcSQLIntegrityConstraintViolationException: Violación de indice de Unicidad ó Clave primaria: "PUBLIC.CONSTRAINT_A INDEX PUBLIC.PRIMARY_KEY_A ON PUBLIC.PLAYER_CLUB(CLUB_ID, PLAYER_ID, START_DATE) VALUES ( /* key:3 */ 3, 3, TIMESTAMP '2026-09-23 10:40:39.665791')"
Unique index or primary key violation: "PUBLIC.CONSTRAINT_A INDEX PUBLIC.PRIMARY_KEY_A ON PUBLIC.PLAYER_CLUB(CLUB_ID, PLAYER_ID, START_DATE) VALUES ( /* key:3 */ 3, 3, TIMESTAMP '2026-09-23 10:40:39.665791')"; SQL statement:
INSERT INTO player_club(player_id, club_id, start_date, end_date) VALUES (3, 3, CURRENT_TIMESTAMP, CURRENT_TIMESTAMP) [23505-240]
	at org.h2.message.DbException.getJdbcSQLException(DbException.java:520) ~[h2-2.4.240.jar:2.4.240]
	at org.h2.message.DbException.getJdbcSQLException(DbException.java:489) ~[h2-2.4.240.jar:2.4.240]
	at org.h2.message.DbException.get(DbException.java:223) ~[h2-2.4.240.jar:2.4.240]
	at org.h2.message.DbException.get(DbException.java:199) ~[h2-2.4.240.jar:2.4.240]
	at org.h2.index.Index.getDuplicateKeyException(Index.java:535) ~[h2-2.4.240.jar:2.4.240]
	at org.h2.mvstore.db.MVSecondaryIndex.checkUnique(MVSecondaryIndex.java:223) ~[h2-2.4.240.jar:2.4.240]
	at org.h2.mvstore.db.MVSecondaryIndex.add(MVSecondaryIndex.java:184) ~[h2-2.4.240.jar:2.4.240]
	at org.h2.mvstore.db.MVTable.addRow(MVTable.java:520) ~[h2-2.4.240.jar:2.4.240]
	at org.h2.command.dml.Insert.insertRows(Insert.java:174) ~[h2-2.4.240.jar:2.4.240]
	at org.h2.command.dml.Insert.update(Insert.java:135) ~[h2-2.4.240.jar:2.4.240]
	at org.h2.command.dml.DataChangeStatement.update(DataChangeStatement.java:77) ~[h2-2.4.240.jar:2.4.240]
	at org.h2.command.CommandContainer.update(CommandContainer.java:139) ~[h2-2.4.240.jar:2.4.240]
	at org.h2.command.Command.executeUpdate(Command.java:306) ~[h2-2.4.240.jar:2.4.240]
	at org.h2.command.Command.executeUpdate(Command.java:250) ~[h2-2.4.240.jar:2.4.240]
	at org.h2.jdbc.JdbcStatement.executeInternal(JdbcStatement.java:262) ~[h2-2.4.240.jar:2.4.240]
	at org.h2.jdbc.JdbcStatement.execute(JdbcStatement.java:231) ~[h2-2.4.240.jar:2.4.240]
	at com.zaxxer.hikari.pool.ProxyStatement.execute(ProxyStatement.java:95) ~[HikariCP-7.0.2.jar:na]
	at com.zaxxer.hikari.pool.HikariProxyStatement.execute(HikariProxyStatement.java) ~[HikariCP-7.0.2.jar:na]
	at org.springframework.jdbc.datasource.init.ScriptUtils.executeSqlScript(ScriptUtils.java:261) ~[spring-jdbc-7.0.9.jar:7.0.9]
	... 31 common frames omitted

2026-09-23 10:40:46.231  INFO 18080 --- [fifa] [restartedMain] com.example.demo.DemoApplication         : Starting DemoApplication using Java 24.0.2 with PID 18080 (C:\Users\flore\Documents\UNIVERSIDAD\Sexto Semestre\Compunet 2\SpringBoot\PreParcial_CopaMundial\demo\target\classes started by flore in C:\Users\flore\Documents\UNIVERSIDAD\Sexto Semestre\Compunet 2\SpringBoot\PreParcial_CopaMundial\demo)
2026-09-23 10:40:46.231  INFO 18080 --- [fifa] [restartedMain] com.example.demo.DemoApplication         : The following 1 profile is active: "dev"
2026-09-23 10:40:46.380  INFO 18080 --- [fifa] [restartedMain] .s.d.r.c.RepositoryConfigurationDelegate : Bootstrapping Spring Data JPA repositories in DEFAULT mode.
2026-09-23 10:40:46.400  INFO 18080 --- [fifa] [restartedMain] .s.d.r.c.RepositoryConfigurationDelegate : Finished Spring Data repository scanning in 18 ms. Found 5 JPA repository interfaces.
2026-09-23 10:40:46.459  INFO 18080 --- [fifa] [restartedMain] o.s.boot.tomcat.TomcatWebServer          : Tomcat initialized with port 8081 (http)
2026-09-23 10:40:46.460  INFO 18080 --- [fifa] [restartedMain] o.apache.catalina.core.StandardService   : Starting service [Tomcat]
2026-09-23 10:40:46.460  INFO 18080 --- [fifa] [restartedMain] o.apache.catalina.core.StandardEngine    : Starting Servlet engine: [Apache Tomcat/11.0.24]
2026-09-23 10:40:46.481  INFO 18080 --- [fifa] [restartedMain] b.w.c.s.WebApplicationContextInitializer : Root WebApplicationContext: initialization completed in 248 ms
2026-09-23 10:40:46.517  INFO 18080 --- [fifa] [restartedMain] org.hibernate.orm.jpa                    : HHH008540: Processing PersistenceUnitInfo [name: default]
2026-09-23 10:40:46.549  INFO 18080 --- [fifa] [restartedMain] o.s.o.j.p.SpringPersistenceUnitInfo      : No LoadTimeWeaver setup: ignoring JPA class transformer
2026-09-23 10:40:46.550  INFO 18080 --- [fifa] [restartedMain] com.zaxxer.hikari.HikariDataSource       : HikariPool-3 - Starting...
2026-09-23 10:40:46.552  INFO 18080 --- [fifa] [restartedMain] com.zaxxer.hikari.pool.HikariPool        : HikariPool-3 - Added connection conn10: url=jdbc:h2:mem:db-kevin user=POSTGRES
2026-09-23 10:40:46.552  INFO 18080 --- [fifa] [restartedMain] com.zaxxer.hikari.HikariDataSource       : HikariPool-3 - Start completed.
2026-09-23 10:40:46.553  INFO 18080 --- [fifa] [restartedMain] org.hibernate.orm.connections.pooling    : HHH10001005: Database info:
	Database JDBC URL [jdbc:h2:mem:db-kevin]
	Database driver: H2 JDBC Driver
	Database dialect: H2Dialect
	Database version: 2.4.240
	Default catalog/schema: DB-KEVIN/PUBLIC
	Autocommit mode: undefined/unknown
	Isolation level: READ_COMMITTED [default READ_COMMITTED]
	JDBC fetch size: 100
	Pool: DataSourceConnectionProvider
	Minimum pool size: undefined/unknown
	Maximum pool size: undefined/unknown
2026-09-23 10:40:46.643  INFO 18080 --- [fifa] [restartedMain] org.hibernate.orm.core                   : HHH000489: No JTA platform available (set 'hibernate.transaction.jta.platform' to enable JTA platform integration)
2026-09-23 10:40:46.654  INFO 18080 --- [fifa] [restartedMain] j.LocalContainerEntityManagerFactoryBean : Initialized JPA EntityManagerFactory for persistence unit 'default'
2026-09-23 10:40:46.726  WARN 18080 --- [fifa] [restartedMain] JpaBaseConfiguration$JpaWebConfiguration : spring.jpa.open-in-view is enabled by default. Therefore, database queries may be performed during view rendering. Explicitly configure spring.jpa.open-in-view to disable this warning
2026-09-23 10:40:46.780  INFO 18080 --- [fifa] [restartedMain] o.s.b.h.a.H2ConsoleAutoConfiguration     : H2 console available at '/h2-console'. Database available at 'jdbc:h2:mem:db-kevin'
2026-09-23 10:40:46.798  INFO 18080 --- [fifa] [restartedMain] o.s.boot.tomcat.TomcatWebServer          : Tomcat started on port 8081 (http) with context path '/fifaparcial'
2026-09-23 10:40:46.801  INFO 18080 --- [fifa] [restartedMain] com.example.demo.DemoApplication         : Started DemoApplication in 0.597 seconds (process running for 61.973)
2026-09-23 10:40:46.802  INFO 18080 --- [fifa] [restartedMain] .ConditionEvaluationDeltaLoggingListener : Condition evaluation unchanged
2026-09-23 10:40:57.344  INFO 18080 --- [fifa] [File Watcher] rtingClassPathChangeChangedEventListener : Restarting due to 1 class path change (0 additions, 0 deletions, 1 modification)
2026-09-23 10:40:57.345  INFO 18080 --- [fifa] [Thread-5] o.s.boot.tomcat.GracefulShutdown         : Commencing graceful shutdown. Waiting for active requests to complete
2026-09-23 10:40:57.370  INFO 18080 --- [fifa] [tomcat-shutdown] o.s.boot.tomcat.GracefulShutdown         : Graceful shutdown complete
2026-09-23 10:40:57.371  INFO 18080 --- [fifa] [Thread-5] j.LocalContainerEntityManagerFactoryBean : Closing JPA EntityManagerFactory for persistence unit 'default'
2026-09-23 10:40:57.373  WARN 18080 --- [fifa] [Thread-5] o.s.b.f.support.DisposableBeanAdapter    : Invocation of destroy method failed on bean with name 'inMemoryDatabaseShutdownExecutor': org.h2.jdbc.JdbcSQLNonTransientConnectionException: La base de datos ya esta cerrada (para des-habilitar el cerrado automatico durante el shutdown de la VM, agregue ";DB_CLOSE_ON_EXIT=FALSE" a la URL de conexión)
Database is already closed (to disable automatic closing at VM shutdown, add ";DB_CLOSE_ON_EXIT=FALSE" to the db URL) [90121-240]
2026-09-23 10:40:57.374  INFO 18080 --- [fifa] [Thread-5] com.zaxxer.hikari.HikariDataSource       : HikariPool-3 - Shutdown initiated...
2026-09-23 10:40:57.374  INFO 18080 --- [fifa] [Thread-5] com.zaxxer.hikari.HikariDataSource       : HikariPool-3 - Shutdown completed.
2026-09-23 10:40:57.463  INFO 18080 --- [fifa] [restartedMain] com.example.demo.DemoApplication         : Starting DemoApplication using Java 24.0.2 with PID 18080 (C:\Users\flore\Documents\UNIVERSIDAD\Sexto Semestre\Compunet 2\SpringBoot\PreParcial_CopaMundial\demo\target\classes started by flore in C:\Users\flore\Documents\UNIVERSIDAD\Sexto Semestre\Compunet 2\SpringBoot\PreParcial_CopaMundial\demo)
2026-09-23 10:40:57.464  INFO 18080 --- [fifa] [restartedMain] com.example.demo.DemoApplication         : The following 1 profile is active: "dev"
2026-09-23 10:40:57.600  INFO 18080 --- [fifa] [restartedMain] .s.d.r.c.RepositoryConfigurationDelegate : Bootstrapping Spring Data JPA repositories in DEFAULT mode.
2026-09-23 10:40:57.623  INFO 18080 --- [fifa] [restartedMain] .s.d.r.c.RepositoryConfigurationDelegate : Finished Spring Data repository scanning in 20 ms. Found 5 JPA repository interfaces.
2026-09-23 10:40:57.686  INFO 18080 --- [fifa] [restartedMain] o.s.boot.tomcat.TomcatWebServer          : Tomcat initialized with port 8081 (http)
2026-09-23 10:40:57.686  INFO 18080 --- [fifa] [restartedMain] o.apache.catalina.core.StandardService   : Starting service [Tomcat]
2026-09-23 10:40:57.687  INFO 18080 --- [fifa] [restartedMain] o.apache.catalina.core.StandardEngine    : Starting Servlet engine: [Apache Tomcat/11.0.24]
2026-09-23 10:40:57.707  INFO 18080 --- [fifa] [restartedMain] b.w.c.s.WebApplicationContextInitializer : Root WebApplicationContext: initialization completed in 241 ms
2026-09-23 10:40:57.735  INFO 18080 --- [fifa] [restartedMain] org.hibernate.orm.jpa                    : HHH008540: Processing PersistenceUnitInfo [name: default]
2026-09-23 10:40:57.766  INFO 18080 --- [fifa] [restartedMain] o.s.o.j.p.SpringPersistenceUnitInfo      : No LoadTimeWeaver setup: ignoring JPA class transformer
2026-09-23 10:40:57.767  INFO 18080 --- [fifa] [restartedMain] com.zaxxer.hikari.HikariDataSource       : HikariPool-4 - Starting...
2026-09-23 10:40:57.769  INFO 18080 --- [fifa] [restartedMain] com.zaxxer.hikari.pool.HikariPool        : HikariPool-4 - Added connection conn15: url=jdbc:h2:mem:db-kevin user=POSTGRES
2026-09-23 10:40:57.769  INFO 18080 --- [fifa] [restartedMain] com.zaxxer.hikari.HikariDataSource       : HikariPool-4 - Start completed.
2026-09-23 10:40:57.770  INFO 18080 --- [fifa] [restartedMain] org.hibernate.orm.connections.pooling    : HHH10001005: Database info:
	Database JDBC URL [jdbc:h2:mem:db-kevin]
	Database driver: H2 JDBC Driver
	Database dialect: H2Dialect
	Database version: 2.4.240
	Default catalog/schema: DB-KEVIN/PUBLIC
	Autocommit mode: undefined/unknown
	Isolation level: READ_COMMITTED [default READ_COMMITTED]
	JDBC fetch size: 100
	Pool: DataSourceConnectionProvider
	Minimum pool size: undefined/unknown
	Maximum pool size: undefined/unknown
2026-09-23 10:40:57.863  INFO 18080 --- [fifa] [restartedMain] org.hibernate.orm.core                   : HHH000489: No JTA platform available (set 'hibernate.transaction.jta.platform' to enable JTA platform integration)
2026-09-23 10:40:57.874  INFO 18080 --- [fifa] [restartedMain] j.LocalContainerEntityManagerFactoryBean : Initialized JPA EntityManagerFactory for persistence unit 'default'
2026-09-23 10:40:57.949  WARN 18080 --- [fifa] [restartedMain] JpaBaseConfiguration$JpaWebConfiguration : spring.jpa.open-in-view is enabled by default. Therefore, database queries may be performed during view rendering. Explicitly configure spring.jpa.open-in-view to disable this warning
2026-09-23 10:40:58.000  INFO 18080 --- [fifa] [restartedMain] o.s.b.h.a.H2ConsoleAutoConfiguration     : H2 console available at '/h2-console'. Database available at 'jdbc:h2:mem:db-kevin'
2026-09-23 10:40:58.021  INFO 18080 --- [fifa] [restartedMain] o.s.boot.tomcat.TomcatWebServer          : Tomcat started on port 8081 (http) with context path '/fifaparcial'
2026-09-23 10:40:58.024  INFO 18080 --- [fifa] [restartedMain] com.example.demo.DemoApplication         : Started DemoApplication in 0.584 seconds (process running for 73.196)
2026-09-23 10:40:58.025  INFO 18080 --- [fifa] [restartedMain] .ConditionEvaluationDeltaLoggingListener : Condition evaluation unchanged
2026-09-23 10:41:00.150  INFO 18080 --- [fifa] [http-nio-8081-exec-1] o.a.c.c.C.[.[localhost].[/fifaparcial]   : Initializing Spring DispatcherServlet 'dispatcherServlet'
2026-09-23 10:41:00.150  INFO 18080 --- [fifa] [http-nio-8081-exec-1] o.s.web.servlet.DispatcherServlet        : Initializing Servlet 'dispatcherServlet'
2026-09-23 10:41:00.150  INFO 18080 --- [fifa] [http-nio-8081-exec-1] o.s.web.servlet.DispatcherServlet        : Completed initialization in 0 ms
2026-09-23 10:43:41.681  INFO 18080 --- [fifa] [File Watcher] rtingClassPathChangeChangedEventListener : Restarting due to 9 class path changes (0 additions, 0 deletions, 9 modifications)
2026-09-23 10:43:41.685  INFO 18080 --- [fifa] [Thread-14] o.s.boot.tomcat.GracefulShutdown         : Commencing graceful shutdown. Waiting for active requests to complete
2026-09-23 10:43:41.752  INFO 18080 --- [fifa] [tomcat-shutdown] o.s.boot.tomcat.GracefulShutdown         : Graceful shutdown complete
2026-09-23 10:43:41.760  INFO 18080 --- [fifa] [Thread-14] j.LocalContainerEntityManagerFactoryBean : Closing JPA EntityManagerFactory for persistence unit 'default'
2026-09-23 10:43:41.763  WARN 18080 --- [fifa] [Thread-14] o.s.b.f.support.DisposableBeanAdapter    : Invocation of destroy method failed on bean with name 'inMemoryDatabaseShutdownExecutor': org.h2.jdbc.JdbcSQLNonTransientConnectionException: La base de datos ya esta cerrada (para des-habilitar el cerrado automatico durante el shutdown de la VM, agregue ";DB_CLOSE_ON_EXIT=FALSE" a la URL de conexión)
Database is already closed (to disable automatic closing at VM shutdown, add ";DB_CLOSE_ON_EXIT=FALSE" to the db URL) [90121-240]
2026-09-23 10:43:41.763  INFO 18080 --- [fifa] [Thread-14] com.zaxxer.hikari.HikariDataSource       : HikariPool-4 - Shutdown initiated...
2026-09-23 10:43:41.766  INFO 18080 --- [fifa] [Thread-14] com.zaxxer.hikari.HikariDataSource       : HikariPool-4 - Shutdown completed.
2026-09-23 10:43:41.867  INFO 18080 --- [fifa] [restartedMain] com.example.demo.DemoApplication         : Starting DemoApplication using Java 24.0.2 with PID 18080 (C:\Users\flore\Documents\UNIVERSIDAD\Sexto Semestre\Compunet 2\SpringBoot\PreParcial_CopaMundial\demo\target\classes started by flore in C:\Users\flore\Documents\UNIVERSIDAD\Sexto Semestre\Compunet 2\SpringBoot\PreParcial_CopaMundial\demo)
2026-09-23 10:43:41.867  INFO 18080 --- [fifa] [restartedMain] com.example.demo.DemoApplication         : The following 1 profile is active: "dev"
2026-09-23 10:43:42.041  INFO 18080 --- [fifa] [restartedMain] .s.d.r.c.RepositoryConfigurationDelegate : Bootstrapping Spring Data JPA repositories in DEFAULT mode.
2026-09-23 10:43:42.060  INFO 18080 --- [fifa] [restartedMain] .s.d.r.c.RepositoryConfigurationDelegate : Finished Spring Data repository scanning in 18 ms. Found 5 JPA repository interfaces.
2026-09-23 10:43:42.131  INFO 18080 --- [fifa] [restartedMain] o.s.boot.tomcat.TomcatWebServer          : Tomcat initialized with port 8081 (http)
2026-09-23 10:43:42.132  INFO 18080 --- [fifa] [restartedMain] o.apache.catalina.core.StandardService   : Starting service [Tomcat]
2026-09-23 10:43:42.132  INFO 18080 --- [fifa] [restartedMain] o.apache.catalina.core.StandardEngine    : Starting Servlet engine: [Apache Tomcat/11.0.24]
2026-09-23 10:43:42.152  INFO 18080 --- [fifa] [restartedMain] b.w.c.s.WebApplicationContextInitializer : Root WebApplicationContext: initialization completed in 283 ms
2026-09-23 10:43:42.181  INFO 18080 --- [fifa] [restartedMain] org.hibernate.orm.jpa                    : HHH008540: Processing PersistenceUnitInfo [name: default]
2026-09-23 10:43:42.214  INFO 18080 --- [fifa] [restartedMain] o.s.o.j.p.SpringPersistenceUnitInfo      : No LoadTimeWeaver setup: ignoring JPA class transformer
2026-09-23 10:43:42.215  INFO 18080 --- [fifa] [restartedMain] com.zaxxer.hikari.HikariDataSource       : HikariPool-5 - Starting...
2026-09-23 10:43:42.217  INFO 18080 --- [fifa] [restartedMain] com.zaxxer.hikari.pool.HikariPool        : HikariPool-5 - Added connection conn20: url=jdbc:h2:mem:db-kevin user=POSTGRES
2026-09-23 10:43:42.217  INFO 18080 --- [fifa] [restartedMain] com.zaxxer.hikari.HikariDataSource       : HikariPool-5 - Start completed.
2026-09-23 10:43:42.217  INFO 18080 --- [fifa] [restartedMain] org.hibernate.orm.connections.pooling    : HHH10001005: Database info:
	Database JDBC URL [jdbc:h2:mem:db-kevin]
	Database driver: H2 JDBC Driver
	Database dialect: H2Dialect
	Database version: 2.4.240
	Default catalog/schema: DB-KEVIN/PUBLIC
	Autocommit mode: undefined/unknown
	Isolation level: READ_COMMITTED [default READ_COMMITTED]
	JDBC fetch size: 100
	Pool: DataSourceConnectionProvider
	Minimum pool size: undefined/unknown
	Maximum pool size: undefined/unknown
2026-09-23 10:43:42.308  INFO 18080 --- [fifa] [restartedMain] org.hibernate.orm.core                   : HHH000489: No JTA platform available (set 'hibernate.transaction.jta.platform' to enable JTA platform integration)
2026-09-23 10:43:42.318  INFO 18080 --- [fifa] [restartedMain] j.LocalContainerEntityManagerFactoryBean : Initialized JPA EntityManagerFactory for persistence unit 'default'
2026-09-23 10:43:42.393  WARN 18080 --- [fifa] [restartedMain] JpaBaseConfiguration$JpaWebConfiguration : spring.jpa.open-in-view is enabled by default. Therefore, database queries may be performed during view rendering. Explicitly configure spring.jpa.open-in-view to disable this warning
2026-09-23 10:43:42.449  INFO 18080 --- [fifa] [restartedMain] o.s.b.h.a.H2ConsoleAutoConfiguration     : H2 console available at '/h2-console'. Database available at 'jdbc:h2:mem:db-kevin'
2026-09-23 10:43:42.472  INFO 18080 --- [fifa] [restartedMain] o.s.boot.tomcat.TomcatWebServer          : Tomcat started on port 8081 (http) with context path '/fifaparcial'
2026-09-23 10:43:42.474  INFO 18080 --- [fifa] [restartedMain] com.example.demo.DemoApplication         : Started DemoApplication in 0.635 seconds (process running for 237.646)
2026-09-23 10:43:42.475  INFO 18080 --- [fifa] [restartedMain] .ConditionEvaluationDeltaLoggingListener : Condition evaluation unchanged
2026-09-23 10:43:43.881  INFO 18080 --- [fifa] [File Watcher] rtingClassPathChangeChangedEventListener : Restarting due to 2 class path changes (0 additions, 0 deletions, 2 modifications)
2026-09-23 10:43:43.882  INFO 18080 --- [fifa] [Thread-18] o.s.boot.tomcat.GracefulShutdown         : Commencing graceful shutdown. Waiting for active requests to complete
2026-09-23 10:43:43.903  INFO 18080 --- [fifa] [tomcat-shutdown] o.s.boot.tomcat.GracefulShutdown         : Graceful shutdown complete
2026-09-23 10:43:43.905  INFO 18080 --- [fifa] [Thread-18] j.LocalContainerEntityManagerFactoryBean : Closing JPA EntityManagerFactory for persistence unit 'default'
2026-09-23 10:43:43.907  WARN 18080 --- [fifa] [Thread-18] o.s.b.f.support.DisposableBeanAdapter    : Invocation of destroy method failed on bean with name 'inMemoryDatabaseShutdownExecutor': org.h2.jdbc.JdbcSQLNonTransientConnectionException: La base de datos ya esta cerrada (para des-habilitar el cerrado automatico durante el shutdown de la VM, agregue ";DB_CLOSE_ON_EXIT=FALSE" a la URL de conexión)
Database is already closed (to disable automatic closing at VM shutdown, add ";DB_CLOSE_ON_EXIT=FALSE" to the db URL) [90121-240]
2026-09-23 10:43:43.907  INFO 18080 --- [fifa] [Thread-18] com.zaxxer.hikari.HikariDataSource       : HikariPool-5 - Shutdown initiated...
2026-09-23 10:43:43.908  INFO 18080 --- [fifa] [Thread-18] com.zaxxer.hikari.HikariDataSource       : HikariPool-5 - Shutdown completed.
2026-09-23 10:43:43.987  INFO 18080 --- [fifa] [restartedMain] com.example.demo.DemoApplication         : Starting DemoApplication using Java 24.0.2 with PID 18080 (C:\Users\flore\Documents\UNIVERSIDAD\Sexto Semestre\Compunet 2\SpringBoot\PreParcial_CopaMundial\demo\target\classes started by flore in C:\Users\flore\Documents\UNIVERSIDAD\Sexto Semestre\Compunet 2\SpringBoot\PreParcial_CopaMundial\demo)
2026-09-23 10:43:43.987  INFO 18080 --- [fifa] [restartedMain] com.example.demo.DemoApplication         : The following 1 profile is active: "dev"
2026-09-23 10:43:44.133  INFO 18080 --- [fifa] [restartedMain] .s.d.r.c.RepositoryConfigurationDelegate : Bootstrapping Spring Data JPA repositories in DEFAULT mode.
2026-09-23 10:43:44.153  INFO 18080 --- [fifa] [restartedMain] .s.d.r.c.RepositoryConfigurationDelegate : Finished Spring Data repository scanning in 18 ms. Found 5 JPA repository interfaces.
2026-09-23 10:43:44.210  INFO 18080 --- [fifa] [restartedMain] o.s.boot.tomcat.TomcatWebServer          : Tomcat initialized with port 8081 (http)
2026-09-23 10:43:44.210  INFO 18080 --- [fifa] [restartedMain] o.apache.catalina.core.StandardService   : Starting service [Tomcat]
2026-09-23 10:43:44.211  INFO 18080 --- [fifa] [restartedMain] o.apache.catalina.core.StandardEngine    : Starting Servlet engine: [Apache Tomcat/11.0.24]
2026-09-23 10:43:44.229  INFO 18080 --- [fifa] [restartedMain] b.w.c.s.WebApplicationContextInitializer : Root WebApplicationContext: initialization completed in 240 ms
2026-09-23 10:43:44.258  INFO 18080 --- [fifa] [restartedMain] org.hibernate.orm.jpa                    : HHH008540: Processing PersistenceUnitInfo [name: default]
2026-09-23 10:43:44.291  INFO 18080 --- [fifa] [restartedMain] o.s.o.j.p.SpringPersistenceUnitInfo      : No LoadTimeWeaver setup: ignoring JPA class transformer
2026-09-23 10:43:44.292  INFO 18080 --- [fifa] [restartedMain] com.zaxxer.hikari.HikariDataSource       : HikariPool-6 - Starting...
2026-09-23 10:43:44.293  INFO 18080 --- [fifa] [restartedMain] com.zaxxer.hikari.pool.HikariPool        : HikariPool-6 - Added connection conn25: url=jdbc:h2:mem:db-kevin user=POSTGRES
2026-09-23 10:43:44.293  INFO 18080 --- [fifa] [restartedMain] com.zaxxer.hikari.HikariDataSource       : HikariPool-6 - Start completed.
2026-09-23 10:43:44.295  INFO 18080 --- [fifa] [restartedMain] org.hibernate.orm.connections.pooling    : HHH10001005: Database info:
	Database JDBC URL [jdbc:h2:mem:db-kevin]
	Database driver: H2 JDBC Driver
	Database dialect: H2Dialect
	Database version: 2.4.240
	Default catalog/schema: DB-KEVIN/PUBLIC
	Autocommit mode: undefined/unknown
	Isolation level: READ_COMMITTED [default READ_COMMITTED]
	JDBC fetch size: 100
	Pool: DataSourceConnectionProvider
	Minimum pool size: undefined/unknown
	Maximum pool size: undefined/unknown
2026-09-23 10:43:44.380  INFO 18080 --- [fifa] [restartedMain] org.hibernate.orm.core                   : HHH000489: No JTA platform available (set 'hibernate.transaction.jta.platform' to enable JTA platform integration)
2026-09-23 10:43:44.390  INFO 18080 --- [fifa] [restartedMain] j.LocalContainerEntityManagerFactoryBean : Initialized JPA EntityManagerFactory for persistence unit 'default'
2026-09-23 10:43:44.472  WARN 18080 --- [fifa] [restartedMain] JpaBaseConfiguration$JpaWebConfiguration : spring.jpa.open-in-view is enabled by default. Therefore, database queries may be performed during view rendering. Explicitly configure spring.jpa.open-in-view to disable this warning
2026-09-23 10:43:44.526  INFO 18080 --- [fifa] [restartedMain] o.s.b.h.a.H2ConsoleAutoConfiguration     : H2 console available at '/h2-console'. Database available at 'jdbc:h2:mem:db-kevin'
2026-09-23 10:43:44.546  INFO 18080 --- [fifa] [restartedMain] o.s.boot.tomcat.TomcatWebServer          : Tomcat started on port 8081 (http) with context path '/fifaparcial'
2026-09-23 10:43:44.548  INFO 18080 --- [fifa] [restartedMain] com.example.demo.DemoApplication         : Started DemoApplication in 0.586 seconds (process running for 239.721)
2026-09-23 10:43:44.549  INFO 18080 --- [fifa] [restartedMain] .ConditionEvaluationDeltaLoggingListener : Condition evaluation unchanged
2026-09-23 10:43:53.087  INFO 18080 --- [fifa] [File Watcher] rtingClassPathChangeChangedEventListener : Restarting due to 1 class path change (0 additions, 0 deletions, 1 modification)
2026-09-23 10:43:53.088  INFO 18080 --- [fifa] [Thread-22] o.s.boot.tomcat.GracefulShutdown         : Commencing graceful shutdown. Waiting for active requests to complete
2026-09-23 10:43:53.110  INFO 18080 --- [fifa] [tomcat-shutdown] o.s.boot.tomcat.GracefulShutdown         : Graceful shutdown complete
2026-09-23 10:43:53.111  INFO 18080 --- [fifa] [Thread-22] j.LocalContainerEntityManagerFactoryBean : Closing JPA EntityManagerFactory for persistence unit 'default'
2026-09-23 10:43:53.113  WARN 18080 --- [fifa] [Thread-22] o.s.b.f.support.DisposableBeanAdapter    : Invocation of destroy method failed on bean with name 'inMemoryDatabaseShutdownExecutor': org.h2.jdbc.JdbcSQLNonTransientConnectionException: La base de datos ya esta cerrada (para des-habilitar el cerrado automatico durante el shutdown de la VM, agregue ";DB_CLOSE_ON_EXIT=FALSE" a la URL de conexión)
Database is already closed (to disable automatic closing at VM shutdown, add ";DB_CLOSE_ON_EXIT=FALSE" to the db URL) [90121-240]
2026-09-23 10:43:53.113  INFO 18080 --- [fifa] [Thread-22] com.zaxxer.hikari.HikariDataSource       : HikariPool-6 - Shutdown initiated...
2026-09-23 10:43:53.114  INFO 18080 --- [fifa] [Thread-22] com.zaxxer.hikari.HikariDataSource       : HikariPool-6 - Shutdown completed.
2026-09-23 10:43:53.214  INFO 18080 --- [fifa] [restartedMain] com.example.demo.DemoApplication         : Starting DemoApplication using Java 24.0.2 with PID 18080 (C:\Users\flore\Documents\UNIVERSIDAD\Sexto Semestre\Compunet 2\SpringBoot\PreParcial_CopaMundial\demo\target\classes started by flore in C:\Users\flore\Documents\UNIVERSIDAD\Sexto Semestre\Compunet 2\SpringBoot\PreParcial_CopaMundial\demo)
2026-09-23 10:43:53.215  INFO 18080 --- [fifa] [restartedMain] com.example.demo.DemoApplication         : The following 1 profile is active: "dev"
2026-09-23 10:43:53.364  INFO 18080 --- [fifa] [restartedMain] .s.d.r.c.RepositoryConfigurationDelegate : Bootstrapping Spring Data JPA repositories in DEFAULT mode.
2026-09-23 10:43:53.383  INFO 18080 --- [fifa] [restartedMain] .s.d.r.c.RepositoryConfigurationDelegate : Finished Spring Data repository scanning in 17 ms. Found 5 JPA repository interfaces.
2026-09-23 10:43:53.442  INFO 18080 --- [fifa] [restartedMain] o.s.boot.tomcat.TomcatWebServer          : Tomcat initialized with port 8081 (http)
2026-09-23 10:43:53.443  INFO 18080 --- [fifa] [restartedMain] o.apache.catalina.core.StandardService   : Starting service [Tomcat]
2026-09-23 10:43:53.443  INFO 18080 --- [fifa] [restartedMain] o.apache.catalina.core.StandardEngine    : Starting Servlet engine: [Apache Tomcat/11.0.24]
2026-09-23 10:43:53.463  INFO 18080 --- [fifa] [restartedMain] b.w.c.s.WebApplicationContextInitializer : Root WebApplicationContext: initialization completed in 247 ms
2026-09-23 10:43:53.491  INFO 18080 --- [fifa] [restartedMain] org.hibernate.orm.jpa                    : HHH008540: Processing PersistenceUnitInfo [name: default]
2026-09-23 10:43:53.526  INFO 18080 --- [fifa] [restartedMain] o.s.o.j.p.SpringPersistenceUnitInfo      : No LoadTimeWeaver setup: ignoring JPA class transformer
2026-09-23 10:43:53.527  INFO 18080 --- [fifa] [restartedMain] com.zaxxer.hikari.HikariDataSource       : HikariPool-7 - Starting...
2026-09-23 10:43:53.529  INFO 18080 --- [fifa] [restartedMain] com.zaxxer.hikari.pool.HikariPool        : HikariPool-7 - Added connection conn30: url=jdbc:h2:mem:db-kevin user=POSTGRES
2026-09-23 10:43:53.530  INFO 18080 --- [fifa] [restartedMain] com.zaxxer.hikari.HikariDataSource       : HikariPool-7 - Start completed.
2026-09-23 10:43:53.531  INFO 18080 --- [fifa] [restartedMain] org.hibernate.orm.connections.pooling    : HHH10001005: Database info:
	Database JDBC URL [jdbc:h2:mem:db-kevin]
	Database driver: H2 JDBC Driver
	Database dialect: H2Dialect
	Database version: 2.4.240
	Default catalog/schema: DB-KEVIN/PUBLIC
	Autocommit mode: undefined/unknown
	Isolation level: READ_COMMITTED [default READ_COMMITTED]
	JDBC fetch size: 100
	Pool: DataSourceConnectionProvider
	Minimum pool size: undefined/unknown
	Maximum pool size: undefined/unknown
2026-09-23 10:43:53.618  INFO 18080 --- [fifa] [restartedMain] org.hibernate.orm.core                   : HHH000489: No JTA platform available (set 'hibernate.transaction.jta.platform' to enable JTA platform integration)
2026-09-23 10:43:53.627  INFO 18080 --- [fifa] [restartedMain] j.LocalContainerEntityManagerFactoryBean : Initialized JPA EntityManagerFactory for persistence unit 'default'
2026-09-23 10:43:53.709  WARN 18080 --- [fifa] [restartedMain] JpaBaseConfiguration$JpaWebConfiguration : spring.jpa.open-in-view is enabled by default. Therefore, database queries may be performed during view rendering. Explicitly configure spring.jpa.open-in-view to disable this warning
2026-09-23 10:43:53.760  INFO 18080 --- [fifa] [restartedMain] o.s.b.h.a.H2ConsoleAutoConfiguration     : H2 console available at '/h2-console'. Database available at 'jdbc:h2:mem:db-kevin'
2026-09-23 10:43:53.778  INFO 18080 --- [fifa] [restartedMain] o.s.boot.tomcat.TomcatWebServer          : Tomcat started on port 8081 (http) with context path '/fifaparcial'
2026-09-23 10:43:53.780  INFO 18080 --- [fifa] [restartedMain] com.example.demo.DemoApplication         : Started DemoApplication in 0.594 seconds (process running for 248.952)
2026-09-23 10:43:53.781  INFO 18080 --- [fifa] [restartedMain] .ConditionEvaluationDeltaLoggingListener : Condition evaluation unchanged
2026-09-23 10:43:56.204  INFO 18080 --- [fifa] [File Watcher] rtingClassPathChangeChangedEventListener : Restarting due to 1 class path change (0 additions, 0 deletions, 1 modification)
2026-09-23 10:43:56.206  INFO 18080 --- [fifa] [Thread-26] o.s.boot.tomcat.GracefulShutdown         : Commencing graceful shutdown. Waiting for active requests to complete
2026-09-23 10:43:56.230  INFO 18080 --- [fifa] [tomcat-shutdown] o.s.boot.tomcat.GracefulShutdown         : Graceful shutdown complete
2026-09-23 10:43:56.231  INFO 18080 --- [fifa] [Thread-26] j.LocalContainerEntityManagerFactoryBean : Closing JPA EntityManagerFactory for persistence unit 'default'
2026-09-23 10:43:56.234  WARN 18080 --- [fifa] [Thread-26] o.s.b.f.support.DisposableBeanAdapter    : Invocation of destroy method failed on bean with name 'inMemoryDatabaseShutdownExecutor': org.h2.jdbc.JdbcSQLNonTransientConnectionException: La base de datos ya esta cerrada (para des-habilitar el cerrado automatico durante el shutdown de la VM, agregue ";DB_CLOSE_ON_EXIT=FALSE" a la URL de conexión)
Database is already closed (to disable automatic closing at VM shutdown, add ";DB_CLOSE_ON_EXIT=FALSE" to the db URL) [90121-240]
2026-09-23 10:43:56.234  INFO 18080 --- [fifa] [Thread-26] com.zaxxer.hikari.HikariDataSource       : HikariPool-7 - Shutdown initiated...
2026-09-23 10:43:56.235  INFO 18080 --- [fifa] [Thread-26] com.zaxxer.hikari.HikariDataSource       : HikariPool-7 - Shutdown completed.
2026-09-23 10:43:56.352  INFO 18080 --- [fifa] [restartedMain] com.example.demo.DemoApplication         : Starting DemoApplication using Java 24.0.2 with PID 18080 (C:\Users\flore\Documents\UNIVERSIDAD\Sexto Semestre\Compunet 2\SpringBoot\PreParcial_CopaMundial\demo\target\classes started by flore in C:\Users\flore\Documents\UNIVERSIDAD\Sexto Semestre\Compunet 2\SpringBoot\PreParcial_CopaMundial\demo)
2026-09-23 10:43:56.352  INFO 18080 --- [fifa] [restartedMain] com.example.demo.DemoApplication         : The following 1 profile is active: "dev"
2026-09-23 10:43:56.476  INFO 18080 --- [fifa] [restartedMain] .s.d.r.c.RepositoryConfigurationDelegate : Bootstrapping Spring Data JPA repositories in DEFAULT mode.
2026-09-23 10:43:56.495  INFO 18080 --- [fifa] [restartedMain] .s.d.r.c.RepositoryConfigurationDelegate : Finished Spring Data repository scanning in 17 ms. Found 5 JPA repository interfaces.
2026-09-23 10:43:56.549  INFO 18080 --- [fifa] [restartedMain] o.s.boot.tomcat.TomcatWebServer          : Tomcat initialized with port 8081 (http)
2026-09-23 10:43:56.549  INFO 18080 --- [fifa] [restartedMain] o.apache.catalina.core.StandardService   : Starting service [Tomcat]
2026-09-23 10:43:56.549  INFO 18080 --- [fifa] [restartedMain] o.apache.catalina.core.StandardEngine    : Starting Servlet engine: [Apache Tomcat/11.0.24]
2026-09-23 10:43:56.569  INFO 18080 --- [fifa] [restartedMain] b.w.c.s.WebApplicationContextInitializer : Root WebApplicationContext: initialization completed in 216 ms
2026-09-23 10:43:56.593  INFO 18080 --- [fifa] [restartedMain] org.hibernate.orm.jpa                    : HHH008540: Processing PersistenceUnitInfo [name: default]
2026-09-23 10:43:56.626  INFO 18080 --- [fifa] [restartedMain] o.s.o.j.p.SpringPersistenceUnitInfo      : No LoadTimeWeaver setup: ignoring JPA class transformer
2026-09-23 10:43:56.627  INFO 18080 --- [fifa] [restartedMain] com.zaxxer.hikari.HikariDataSource       : HikariPool-8 - Starting...
2026-09-23 10:43:56.629  INFO 18080 --- [fifa] [restartedMain] com.zaxxer.hikari.pool.HikariPool        : HikariPool-8 - Added connection conn35: url=jdbc:h2:mem:db-kevin user=POSTGRES
2026-09-23 10:43:56.629  INFO 18080 --- [fifa] [restartedMain] com.zaxxer.hikari.HikariDataSource       : HikariPool-8 - Start completed.
2026-09-23 10:43:56.629  INFO 18080 --- [fifa] [restartedMain] org.hibernate.orm.connections.pooling    : HHH10001005: Database info:
	Database JDBC URL [jdbc:h2:mem:db-kevin]
	Database driver: H2 JDBC Driver
	Database dialect: H2Dialect
	Database version: 2.4.240
	Default catalog/schema: DB-KEVIN/PUBLIC
	Autocommit mode: undefined/unknown
	Isolation level: READ_COMMITTED [default READ_COMMITTED]
	JDBC fetch size: 100
	Pool: DataSourceConnectionProvider
	Minimum pool size: undefined/unknown
	Maximum pool size: undefined/unknown
2026-09-23 10:43:56.708  INFO 18080 --- [fifa] [restartedMain] org.hibernate.orm.core                   : HHH000489: No JTA platform available (set 'hibernate.transaction.jta.platform' to enable JTA platform integration)
2026-09-23 10:43:56.714  INFO 18080 --- [fifa] [restartedMain] j.LocalContainerEntityManagerFactoryBean : Initialized JPA EntityManagerFactory for persistence unit 'default'
2026-09-23 10:43:56.785  WARN 18080 --- [fifa] [restartedMain] JpaBaseConfiguration$JpaWebConfiguration : spring.jpa.open-in-view is enabled by default. Therefore, database queries may be performed during view rendering. Explicitly configure spring.jpa.open-in-view to disable this warning
2026-09-23 10:43:56.829  INFO 18080 --- [fifa] [restartedMain] o.s.b.h.a.H2ConsoleAutoConfiguration     : H2 console available at '/h2-console'. Database available at 'jdbc:h2:mem:db-kevin'
2026-09-23 10:43:56.844  INFO 18080 --- [fifa] [restartedMain] o.s.boot.tomcat.TomcatWebServer          : Tomcat started on port 8081 (http) with context path '/fifaparcial'
2026-09-23 10:43:56.845  INFO 18080 --- [fifa] [restartedMain] com.example.demo.DemoApplication         : Started DemoApplication in 0.527 seconds (process running for 252.018)
2026-09-23 10:43:56.846  INFO 18080 --- [fifa] [restartedMain] .ConditionEvaluationDeltaLoggingListener : Condition evaluation unchanged
2026-09-23 10:44:59.977  INFO 18080 --- [fifa] [File Watcher] rtingClassPathChangeChangedEventListener : Restarting due to 1 class path change (0 additions, 0 deletions, 1 modification)
2026-09-23 10:44:59.980  INFO 18080 --- [fifa] [Thread-30] o.s.boot.tomcat.GracefulShutdown         : Commencing graceful shutdown. Waiting for active requests to complete
2026-09-23 10:45:00.005  INFO 18080 --- [fifa] [tomcat-shutdown] o.s.boot.tomcat.GracefulShutdown         : Graceful shutdown complete
2026-09-23 10:45:00.006  INFO 18080 --- [fifa] [Thread-30] j.LocalContainerEntityManagerFactoryBean : Closing JPA EntityManagerFactory for persistence unit 'default'
2026-09-23 10:45:00.007  WARN 18080 --- [fifa] [Thread-30] o.s.b.f.support.DisposableBeanAdapter    : Invocation of destroy method failed on bean with name 'inMemoryDatabaseShutdownExecutor': org.h2.jdbc.JdbcSQLNonTransientConnectionException: La base de datos ya esta cerrada (para des-habilitar el cerrado automatico durante el shutdown de la VM, agregue ";DB_CLOSE_ON_EXIT=FALSE" a la URL de conexión)
Database is already closed (to disable automatic closing at VM shutdown, add ";DB_CLOSE_ON_EXIT=FALSE" to the db URL) [90121-240]
2026-09-23 10:45:00.008  INFO 18080 --- [fifa] [Thread-30] com.zaxxer.hikari.HikariDataSource       : HikariPool-8 - Shutdown initiated...
2026-09-23 10:45:00.008  INFO 18080 --- [fifa] [Thread-30] com.zaxxer.hikari.HikariDataSource       : HikariPool-8 - Shutdown completed.
2026-09-23 10:45:00.091  INFO 18080 --- [fifa] [restartedMain] com.example.demo.DemoApplication         : Starting DemoApplication using Java 24.0.2 with PID 18080 (C:\Users\flore\Documents\UNIVERSIDAD\Sexto Semestre\Compunet 2\SpringBoot\PreParcial_CopaMundial\demo\target\classes started by flore in C:\Users\flore\Documents\UNIVERSIDAD\Sexto Semestre\Compunet 2\SpringBoot\PreParcial_CopaMundial\demo)
2026-09-23 10:45:00.092  INFO 18080 --- [fifa] [restartedMain] com.example.demo.DemoApplication         : The following 1 profile is active: "dev"
2026-09-23 10:45:00.241  INFO 18080 --- [fifa] [restartedMain] .s.d.r.c.RepositoryConfigurationDelegate : Bootstrapping Spring Data JPA repositories in DEFAULT mode.
2026-09-23 10:45:00.270  INFO 18080 --- [fifa] [restartedMain] .s.d.r.c.RepositoryConfigurationDelegate : Finished Spring Data repository scanning in 31 ms. Found 5 JPA repository interfaces.
2026-09-23 10:45:00.370  INFO 18080 --- [fifa] [restartedMain] o.s.boot.tomcat.TomcatWebServer          : Tomcat initialized with port 8081 (http)
2026-09-23 10:45:00.370  INFO 18080 --- [fifa] [restartedMain] o.apache.catalina.core.StandardService   : Starting service [Tomcat]
2026-09-23 10:45:00.370  INFO 18080 --- [fifa] [restartedMain] o.apache.catalina.core.StandardEngine    : Starting Servlet engine: [Apache Tomcat/11.0.24]
2026-09-23 10:45:00.385  INFO 18080 --- [fifa] [restartedMain] b.w.c.s.WebApplicationContextInitializer : Root WebApplicationContext: initialization completed in 292 ms
2026-09-23 10:45:00.444  INFO 18080 --- [fifa] [restartedMain] org.hibernate.orm.jpa                    : HHH008540: Processing PersistenceUnitInfo [name: default]
2026-09-23 10:45:00.485  INFO 18080 --- [fifa] [restartedMain] o.s.o.j.p.SpringPersistenceUnitInfo      : No LoadTimeWeaver setup: ignoring JPA class transformer
2026-09-23 10:45:00.485  INFO 18080 --- [fifa] [restartedMain] com.zaxxer.hikari.HikariDataSource       : HikariPool-9 - Starting...
2026-09-23 10:45:00.485  INFO 18080 --- [fifa] [restartedMain] com.zaxxer.hikari.pool.HikariPool        : HikariPool-9 - Added connection conn40: url=jdbc:h2:mem:db-kevin user=POSTGRES
2026-09-23 10:45:00.485  INFO 18080 --- [fifa] [restartedMain] com.zaxxer.hikari.HikariDataSource       : HikariPool-9 - Start completed.
2026-09-23 10:45:00.485  INFO 18080 --- [fifa] [restartedMain] org.hibernate.orm.connections.pooling    : HHH10001005: Database info:
	Database JDBC URL [jdbc:h2:mem:db-kevin]
	Database driver: H2 JDBC Driver
	Database dialect: H2Dialect
	Database version: 2.4.240
	Default catalog/schema: DB-KEVIN/PUBLIC
	Autocommit mode: undefined/unknown
	Isolation level: READ_COMMITTED [default READ_COMMITTED]
	JDBC fetch size: 100
	Pool: DataSourceConnectionProvider
	Minimum pool size: undefined/unknown
	Maximum pool size: undefined/unknown
2026-09-23 10:45:00.615  INFO 18080 --- [fifa] [restartedMain] org.hibernate.orm.core                   : HHH000489: No JTA platform available (set 'hibernate.transaction.jta.platform' to enable JTA platform integration)
2026-09-23 10:45:00.627  INFO 18080 --- [fifa] [restartedMain] j.LocalContainerEntityManagerFactoryBean : Initialized JPA EntityManagerFactory for persistence unit 'default'
2026-09-23 10:45:00.733  WARN 18080 --- [fifa] [restartedMain] JpaBaseConfiguration$JpaWebConfiguration : spring.jpa.open-in-view is enabled by default. Therefore, database queries may be performed during view rendering. Explicitly configure spring.jpa.open-in-view to disable this warning
2026-09-23 10:45:00.818  INFO 18080 --- [fifa] [restartedMain] o.s.b.h.a.H2ConsoleAutoConfiguration     : H2 console available at '/h2-console'. Database available at 'jdbc:h2:mem:db-kevin'
2026-09-23 10:45:00.846  INFO 18080 --- [fifa] [restartedMain] o.s.boot.tomcat.TomcatWebServer          : Tomcat started on port 8081 (http) with context path '/fifaparcial'
2026-09-23 10:45:00.848  INFO 18080 --- [fifa] [restartedMain] com.example.demo.DemoApplication         : Started DemoApplication in 0.782 seconds (process running for 316.02)
2026-09-23 10:45:00.850  INFO 18080 --- [fifa] [restartedMain] .ConditionEvaluationDeltaLoggingListener : Condition evaluation unchanged
2026-09-23 10:45:02.709  INFO 18080 --- [fifa] [SpringApplicationShutdownHook] o.s.boot.tomcat.GracefulShutdown         : Commencing graceful shutdown. Waiting for active requests to complete
2026-09-23 10:45:02.730  INFO 18080 --- [fifa] [tomcat-shutdown] o.s.boot.tomcat.GracefulShutdown         : Graceful shutdown complete
2026-09-23 10:45:02.731  INFO 18080 --- [fifa] [SpringApplicationShutdownHook] j.LocalContainerEntityManagerFactoryBean : Closing JPA EntityManagerFactory for persistence unit 'default'
2026-09-23 10:45:02.733  WARN 18080 --- [fifa] [SpringApplicationShutdownHook] o.s.b.f.support.DisposableBeanAdapter    : Invocation of destroy method failed on bean with name 'inMemoryDatabaseShutdownExecutor': org.h2.jdbc.JdbcSQLNonTransientConnectionException: La base de datos ya esta cerrada (para des-habilitar el cerrado automatico durante el shutdown de la VM, agregue ";DB_CLOSE_ON_EXIT=FALSE" a la URL de conexión)
Database is already closed (to disable automatic closing at VM shutdown, add ";DB_CLOSE_ON_EXIT=FALSE" to the db URL) [90121-240]
2026-09-23 10:45:02.733  INFO 18080 --- [fifa] [SpringApplicationShutdownHook] com.zaxxer.hikari.HikariDataSource       : HikariPool-9 - Shutdown initiated...
2026-09-23 10:45:02.734  INFO 18080 --- [fifa] [SpringApplicationShutdownHook] com.zaxxer.hikari.HikariDataSource       : HikariPool-9 - Shutdown completed.
2026-09-23 10:55:59.127  INFO 29772 --- [fifa] [restartedMain] com.example.demo.DemoApplication         : Starting DemoApplication using Java 24.0.2 with PID 29772 (C:\Users\flore\Documents\UNIVERSIDAD\Sexto Semestre\Compunet 2\SpringBoot\PreParcial_CopaMundial\demo\target\classes started by flore in C:\Users\flore\Documents\UNIVERSIDAD\Sexto Semestre\Compunet 2\SpringBoot\PreParcial_CopaMundial\demo)
2026-09-23 10:55:59.132  INFO 29772 --- [fifa] [restartedMain] com.example.demo.DemoApplication         : The following 1 profile is active: "dev"
2026-09-23 10:55:59.205  INFO 29772 --- [fifa] [restartedMain] .e.DevToolsPropertyDefaultsPostProcessor : Devtools property defaults active! Set 'spring.devtools.add-properties' to 'false' to disable
2026-09-23 10:55:59.206  INFO 29772 --- [fifa] [restartedMain] .e.DevToolsPropertyDefaultsPostProcessor : For additional web related logging consider setting the 'logging.level.web' property to 'DEBUG'
2026-09-23 10:55:59.784  INFO 29772 --- [fifa] [restartedMain] .s.d.r.c.RepositoryConfigurationDelegate : Bootstrapping Spring Data JPA repositories in DEFAULT mode.
2026-09-23 10:55:59.858  INFO 29772 --- [fifa] [restartedMain] .s.d.r.c.RepositoryConfigurationDelegate : Finished Spring Data repository scanning in 63 ms. Found 5 JPA repository interfaces.
2026-09-23 10:56:00.331  INFO 29772 --- [fifa] [restartedMain] o.s.boot.tomcat.TomcatWebServer          : Tomcat initialized with port 8081 (http)
2026-09-23 10:56:00.345  INFO 29772 --- [fifa] [restartedMain] o.apache.catalina.core.StandardService   : Starting service [Tomcat]
2026-09-23 10:56:00.346  INFO 29772 --- [fifa] [restartedMain] o.apache.catalina.core.StandardEngine    : Starting Servlet engine: [Apache Tomcat/11.0.24]
2026-09-23 10:56:00.389  INFO 29772 --- [fifa] [restartedMain] b.w.c.s.WebApplicationContextInitializer : Root WebApplicationContext: initialization completed in 1183 ms
2026-09-23 10:56:00.544  INFO 29772 --- [fifa] [restartedMain] org.hibernate.orm.jpa                    : HHH008540: Processing PersistenceUnitInfo [name: default]
2026-09-23 10:56:00.603  INFO 29772 --- [fifa] [restartedMain] org.hibernate.orm.core                   : HHH000001: Hibernate ORM core version 7.4.5.Final
2026-09-23 10:56:01.063  INFO 29772 --- [fifa] [restartedMain] o.s.o.j.p.SpringPersistenceUnitInfo      : No LoadTimeWeaver setup: ignoring JPA class transformer
2026-09-23 10:56:01.097  INFO 29772 --- [fifa] [restartedMain] com.zaxxer.hikari.HikariDataSource       : HikariPool-1 - Starting...
2026-09-23 10:56:01.259  INFO 29772 --- [fifa] [restartedMain] com.zaxxer.hikari.pool.HikariPool        : HikariPool-1 - Added connection conn0: url=jdbc:h2:mem:db-kevin user=POSTGRES
2026-09-23 10:56:01.260  INFO 29772 --- [fifa] [restartedMain] com.zaxxer.hikari.HikariDataSource       : HikariPool-1 - Start completed.
2026-09-23 10:56:01.320  INFO 29772 --- [fifa] [restartedMain] org.hibernate.orm.connections.pooling    : HHH10001005: Database info:
	Database JDBC URL [jdbc:h2:mem:db-kevin]
	Database driver: H2 JDBC Driver
	Database dialect: H2Dialect
	Database version: 2.4.240
	Default catalog/schema: DB-KEVIN/PUBLIC
	Autocommit mode: undefined/unknown
	Isolation level: READ_COMMITTED [default READ_COMMITTED]
	JDBC fetch size: 100
	Pool: DataSourceConnectionProvider
	Minimum pool size: undefined/unknown
	Maximum pool size: undefined/unknown
2026-09-23 10:56:02.243  INFO 29772 --- [fifa] [restartedMain] org.hibernate.orm.core                   : HHH000489: No JTA platform available (set 'hibernate.transaction.jta.platform' to enable JTA platform integration)
2026-09-23 10:56:02.315  INFO 29772 --- [fifa] [restartedMain] j.LocalContainerEntityManagerFactoryBean : Initialized JPA EntityManagerFactory for persistence unit 'default'
2026-09-23 10:56:02.385  INFO 29772 --- [fifa] [restartedMain] o.s.d.j.r.query.QueryEnhancerFactories   : Hibernate is in classpath; If applicable, HQL parser will be used.
2026-09-23 10:56:02.591  WARN 29772 --- [fifa] [restartedMain] JpaBaseConfiguration$JpaWebConfiguration : spring.jpa.open-in-view is enabled by default. Therefore, database queries may be performed during view rendering. Explicitly configure spring.jpa.open-in-view to disable this warning
2026-09-23 10:56:02.847  INFO 29772 --- [fifa] [restartedMain] o.s.b.h.a.H2ConsoleAutoConfiguration     : H2 console available at '/h2-console'. Database available at 'jdbc:h2:mem:db-kevin'
2026-09-23 10:56:02.866  WARN 29772 --- [fifa] [restartedMain] ConfigServletWebServerApplicationContext : Exception encountered during context initialization - cancelling refresh attempt: org.springframework.beans.factory.BeanCreationException: Error creating bean with name 'dataSourceScriptDatabaseInitializer' defined in class path resource [org/springframework/boot/jdbc/autoconfigure/DataSourceInitializationAutoConfiguration.class]: Failed to execute SQL script statement #7 of file [C:\Users\flore\Documents\UNIVERSIDAD\Sexto Semestre\Compunet 2\SpringBoot\PreParcial_CopaMundial\demo\target\classes\data.sql]: INSERT INTO PLAYER(name, birth_date, country_id, position, fifa_score) VALUES ('James R', 1, CURRENT_TIMESTAMP, 'MC', 98)
2026-09-23 10:56:02.867  INFO 29772 --- [fifa] [restartedMain] j.LocalContainerEntityManagerFactoryBean : Closing JPA EntityManagerFactory for persistence unit 'default'
2026-09-23 10:56:02.876  WARN 29772 --- [fifa] [restartedMain] o.s.b.f.support.DisposableBeanAdapter    : Invocation of destroy method failed on bean with name 'inMemoryDatabaseShutdownExecutor': org.h2.jdbc.JdbcSQLNonTransientConnectionException: La base de datos ya esta cerrada (para des-habilitar el cerrado automatico durante el shutdown de la VM, agregue ";DB_CLOSE_ON_EXIT=FALSE" a la URL de conexión)
Database is already closed (to disable automatic closing at VM shutdown, add ";DB_CLOSE_ON_EXIT=FALSE" to the db URL) [90121-240]
2026-09-23 10:56:02.876  INFO 29772 --- [fifa] [restartedMain] com.zaxxer.hikari.HikariDataSource       : HikariPool-1 - Shutdown initiated...
2026-09-23 10:56:02.878  INFO 29772 --- [fifa] [restartedMain] com.zaxxer.hikari.HikariDataSource       : HikariPool-1 - Shutdown completed.
2026-09-23 10:56:02.881  INFO 29772 --- [fifa] [restartedMain] o.apache.catalina.core.StandardService   : Stopping service [Tomcat]
2026-09-23 10:56:02.892  INFO 29772 --- [fifa] [restartedMain] .s.b.a.l.ConditionEvaluationReportLogger : 

Error starting ApplicationContext. To display the condition evaluation report re-run your application with 'debug' enabled.
2026-09-23 10:56:02.906 ERROR 29772 --- [fifa] [restartedMain] o.s.boot.SpringApplication               : Application run failed

org.springframework.beans.factory.BeanCreationException: Error creating bean with name 'dataSourceScriptDatabaseInitializer' defined in class path resource [org/springframework/boot/jdbc/autoconfigure/DataSourceInitializationAutoConfiguration.class]: Failed to execute SQL script statement #7 of file [C:\Users\flore\Documents\UNIVERSIDAD\Sexto Semestre\Compunet 2\SpringBoot\PreParcial_CopaMundial\demo\target\classes\data.sql]: INSERT INTO PLAYER(name, birth_date, country_id, position, fifa_score) VALUES ('James R', 1, CURRENT_TIMESTAMP, 'MC', 98)
	at org.springframework.beans.factory.support.AbstractAutowireCapableBeanFactory.initializeBean(AbstractAutowireCapableBeanFactory.java:1815) ~[spring-beans-7.0.9.jar:7.0.9]
	at org.springframework.beans.factory.support.AbstractAutowireCapableBeanFactory.doCreateBean(AbstractAutowireCapableBeanFactory.java:603) ~[spring-beans-7.0.9.jar:7.0.9]
	at org.springframework.beans.factory.support.AbstractAutowireCapableBeanFactory.createBean(AbstractAutowireCapableBeanFactory.java:525) ~[spring-beans-7.0.9.jar:7.0.9]
	at org.springframework.beans.factory.support.AbstractBeanFactory.lambda$doGetBean$0(AbstractBeanFactory.java:333) ~[spring-beans-7.0.9.jar:7.0.9]
	at org.springframework.beans.factory.support.DefaultSingletonBeanRegistry.getSingleton(DefaultSingletonBeanRegistry.java:371) ~[spring-beans-7.0.9.jar:7.0.9]
	at org.springframework.beans.factory.support.AbstractBeanFactory.doGetBean(AbstractBeanFactory.java:331) ~[spring-beans-7.0.9.jar:7.0.9]
	at org.springframework.beans.factory.support.AbstractBeanFactory.getBean(AbstractBeanFactory.java:196) ~[spring-beans-7.0.9.jar:7.0.9]
	at org.springframework.beans.factory.support.DefaultListableBeanFactory.instantiateSingleton(DefaultListableBeanFactory.java:1225) ~[spring-beans-7.0.9.jar:7.0.9]
	at org.springframework.beans.factory.support.DefaultListableBeanFactory.preInstantiateSingleton(DefaultListableBeanFactory.java:1191) ~[spring-beans-7.0.9.jar:7.0.9]
	at org.springframework.beans.factory.support.DefaultListableBeanFactory.preInstantiateSingletons(DefaultListableBeanFactory.java:1121) ~[spring-beans-7.0.9.jar:7.0.9]
	at org.springframework.context.support.AbstractApplicationContext.finishBeanFactoryInitialization(AbstractApplicationContext.java:994) ~[spring-context-7.0.9.jar:7.0.9]
	at org.springframework.context.support.AbstractApplicationContext.refresh(AbstractApplicationContext.java:621) ~[spring-context-7.0.9.jar:7.0.9]
	at org.springframework.boot.web.server.servlet.context.ServletWebServerApplicationContext.refresh(ServletWebServerApplicationContext.java:143) ~[spring-boot-web-server-4.1.1.jar:4.1.1]
	at org.springframework.boot.SpringApplication.refresh(SpringApplication.java:756) ~[spring-boot-4.1.1.jar:4.1.1]
	at org.springframework.boot.SpringApplication.refreshContext(SpringApplication.java:445) ~[spring-boot-4.1.1.jar:4.1.1]
	at org.springframework.boot.SpringApplication.run(SpringApplication.java:321) ~[spring-boot-4.1.1.jar:4.1.1]
	at org.springframework.boot.SpringApplication.run(SpringApplication.java:1365) ~[spring-boot-4.1.1.jar:4.1.1]
	at org.springframework.boot.SpringApplication.run(SpringApplication.java:1354) ~[spring-boot-4.1.1.jar:4.1.1]
	at com.example.demo.DemoApplication.main(DemoApplication.java:10) ~[classes/:na]
	at java.base/jdk.internal.reflect.DirectMethodHandleAccessor.invoke(DirectMethodHandleAccessor.java:104) ~[na:na]
	at java.base/java.lang.reflect.Method.invoke(Method.java:565) ~[na:na]
	at org.springframework.boot.devtools.restart.RestartLauncher.run(RestartLauncher.java:52) ~[spring-boot-devtools-4.1.1.jar:4.1.1]
Caused by: org.springframework.jdbc.datasource.init.ScriptStatementFailedException: Failed to execute SQL script statement #7 of file [C:\Users\flore\Documents\UNIVERSIDAD\Sexto Semestre\Compunet 2\SpringBoot\PreParcial_CopaMundial\demo\target\classes\data.sql]: INSERT INTO PLAYER(name, birth_date, country_id, position, fifa_score) VALUES ('James R', 1, CURRENT_TIMESTAMP, 'MC', 98)
	at org.springframework.jdbc.datasource.init.ScriptUtils.executeSqlScript(ScriptUtils.java:293) ~[spring-jdbc-7.0.9.jar:7.0.9]
	at org.springframework.jdbc.datasource.init.ResourceDatabasePopulator.populate(ResourceDatabasePopulator.java:254) ~[spring-jdbc-7.0.9.jar:7.0.9]
	at org.springframework.jdbc.datasource.init.DatabasePopulatorUtils.execute(DatabasePopulatorUtils.java:54) ~[spring-jdbc-7.0.9.jar:7.0.9]
	at org.springframework.boot.jdbc.init.DataSourceScriptDatabaseInitializer.runScripts(DataSourceScriptDatabaseInitializer.java:87) ~[spring-boot-jdbc-4.1.1.jar:4.1.1]
	at org.springframework.boot.sql.init.AbstractScriptDatabaseInitializer.runScripts(AbstractScriptDatabaseInitializer.java:159) ~[spring-boot-sql-4.1.1.jar:4.1.1]
	at org.springframework.boot.sql.init.AbstractScriptDatabaseInitializer.applyScripts(AbstractScriptDatabaseInitializer.java:120) ~[spring-boot-sql-4.1.1.jar:4.1.1]
	at org.springframework.boot.sql.init.AbstractScriptDatabaseInitializer.applyDataScripts(AbstractScriptDatabaseInitializer.java:113) ~[spring-boot-sql-4.1.1.jar:4.1.1]
	at org.springframework.boot.sql.init.AbstractScriptDatabaseInitializer.initializeDatabase(AbstractScriptDatabaseInitializer.java:88) ~[spring-boot-sql-4.1.1.jar:4.1.1]
	at org.springframework.boot.sql.init.AbstractScriptDatabaseInitializer.afterPropertiesSet(AbstractScriptDatabaseInitializer.java:77) ~[spring-boot-sql-4.1.1.jar:4.1.1]
	at org.springframework.beans.factory.support.AbstractAutowireCapableBeanFactory.invokeInitMethods(AbstractAutowireCapableBeanFactory.java:1862) ~[spring-beans-7.0.9.jar:7.0.9]
	at org.springframework.beans.factory.support.AbstractAutowireCapableBeanFactory.initializeBean(AbstractAutowireCapableBeanFactory.java:1811) ~[spring-beans-7.0.9.jar:7.0.9]
	... 21 common frames omitted
Caused by: org.h2.jdbc.JdbcSQLDataException: Conversión de datos fallida, convirtiendo "TIMESTAMP WITH TIME ZONE '2026-09-23 10:56:02.863235-05' (PLAYER: ""COUNTRY_ID"" INTEGER)"
Data conversion error converting "TIMESTAMP WITH TIME ZONE '2026-09-23 10:56:02.863235-05' (PLAYER: ""COUNTRY_ID"" INTEGER)"; SQL statement:
INSERT INTO PLAYER(name, birth_date, country_id, position, fifa_score) VALUES ('James R', 1, CURRENT_TIMESTAMP, 'MC', 98) [22018-240]
	at org.h2.message.DbException.getJdbcSQLException(DbException.java:518) ~[h2-2.4.240.jar:2.4.240]
	at org.h2.message.DbException.getJdbcSQLException(DbException.java:489) ~[h2-2.4.240.jar:2.4.240]
	at org.h2.message.DbException.get(DbException.java:212) ~[h2-2.4.240.jar:2.4.240]
	at org.h2.table.Column.getDataConversionError(Column.java:454) ~[h2-2.4.240.jar:2.4.240]
	at org.h2.table.Column.validateConvertUpdateSequence(Column.java:413) ~[h2-2.4.240.jar:2.4.240]
	at org.h2.table.Table.convertInsertRow(Table.java:948) ~[h2-2.4.240.jar:2.4.240]
	at org.h2.command.dml.Insert.insertRows(Insert.java:167) ~[h2-2.4.240.jar:2.4.240]
	at org.h2.command.dml.Insert.update(Insert.java:135) ~[h2-2.4.240.jar:2.4.240]
	at org.h2.command.dml.DataChangeStatement.update(DataChangeStatement.java:77) ~[h2-2.4.240.jar:2.4.240]
	at org.h2.command.CommandContainer.update(CommandContainer.java:139) ~[h2-2.4.240.jar:2.4.240]
	at org.h2.command.Command.executeUpdate(Command.java:306) ~[h2-2.4.240.jar:2.4.240]
	at org.h2.command.Command.executeUpdate(Command.java:250) ~[h2-2.4.240.jar:2.4.240]
	at org.h2.jdbc.JdbcStatement.executeInternal(JdbcStatement.java:262) ~[h2-2.4.240.jar:2.4.240]
	at org.h2.jdbc.JdbcStatement.execute(JdbcStatement.java:231) ~[h2-2.4.240.jar:2.4.240]
	at com.zaxxer.hikari.pool.ProxyStatement.execute(ProxyStatement.java:95) ~[HikariCP-7.0.2.jar:na]
	at com.zaxxer.hikari.pool.HikariProxyStatement.execute(HikariProxyStatement.java) ~[HikariCP-7.0.2.jar:na]
	at org.springframework.jdbc.datasource.init.ScriptUtils.executeSqlScript(ScriptUtils.java:261) ~[spring-jdbc-7.0.9.jar:7.0.9]
	... 31 common frames omitted
Caused by: org.h2.message.DbException: Conversión de datos fallida, convirtiendo "TIMESTAMP WITH TIME ZONE to INTEGER"
Data conversion error converting "TIMESTAMP WITH TIME ZONE to INTEGER" [22018-240]
	at org.h2.message.DbException.get(DbException.java:223) ~[h2-2.4.240.jar:2.4.240]
	at org.h2.message.DbException.get(DbException.java:199) ~[h2-2.4.240.jar:2.4.240]
	at org.h2.value.Value.getDataConversionError(Value.java:2596) ~[h2-2.4.240.jar:2.4.240]
	at org.h2.value.Value.convertToInt(Value.java:1637) ~[h2-2.4.240.jar:2.4.240]
	at org.h2.value.Value.convertTo(Value.java:1166) ~[h2-2.4.240.jar:2.4.240]
	at org.h2.value.Value.convertForAssignTo(Value.java:1123) ~[h2-2.4.240.jar:2.4.240]
	at org.h2.table.Column.validateConvertUpdateSequence(Column.java:410) ~[h2-2.4.240.jar:2.4.240]
	... 43 common frames omitted
Caused by: org.h2.jdbc.JdbcSQLDataException: Conversión de datos fallida, convirtiendo "TIMESTAMP WITH TIME ZONE to INTEGER"
Data conversion error converting "TIMESTAMP WITH TIME ZONE to INTEGER" [22018-240]
	at org.h2.message.DbException.getJdbcSQLException(DbException.java:518) ~[h2-2.4.240.jar:2.4.240]
	at org.h2.message.DbException.getJdbcSQLException(DbException.java:489) ~[h2-2.4.240.jar:2.4.240]
	... 50 common frames omitted

2026-09-23 11:10:18.627  INFO 5788 --- [fifa] [restartedMain] com.example.demo.DemoApplication         : Starting DemoApplication using Java 24.0.2 with PID 5788 (C:\Users\flore\Documents\UNIVERSIDAD\Sexto Semestre\Compunet 2\SpringBoot\PreParcial_CopaMundial\demo\target\classes started by flore in C:\Users\flore\Documents\UNIVERSIDAD\Sexto Semestre\Compunet 2\SpringBoot\PreParcial_CopaMundial\demo)
2026-09-23 11:10:18.629  INFO 5788 --- [fifa] [restartedMain] com.example.demo.DemoApplication         : The following 1 profile is active: "dev"
2026-09-23 11:10:18.676  INFO 5788 --- [fifa] [restartedMain] .e.DevToolsPropertyDefaultsPostProcessor : Devtools property defaults active! Set 'spring.devtools.add-properties' to 'false' to disable
2026-09-23 11:10:18.676  INFO 5788 --- [fifa] [restartedMain] .e.DevToolsPropertyDefaultsPostProcessor : For additional web related logging consider setting the 'logging.level.web' property to 'DEBUG'
2026-09-23 11:10:19.248  INFO 5788 --- [fifa] [restartedMain] .s.d.r.c.RepositoryConfigurationDelegate : Bootstrapping Spring Data JPA repositories in DEFAULT mode.
2026-09-23 11:10:19.317  INFO 5788 --- [fifa] [restartedMain] .s.d.r.c.RepositoryConfigurationDelegate : Finished Spring Data repository scanning in 61 ms. Found 5 JPA repository interfaces.
2026-09-23 11:10:19.805  INFO 5788 --- [fifa] [restartedMain] o.s.boot.tomcat.TomcatWebServer          : Tomcat initialized with port 8081 (http)
2026-09-23 11:10:19.819  INFO 5788 --- [fifa] [restartedMain] o.apache.catalina.core.StandardService   : Starting service [Tomcat]
2026-09-23 11:10:19.820  INFO 5788 --- [fifa] [restartedMain] o.apache.catalina.core.StandardEngine    : Starting Servlet engine: [Apache Tomcat/11.0.24]
2026-09-23 11:10:19.864  INFO 5788 --- [fifa] [restartedMain] b.w.c.s.WebApplicationContextInitializer : Root WebApplicationContext: initialization completed in 1187 ms
2026-09-23 11:10:20.016  INFO 5788 --- [fifa] [restartedMain] org.hibernate.orm.jpa                    : HHH008540: Processing PersistenceUnitInfo [name: default]
2026-09-23 11:10:20.067  INFO 5788 --- [fifa] [restartedMain] org.hibernate.orm.core                   : HHH000001: Hibernate ORM core version 7.4.5.Final
2026-09-23 11:10:20.513  INFO 5788 --- [fifa] [restartedMain] o.s.o.j.p.SpringPersistenceUnitInfo      : No LoadTimeWeaver setup: ignoring JPA class transformer
2026-09-23 11:10:20.545  INFO 5788 --- [fifa] [restartedMain] com.zaxxer.hikari.HikariDataSource       : HikariPool-1 - Starting...
2026-09-23 11:10:20.703  INFO 5788 --- [fifa] [restartedMain] com.zaxxer.hikari.pool.HikariPool        : HikariPool-1 - Added connection conn0: url=jdbc:h2:mem:db-kevin user=POSTGRES
2026-09-23 11:10:20.705  INFO 5788 --- [fifa] [restartedMain] com.zaxxer.hikari.HikariDataSource       : HikariPool-1 - Start completed.
2026-09-23 11:10:20.762  INFO 5788 --- [fifa] [restartedMain] org.hibernate.orm.connections.pooling    : HHH10001005: Database info:
	Database JDBC URL [jdbc:h2:mem:db-kevin]
	Database driver: H2 JDBC Driver
	Database dialect: H2Dialect
	Database version: 2.4.240
	Default catalog/schema: DB-KEVIN/PUBLIC
	Autocommit mode: undefined/unknown
	Isolation level: READ_COMMITTED [default READ_COMMITTED]
	JDBC fetch size: 100
	Pool: DataSourceConnectionProvider
	Minimum pool size: undefined/unknown
	Maximum pool size: undefined/unknown
2026-09-23 11:10:21.678  INFO 5788 --- [fifa] [restartedMain] org.hibernate.orm.core                   : HHH000489: No JTA platform available (set 'hibernate.transaction.jta.platform' to enable JTA platform integration)
2026-09-23 11:10:21.745  INFO 5788 --- [fifa] [restartedMain] j.LocalContainerEntityManagerFactoryBean : Initialized JPA EntityManagerFactory for persistence unit 'default'
2026-09-23 11:10:21.817  INFO 5788 --- [fifa] [restartedMain] o.s.d.j.r.query.QueryEnhancerFactories   : Hibernate is in classpath; If applicable, HQL parser will be used.
2026-09-23 11:10:22.024  WARN 5788 --- [fifa] [restartedMain] JpaBaseConfiguration$JpaWebConfiguration : spring.jpa.open-in-view is enabled by default. Therefore, database queries may be performed during view rendering. Explicitly configure spring.jpa.open-in-view to disable this warning
2026-09-23 11:10:22.275  INFO 5788 --- [fifa] [restartedMain] o.s.b.h.a.H2ConsoleAutoConfiguration     : H2 console available at '/h2-console'. Database available at 'jdbc:h2:mem:db-kevin'
2026-09-23 11:10:22.344  INFO 5788 --- [fifa] [restartedMain] o.s.boot.tomcat.TomcatWebServer          : Tomcat started on port 8081 (http) with context path '/fifaparcial'
2026-09-23 11:10:22.349  INFO 5788 --- [fifa] [restartedMain] com.example.demo.DemoApplication         : Started DemoApplication in 4.162 seconds (process running for 4.641)
2026-09-23 11:10:37.145  INFO 5788 --- [fifa] [http-nio-8081-exec-1] o.a.c.c.C.[.[localhost].[/fifaparcial]   : Initializing Spring DispatcherServlet 'dispatcherServlet'
2026-09-23 11:10:37.146  INFO 5788 --- [fifa] [http-nio-8081-exec-1] o.s.web.servlet.DispatcherServlet        : Initializing Servlet 'dispatcherServlet'
2026-09-23 11:10:37.148  INFO 5788 --- [fifa] [http-nio-8081-exec-1] o.s.web.servlet.DispatcherServlet        : Completed initialization in 2 ms
2026-09-23 11:10:37.191  INFO 5788 --- [fifa] [http-nio-8081-exec-1] c.e.demo.service.impl.PlayerServiceImpl  : Fetching player de pais mierda Colombia y club club2
2026-09-23 11:10:38.046  WARN 5788 --- [fifa] [http-nio-8081-exec-1] .w.s.m.s.DefaultHandlerExceptionResolver : Ignoring exception, response committed already: org.springframework.http.converter.HttpMessageNotWritableException: Could not write JSON: Document nesting depth (501) exceeds the maximum allowed (500, from `StreamWriteConstraints.getMaxNestingDepth()`)
2026-09-23 11:10:38.047  WARN 5788 --- [fifa] [http-nio-8081-exec-1] .w.s.m.s.DefaultHandlerExceptionResolver : Resolved [org.springframework.http.converter.HttpMessageNotWritableException: Could not write JSON: Document nesting depth (501) exceeds the maximum allowed (500, from `StreamWriteConstraints.getMaxNestingDepth()`)]
2026-09-23 11:11:37.582  INFO 5788 --- [fifa] [File Watcher] rtingClassPathChangeChangedEventListener : Restarting due to 11 class path changes (0 additions, 0 deletions, 11 modifications)
2026-09-23 11:11:37.587  INFO 5788 --- [fifa] [Thread-1] o.s.boot.tomcat.GracefulShutdown         : Commencing graceful shutdown. Waiting for active requests to complete
2026-09-23 11:11:37.611  INFO 5788 --- [fifa] [tomcat-shutdown] o.s.boot.tomcat.GracefulShutdown         : Graceful shutdown complete
2026-09-23 11:11:37.619  INFO 5788 --- [fifa] [Thread-1] j.LocalContainerEntityManagerFactoryBean : Closing JPA EntityManagerFactory for persistence unit 'default'
2026-09-23 11:11:37.628  WARN 5788 --- [fifa] [Thread-1] o.s.b.f.support.DisposableBeanAdapter    : Invocation of destroy method failed on bean with name 'inMemoryDatabaseShutdownExecutor': org.h2.jdbc.JdbcSQLNonTransientConnectionException: La base de datos ya esta cerrada (para des-habilitar el cerrado automatico durante el shutdown de la VM, agregue ";DB_CLOSE_ON_EXIT=FALSE" a la URL de conexión)
Database is already closed (to disable automatic closing at VM shutdown, add ";DB_CLOSE_ON_EXIT=FALSE" to the db URL) [90121-240]
2026-09-23 11:11:37.628  INFO 5788 --- [fifa] [Thread-1] com.zaxxer.hikari.HikariDataSource       : HikariPool-1 - Shutdown initiated...
2026-09-23 11:11:37.629  INFO 5788 --- [fifa] [Thread-1] com.zaxxer.hikari.HikariDataSource       : HikariPool-1 - Shutdown completed.
2026-09-23 11:11:37.722  INFO 5788 --- [fifa] [restartedMain] com.example.demo.DemoApplication         : Starting DemoApplication using Java 24.0.2 with PID 5788 (C:\Users\flore\Documents\UNIVERSIDAD\Sexto Semestre\Compunet 2\SpringBoot\PreParcial_CopaMundial\demo\target\classes started by flore in C:\Users\flore\Documents\UNIVERSIDAD\Sexto Semestre\Compunet 2\SpringBoot\PreParcial_CopaMundial\demo)
2026-09-23 11:11:37.722  INFO 5788 --- [fifa] [restartedMain] com.example.demo.DemoApplication         : The following 1 profile is active: "dev"
2026-09-23 11:11:37.877  INFO 5788 --- [fifa] [restartedMain] .s.d.r.c.RepositoryConfigurationDelegate : Bootstrapping Spring Data JPA repositories in DEFAULT mode.
2026-09-23 11:11:37.899  INFO 5788 --- [fifa] [restartedMain] .s.d.r.c.RepositoryConfigurationDelegate : Finished Spring Data repository scanning in 19 ms. Found 5 JPA repository interfaces.
2026-09-23 11:11:37.980  INFO 5788 --- [fifa] [restartedMain] o.s.boot.tomcat.TomcatWebServer          : Tomcat initialized with port 8081 (http)
2026-09-23 11:11:37.981  INFO 5788 --- [fifa] [restartedMain] o.apache.catalina.core.StandardService   : Starting service [Tomcat]
2026-09-23 11:11:37.982  INFO 5788 --- [fifa] [restartedMain] o.apache.catalina.core.StandardEngine    : Starting Servlet engine: [Apache Tomcat/11.0.24]
2026-09-23 11:11:38.003  INFO 5788 --- [fifa] [restartedMain] b.w.c.s.WebApplicationContextInitializer : Root WebApplicationContext: initialization completed in 279 ms
2026-09-23 11:11:38.042  INFO 5788 --- [fifa] [restartedMain] org.hibernate.orm.jpa                    : HHH008540: Processing PersistenceUnitInfo [name: default]
2026-09-23 11:11:38.078  INFO 5788 --- [fifa] [restartedMain] o.s.o.j.p.SpringPersistenceUnitInfo      : No LoadTimeWeaver setup: ignoring JPA class transformer
2026-09-23 11:11:38.080  INFO 5788 --- [fifa] [restartedMain] com.zaxxer.hikari.HikariDataSource       : HikariPool-2 - Starting...
2026-09-23 11:11:38.082  INFO 5788 --- [fifa] [restartedMain] com.zaxxer.hikari.pool.HikariPool        : HikariPool-2 - Added connection conn5: url=jdbc:h2:mem:db-kevin user=POSTGRES
2026-09-23 11:11:38.083  INFO 5788 --- [fifa] [restartedMain] com.zaxxer.hikari.HikariDataSource       : HikariPool-2 - Start completed.
2026-09-23 11:11:38.083  INFO 5788 --- [fifa] [restartedMain] org.hibernate.orm.connections.pooling    : HHH10001005: Database info:
	Database JDBC URL [jdbc:h2:mem:db-kevin]
	Database driver: H2 JDBC Driver
	Database dialect: H2Dialect
	Database version: 2.4.240
	Default catalog/schema: DB-KEVIN/PUBLIC
	Autocommit mode: undefined/unknown
	Isolation level: READ_COMMITTED [default READ_COMMITTED]
	JDBC fetch size: 100
	Pool: DataSourceConnectionProvider
	Minimum pool size: undefined/unknown
	Maximum pool size: undefined/unknown
2026-09-23 11:11:38.184  INFO 5788 --- [fifa] [restartedMain] org.hibernate.orm.core                   : HHH000489: No JTA platform available (set 'hibernate.transaction.jta.platform' to enable JTA platform integration)
2026-09-23 11:11:38.196  INFO 5788 --- [fifa] [restartedMain] j.LocalContainerEntityManagerFactoryBean : Initialized JPA EntityManagerFactory for persistence unit 'default'
2026-09-23 11:11:38.287  WARN 5788 --- [fifa] [restartedMain] JpaBaseConfiguration$JpaWebConfiguration : spring.jpa.open-in-view is enabled by default. Therefore, database queries may be performed during view rendering. Explicitly configure spring.jpa.open-in-view to disable this warning
2026-09-23 11:11:38.355  INFO 5788 --- [fifa] [restartedMain] o.s.b.h.a.H2ConsoleAutoConfiguration     : H2 console available at '/h2-console'. Database available at 'jdbc:h2:mem:db-kevin'
2026-09-23 11:11:38.387  INFO 5788 --- [fifa] [restartedMain] o.s.boot.tomcat.TomcatWebServer          : Tomcat started on port 8081 (http) with context path '/fifaparcial'
2026-09-23 11:11:38.390  INFO 5788 --- [fifa] [restartedMain] com.example.demo.DemoApplication         : Started DemoApplication in 0.7 seconds (process running for 80.682)
2026-09-23 11:11:38.392  INFO 5788 --- [fifa] [restartedMain] .ConditionEvaluationDeltaLoggingListener : Condition evaluation unchanged
2026-09-23 11:11:40.037  INFO 5788 --- [fifa] [http-nio-8081-exec-1] o.a.c.c.C.[.[localhost].[/fifaparcial]   : Initializing Spring DispatcherServlet 'dispatcherServlet'
2026-09-23 11:11:40.037  INFO 5788 --- [fifa] [http-nio-8081-exec-1] o.s.web.servlet.DispatcherServlet        : Initializing Servlet 'dispatcherServlet'
2026-09-23 11:11:40.037  INFO 5788 --- [fifa] [http-nio-8081-exec-1] o.s.web.servlet.DispatcherServlet        : Completed initialization in 0 ms
2026-09-23 11:11:40.039  INFO 5788 --- [fifa] [http-nio-8081-exec-1] c.e.demo.service.impl.PlayerServiceImpl  : Fetching player de pais mierda Colombia y club club2
2026-09-23 11:11:40.074  WARN 5788 --- [fifa] [http-nio-8081-exec-1] .w.s.m.s.DefaultHandlerExceptionResolver : Ignoring exception, response committed already: org.springframework.http.converter.HttpMessageNotWritableException: Could not write JSON: Document nesting depth (501) exceeds the maximum allowed (500, from `StreamWriteConstraints.getMaxNestingDepth()`)
2026-09-23 11:11:40.075  WARN 5788 --- [fifa] [http-nio-8081-exec-1] .w.s.m.s.DefaultHandlerExceptionResolver : Resolved [org.springframework.http.converter.HttpMessageNotWritableException: Could not write JSON: Document nesting depth (501) exceeds the maximum allowed (500, from `StreamWriteConstraints.getMaxNestingDepth()`)]
2026-09-23 11:12:12.714  INFO 5788 --- [fifa] [File Watcher] rtingClassPathChangeChangedEventListener : Restarting due to 2 class path changes (0 additions, 0 deletions, 2 modifications)
2026-09-23 11:12:12.714  INFO 5788 --- [fifa] [Thread-5] o.s.boot.tomcat.GracefulShutdown         : Commencing graceful shutdown. Waiting for active requests to complete
2026-09-23 11:12:12.735  INFO 5788 --- [fifa] [tomcat-shutdown] o.s.boot.tomcat.GracefulShutdown         : Graceful shutdown complete
2026-09-23 11:12:12.735  INFO 5788 --- [fifa] [Thread-5] j.LocalContainerEntityManagerFactoryBean : Closing JPA EntityManagerFactory for persistence unit 'default'
2026-09-23 11:12:12.745  WARN 5788 --- [fifa] [Thread-5] o.s.b.f.support.DisposableBeanAdapter    : Invocation of destroy method failed on bean with name 'inMemoryDatabaseShutdownExecutor': org.h2.jdbc.JdbcSQLNonTransientConnectionException: La base de datos ya esta cerrada (para des-habilitar el cerrado automatico durante el shutdown de la VM, agregue ";DB_CLOSE_ON_EXIT=FALSE" a la URL de conexión)
Database is already closed (to disable automatic closing at VM shutdown, add ";DB_CLOSE_ON_EXIT=FALSE" to the db URL) [90121-240]
2026-09-23 11:12:12.746  INFO 5788 --- [fifa] [Thread-5] com.zaxxer.hikari.HikariDataSource       : HikariPool-2 - Shutdown initiated...
2026-09-23 11:12:12.746  INFO 5788 --- [fifa] [Thread-5] com.zaxxer.hikari.HikariDataSource       : HikariPool-2 - Shutdown completed.
2026-09-23 11:12:12.844  INFO 5788 --- [fifa] [restartedMain] com.example.demo.DemoApplication         : Starting DemoApplication using Java 24.0.2 with PID 5788 (C:\Users\flore\Documents\UNIVERSIDAD\Sexto Semestre\Compunet 2\SpringBoot\PreParcial_CopaMundial\demo\target\classes started by flore in C:\Users\flore\Documents\UNIVERSIDAD\Sexto Semestre\Compunet 2\SpringBoot\PreParcial_CopaMundial\demo)
2026-09-23 11:12:12.844  INFO 5788 --- [fifa] [restartedMain] com.example.demo.DemoApplication         : The following 1 profile is active: "dev"
2026-09-23 11:12:13.135  INFO 5788 --- [fifa] [restartedMain] .s.d.r.c.RepositoryConfigurationDelegate : Bootstrapping Spring Data JPA repositories in DEFAULT mode.
2026-09-23 11:12:13.165  INFO 5788 --- [fifa] [restartedMain] .s.d.r.c.RepositoryConfigurationDelegate : Finished Spring Data repository scanning in 24 ms. Found 5 JPA repository interfaces.
2026-09-23 11:12:13.244  INFO 5788 --- [fifa] [restartedMain] o.s.boot.tomcat.TomcatWebServer          : Tomcat initialized with port 8081 (http)
2026-09-23 11:12:13.245  INFO 5788 --- [fifa] [restartedMain] o.apache.catalina.core.StandardService   : Starting service [Tomcat]
2026-09-23 11:12:13.245  INFO 5788 --- [fifa] [restartedMain] o.apache.catalina.core.StandardEngine    : Starting Servlet engine: [Apache Tomcat/11.0.24]
2026-09-23 11:12:13.302  INFO 5788 --- [fifa] [restartedMain] b.w.c.s.WebApplicationContextInitializer : Root WebApplicationContext: initialization completed in 441 ms
2026-09-23 11:12:13.376  INFO 5788 --- [fifa] [restartedMain] org.hibernate.orm.jpa                    : HHH008540: Processing PersistenceUnitInfo [name: default]
2026-09-23 11:12:13.428  INFO 5788 --- [fifa] [restartedMain] o.s.o.j.p.SpringPersistenceUnitInfo      : No LoadTimeWeaver setup: ignoring JPA class transformer
2026-09-23 11:12:13.443  INFO 5788 --- [fifa] [restartedMain] com.zaxxer.hikari.HikariDataSource       : HikariPool-3 - Starting...
2026-09-23 11:12:13.447  INFO 5788 --- [fifa] [restartedMain] com.zaxxer.hikari.pool.HikariPool        : HikariPool-3 - Added connection conn10: url=jdbc:h2:mem:db-kevin user=POSTGRES
2026-09-23 11:12:13.448  INFO 5788 --- [fifa] [restartedMain] com.zaxxer.hikari.HikariDataSource       : HikariPool-3 - Start completed.
2026-09-23 11:12:13.449  INFO 5788 --- [fifa] [restartedMain] org.hibernate.orm.connections.pooling    : HHH10001005: Database info:
	Database JDBC URL [jdbc:h2:mem:db-kevin]
	Database driver: H2 JDBC Driver
	Database dialect: H2Dialect
	Database version: 2.4.240
	Default catalog/schema: DB-KEVIN/PUBLIC
	Autocommit mode: undefined/unknown
	Isolation level: READ_COMMITTED [default READ_COMMITTED]
	JDBC fetch size: 100
	Pool: DataSourceConnectionProvider
	Minimum pool size: undefined/unknown
	Maximum pool size: undefined/unknown
2026-09-23 11:12:13.687  INFO 5788 --- [fifa] [restartedMain] org.hibernate.orm.core                   : HHH000489: No JTA platform available (set 'hibernate.transaction.jta.platform' to enable JTA platform integration)
2026-09-23 11:12:13.711  INFO 5788 --- [fifa] [restartedMain] j.LocalContainerEntityManagerFactoryBean : Initialized JPA EntityManagerFactory for persistence unit 'default'
2026-09-23 11:12:13.842  WARN 5788 --- [fifa] [restartedMain] JpaBaseConfiguration$JpaWebConfiguration : spring.jpa.open-in-view is enabled by default. Therefore, database queries may be performed during view rendering. Explicitly configure spring.jpa.open-in-view to disable this warning
2026-09-23 11:12:13.938  INFO 5788 --- [fifa] [restartedMain] o.s.b.h.a.H2ConsoleAutoConfiguration     : H2 console available at '/h2-console'. Database available at 'jdbc:h2:mem:db-kevin'
2026-09-23 11:12:13.985  INFO 5788 --- [fifa] [restartedMain] o.s.boot.tomcat.TomcatWebServer          : Tomcat started on port 8081 (http) with context path '/fifaparcial'
2026-09-23 11:12:13.987  INFO 5788 --- [fifa] [restartedMain] com.example.demo.DemoApplication         : Started DemoApplication in 1.192 seconds (process running for 116.28)
2026-09-23 11:12:13.989  INFO 5788 --- [fifa] [restartedMain] .ConditionEvaluationDeltaLoggingListener : Condition evaluation unchanged
2026-09-23 11:12:14.061  INFO 5788 --- [fifa] [http-nio-8081-exec-1] o.a.c.c.C.[.[localhost].[/fifaparcial]   : Initializing Spring DispatcherServlet 'dispatcherServlet'
2026-09-23 11:12:14.063  INFO 5788 --- [fifa] [http-nio-8081-exec-1] o.s.web.servlet.DispatcherServlet        : Initializing Servlet 'dispatcherServlet'
2026-09-23 11:12:14.064  INFO 5788 --- [fifa] [http-nio-8081-exec-1] o.s.web.servlet.DispatcherServlet        : Completed initialization in 1 ms
2026-09-23 11:12:14.066  INFO 5788 --- [fifa] [http-nio-8081-exec-1] c.e.demo.service.impl.PlayerServiceImpl  : Fetching player de pais mierda Colombia y club club2
2026-09-23 11:12:16.863  INFO 5788 --- [fifa] [http-nio-8081-exec-2] c.e.demo.service.impl.PlayerServiceImpl  : Fetching player de pais mierda Colombia y club club2
2026-09-23 11:13:30.772  INFO 5788 --- [fifa] [File Watcher] rtingClassPathChangeChangedEventListener : Restarting due to 1 class path change (0 additions, 0 deletions, 1 modification)
2026-09-23 11:13:30.774  INFO 5788 --- [fifa] [Thread-10] o.s.boot.tomcat.GracefulShutdown         : Commencing graceful shutdown. Waiting for active requests to complete
2026-09-23 11:13:30.797  INFO 5788 --- [fifa] [tomcat-shutdown] o.s.boot.tomcat.GracefulShutdown         : Graceful shutdown complete
2026-09-23 11:13:30.798  INFO 5788 --- [fifa] [Thread-10] j.LocalContainerEntityManagerFactoryBean : Closing JPA EntityManagerFactory for persistence unit 'default'
2026-09-23 11:13:30.800  WARN 5788 --- [fifa] [Thread-10] o.s.b.f.support.DisposableBeanAdapter    : Invocation of destroy method failed on bean with name 'inMemoryDatabaseShutdownExecutor': org.h2.jdbc.JdbcSQLNonTransientConnectionException: La base de datos ya esta cerrada (para des-habilitar el cerrado automatico durante el shutdown de la VM, agregue ";DB_CLOSE_ON_EXIT=FALSE" a la URL de conexión)
Database is already closed (to disable automatic closing at VM shutdown, add ";DB_CLOSE_ON_EXIT=FALSE" to the db URL) [90121-240]
2026-09-23 11:13:30.800  INFO 5788 --- [fifa] [Thread-10] com.zaxxer.hikari.HikariDataSource       : HikariPool-3 - Shutdown initiated...
2026-09-23 11:13:30.801  INFO 5788 --- [fifa] [Thread-10] com.zaxxer.hikari.HikariDataSource       : HikariPool-3 - Shutdown completed.
2026-09-23 11:13:30.885  INFO 5788 --- [fifa] [restartedMain] com.example.demo.DemoApplication         : Starting DemoApplication using Java 24.0.2 with PID 5788 (C:\Users\flore\Documents\UNIVERSIDAD\Sexto Semestre\Compunet 2\SpringBoot\PreParcial_CopaMundial\demo\target\classes started by flore in C:\Users\flore\Documents\UNIVERSIDAD\Sexto Semestre\Compunet 2\SpringBoot\PreParcial_CopaMundial\demo)
2026-09-23 11:13:30.887  INFO 5788 --- [fifa] [restartedMain] com.example.demo.DemoApplication         : The following 1 profile is active: "dev"
2026-09-23 11:13:31.027  INFO 5788 --- [fifa] [restartedMain] .s.d.r.c.RepositoryConfigurationDelegate : Bootstrapping Spring Data JPA repositories in DEFAULT mode.
2026-09-23 11:13:31.047  INFO 5788 --- [fifa] [restartedMain] .s.d.r.c.RepositoryConfigurationDelegate : Finished Spring Data repository scanning in 18 ms. Found 5 JPA repository interfaces.
2026-09-23 11:13:31.109  INFO 5788 --- [fifa] [restartedMain] o.s.boot.tomcat.TomcatWebServer          : Tomcat initialized with port 8081 (http)
2026-09-23 11:13:31.110  INFO 5788 --- [fifa] [restartedMain] o.apache.catalina.core.StandardService   : Starting service [Tomcat]
2026-09-23 11:13:31.110  INFO 5788 --- [fifa] [restartedMain] o.apache.catalina.core.StandardEngine    : Starting Servlet engine: [Apache Tomcat/11.0.24]
2026-09-23 11:13:31.132  INFO 5788 --- [fifa] [restartedMain] b.w.c.s.WebApplicationContextInitializer : Root WebApplicationContext: initialization completed in 244 ms
2026-09-23 11:13:31.157  INFO 5788 --- [fifa] [restartedMain] org.hibernate.orm.jpa                    : HHH008540: Processing PersistenceUnitInfo [name: default]
2026-09-23 11:13:31.188  INFO 5788 --- [fifa] [restartedMain] o.s.o.j.p.SpringPersistenceUnitInfo      : No LoadTimeWeaver setup: ignoring JPA class transformer
2026-09-23 11:13:31.189  INFO 5788 --- [fifa] [restartedMain] com.zaxxer.hikari.HikariDataSource       : HikariPool-4 - Starting...
2026-09-23 11:13:31.191  INFO 5788 --- [fifa] [restartedMain] com.zaxxer.hikari.pool.HikariPool        : HikariPool-4 - Added connection conn15: url=jdbc:h2:mem:db-kevin user=POSTGRES
2026-09-23 11:13:31.191  INFO 5788 --- [fifa] [restartedMain] com.zaxxer.hikari.HikariDataSource       : HikariPool-4 - Start completed.
2026-09-23 11:13:31.192  INFO 5788 --- [fifa] [restartedMain] org.hibernate.orm.connections.pooling    : HHH10001005: Database info:
	Database JDBC URL [jdbc:h2:mem:db-kevin]
	Database driver: H2 JDBC Driver
	Database dialect: H2Dialect
	Database version: 2.4.240
	Default catalog/schema: DB-KEVIN/PUBLIC
	Autocommit mode: undefined/unknown
	Isolation level: READ_COMMITTED [default READ_COMMITTED]
	JDBC fetch size: 100
	Pool: DataSourceConnectionProvider
	Minimum pool size: undefined/unknown
	Maximum pool size: undefined/unknown
2026-09-23 11:13:31.285  INFO 5788 --- [fifa] [restartedMain] org.hibernate.orm.core                   : HHH000489: No JTA platform available (set 'hibernate.transaction.jta.platform' to enable JTA platform integration)
2026-09-23 11:13:31.295  INFO 5788 --- [fifa] [restartedMain] j.LocalContainerEntityManagerFactoryBean : Initialized JPA EntityManagerFactory for persistence unit 'default'
2026-09-23 11:13:31.374  WARN 5788 --- [fifa] [restartedMain] JpaBaseConfiguration$JpaWebConfiguration : spring.jpa.open-in-view is enabled by default. Therefore, database queries may be performed during view rendering. Explicitly configure spring.jpa.open-in-view to disable this warning
2026-09-23 11:13:31.424  INFO 5788 --- [fifa] [restartedMain] o.s.b.h.a.H2ConsoleAutoConfiguration     : H2 console available at '/h2-console'. Database available at 'jdbc:h2:mem:db-kevin'
2026-09-23 11:13:31.441  INFO 5788 --- [fifa] [restartedMain] o.s.boot.tomcat.TomcatWebServer          : Tomcat started on port 8081 (http) with context path '/fifaparcial'
2026-09-23 11:13:31.443  INFO 5788 --- [fifa] [restartedMain] com.example.demo.DemoApplication         : Started DemoApplication in 0.58 seconds (process running for 193.736)
2026-09-23 11:13:31.443  INFO 5788 --- [fifa] [restartedMain] .ConditionEvaluationDeltaLoggingListener : Condition evaluation unchanged
2026-09-23 11:13:45.969  INFO 5788 --- [fifa] [http-nio-8081-exec-1] o.a.c.c.C.[.[localhost].[/fifaparcial]   : Initializing Spring DispatcherServlet 'dispatcherServlet'
2026-09-23 11:13:45.969  INFO 5788 --- [fifa] [http-nio-8081-exec-1] o.s.web.servlet.DispatcherServlet        : Initializing Servlet 'dispatcherServlet'
2026-09-23 11:13:45.969  INFO 5788 --- [fifa] [http-nio-8081-exec-1] o.s.web.servlet.DispatcherServlet        : Completed initialization in 0 ms
2026-09-23 11:13:45.969  INFO 5788 --- [fifa] [http-nio-8081-exec-1] c.e.demo.service.impl.PlayerServiceImpl  : Fetching player de pais mierda Colombia y club club1
2026-09-23 11:15:28.483  INFO 5788 --- [fifa] [File Watcher] rtingClassPathChangeChangedEventListener : Restarting due to 1 class path change (0 additions, 0 deletions, 1 modification)
2026-09-23 11:15:28.485  INFO 5788 --- [fifa] [Thread-14] o.s.boot.tomcat.GracefulShutdown         : Commencing graceful shutdown. Waiting for active requests to complete
2026-09-23 11:15:28.512  INFO 5788 --- [fifa] [tomcat-shutdown] o.s.boot.tomcat.GracefulShutdown         : Graceful shutdown complete
2026-09-23 11:15:28.513  INFO 5788 --- [fifa] [Thread-14] j.LocalContainerEntityManagerFactoryBean : Closing JPA EntityManagerFactory for persistence unit 'default'
2026-09-23 11:15:28.516  WARN 5788 --- [fifa] [Thread-14] o.s.b.f.support.DisposableBeanAdapter    : Invocation of destroy method failed on bean with name 'inMemoryDatabaseShutdownExecutor': org.h2.jdbc.JdbcSQLNonTransientConnectionException: La base de datos ya esta cerrada (para des-habilitar el cerrado automatico durante el shutdown de la VM, agregue ";DB_CLOSE_ON_EXIT=FALSE" a la URL de conexión)
Database is already closed (to disable automatic closing at VM shutdown, add ";DB_CLOSE_ON_EXIT=FALSE" to the db URL) [90121-240]
2026-09-23 11:15:28.516  INFO 5788 --- [fifa] [Thread-14] com.zaxxer.hikari.HikariDataSource       : HikariPool-4 - Shutdown initiated...
2026-09-23 11:15:28.517  INFO 5788 --- [fifa] [Thread-14] com.zaxxer.hikari.HikariDataSource       : HikariPool-4 - Shutdown completed.
2026-09-23 11:15:28.602  INFO 5788 --- [fifa] [restartedMain] com.example.demo.DemoApplication         : Starting DemoApplication using Java 24.0.2 with PID 5788 (C:\Users\flore\Documents\UNIVERSIDAD\Sexto Semestre\Compunet 2\SpringBoot\PreParcial_CopaMundial\demo\target\classes started by flore in C:\Users\flore\Documents\UNIVERSIDAD\Sexto Semestre\Compunet 2\SpringBoot\PreParcial_CopaMundial\demo)
2026-09-23 11:15:28.603  INFO 5788 --- [fifa] [restartedMain] com.example.demo.DemoApplication         : The following 1 profile is active: "dev"
2026-09-23 11:15:28.741  INFO 5788 --- [fifa] [restartedMain] .s.d.r.c.RepositoryConfigurationDelegate : Bootstrapping Spring Data JPA repositories in DEFAULT mode.
2026-09-23 11:15:28.770  INFO 5788 --- [fifa] [restartedMain] .s.d.r.c.RepositoryConfigurationDelegate : Finished Spring Data repository scanning in 19 ms. Found 5 JPA repository interfaces.
2026-09-23 11:15:28.827  INFO 5788 --- [fifa] [restartedMain] o.s.boot.tomcat.TomcatWebServer          : Tomcat initialized with port 8081 (http)
2026-09-23 11:15:28.828  INFO 5788 --- [fifa] [restartedMain] o.apache.catalina.core.StandardService   : Starting service [Tomcat]
2026-09-23 11:15:28.828  INFO 5788 --- [fifa] [restartedMain] o.apache.catalina.core.StandardEngine    : Starting Servlet engine: [Apache Tomcat/11.0.24]
2026-09-23 11:15:28.849  INFO 5788 --- [fifa] [restartedMain] b.w.c.s.WebApplicationContextInitializer : Root WebApplicationContext: initialization completed in 245 ms
2026-09-23 11:15:28.875  INFO 5788 --- [fifa] [restartedMain] org.hibernate.orm.jpa                    : HHH008540: Processing PersistenceUnitInfo [name: default]
2026-09-23 11:15:28.907  INFO 5788 --- [fifa] [restartedMain] o.s.o.j.p.SpringPersistenceUnitInfo      : No LoadTimeWeaver setup: ignoring JPA class transformer
2026-09-23 11:15:28.908  INFO 5788 --- [fifa] [restartedMain] com.zaxxer.hikari.HikariDataSource       : HikariPool-5 - Starting...
2026-09-23 11:15:28.909  INFO 5788 --- [fifa] [restartedMain] com.zaxxer.hikari.pool.HikariPool        : HikariPool-5 - Added connection conn20: url=jdbc:h2:mem:db-kevin user=POSTGRES
2026-09-23 11:15:28.910  INFO 5788 --- [fifa] [restartedMain] com.zaxxer.hikari.HikariDataSource       : HikariPool-5 - Start completed.
2026-09-23 11:15:28.910  INFO 5788 --- [fifa] [restartedMain] org.hibernate.orm.connections.pooling    : HHH10001005: Database info:
	Database JDBC URL [jdbc:h2:mem:db-kevin]
	Database driver: H2 JDBC Driver
	Database dialect: H2Dialect
	Database version: 2.4.240
	Default catalog/schema: DB-KEVIN/PUBLIC
	Autocommit mode: undefined/unknown
	Isolation level: READ_COMMITTED [default READ_COMMITTED]
	JDBC fetch size: 100
	Pool: DataSourceConnectionProvider
	Minimum pool size: undefined/unknown
	Maximum pool size: undefined/unknown
2026-09-23 11:15:29.000  INFO 5788 --- [fifa] [restartedMain] org.hibernate.orm.core                   : HHH000489: No JTA platform available (set 'hibernate.transaction.jta.platform' to enable JTA platform integration)
2026-09-23 11:15:29.009  INFO 5788 --- [fifa] [restartedMain] j.LocalContainerEntityManagerFactoryBean : Initialized JPA EntityManagerFactory for persistence unit 'default'
2026-09-23 11:15:29.085  WARN 5788 --- [fifa] [restartedMain] JpaBaseConfiguration$JpaWebConfiguration : spring.jpa.open-in-view is enabled by default. Therefore, database queries may be performed during view rendering. Explicitly configure spring.jpa.open-in-view to disable this warning
2026-09-23 11:15:29.132  INFO 5788 --- [fifa] [restartedMain] o.s.b.h.a.H2ConsoleAutoConfiguration     : H2 console available at '/h2-console'. Database available at 'jdbc:h2:mem:db-kevin'
2026-09-23 11:15:29.148  INFO 5788 --- [fifa] [restartedMain] o.s.boot.tomcat.TomcatWebServer          : Tomcat started on port 8081 (http) with context path '/fifaparcial'
2026-09-23 11:15:29.149  INFO 5788 --- [fifa] [restartedMain] com.example.demo.DemoApplication         : Started DemoApplication in 0.571 seconds (process running for 311.442)
2026-09-23 11:15:29.150  INFO 5788 --- [fifa] [restartedMain] .ConditionEvaluationDeltaLoggingListener : Condition evaluation unchanged
2026-09-23 11:15:30.804  INFO 5788 --- [fifa] [http-nio-8081-exec-2] o.a.c.c.C.[.[localhost].[/fifaparcial]   : Initializing Spring DispatcherServlet 'dispatcherServlet'
2026-09-23 11:15:30.804  INFO 5788 --- [fifa] [http-nio-8081-exec-2] o.s.web.servlet.DispatcherServlet        : Initializing Servlet 'dispatcherServlet'
2026-09-23 11:15:30.804  INFO 5788 --- [fifa] [http-nio-8081-exec-2] o.s.web.servlet.DispatcherServlet        : Completed initialization in 0 ms
2026-09-23 11:15:30.804  INFO 5788 --- [fifa] [http-nio-8081-exec-2] c.e.demo.service.impl.PlayerServiceImpl  : Fetching player de pais mierda Colombia y club club1
2026-09-23 11:17:08.504  INFO 5788 --- [fifa] [File Watcher] rtingClassPathChangeChangedEventListener : Restarting due to 2 class path changes (0 additions, 0 deletions, 2 modifications)
2026-09-23 11:17:08.508  INFO 5788 --- [fifa] [Thread-18] o.s.boot.tomcat.GracefulShutdown         : Commencing graceful shutdown. Waiting for active requests to complete
2026-09-23 11:17:08.535  INFO 5788 --- [fifa] [tomcat-shutdown] o.s.boot.tomcat.GracefulShutdown         : Graceful shutdown complete
2026-09-23 11:17:08.536  INFO 5788 --- [fifa] [Thread-18] j.LocalContainerEntityManagerFactoryBean : Closing JPA EntityManagerFactory for persistence unit 'default'
2026-09-23 11:17:08.538  WARN 5788 --- [fifa] [Thread-18] o.s.b.f.support.DisposableBeanAdapter    : Invocation of destroy method failed on bean with name 'inMemoryDatabaseShutdownExecutor': org.h2.jdbc.JdbcSQLNonTransientConnectionException: La base de datos ya esta cerrada (para des-habilitar el cerrado automatico durante el shutdown de la VM, agregue ";DB_CLOSE_ON_EXIT=FALSE" a la URL de conexión)
Database is already closed (to disable automatic closing at VM shutdown, add ";DB_CLOSE_ON_EXIT=FALSE" to the db URL) [90121-240]
2026-09-23 11:17:08.538  INFO 5788 --- [fifa] [Thread-18] com.zaxxer.hikari.HikariDataSource       : HikariPool-5 - Shutdown initiated...
2026-09-23 11:17:08.539  INFO 5788 --- [fifa] [Thread-18] com.zaxxer.hikari.HikariDataSource       : HikariPool-5 - Shutdown completed.
2026-09-23 11:17:08.642  INFO 5788 --- [fifa] [restartedMain] com.example.demo.DemoApplication         : Starting DemoApplication using Java 24.0.2 with PID 5788 (C:\Users\flore\Documents\UNIVERSIDAD\Sexto Semestre\Compunet 2\SpringBoot\PreParcial_CopaMundial\demo\target\classes started by flore in C:\Users\flore\Documents\UNIVERSIDAD\Sexto Semestre\Compunet 2\SpringBoot\PreParcial_CopaMundial\demo)
2026-09-23 11:17:08.642  INFO 5788 --- [fifa] [restartedMain] com.example.demo.DemoApplication         : The following 1 profile is active: "dev"
2026-09-23 11:17:08.780  INFO 5788 --- [fifa] [restartedMain] .s.d.r.c.RepositoryConfigurationDelegate : Bootstrapping Spring Data JPA repositories in DEFAULT mode.
2026-09-23 11:17:08.807  INFO 5788 --- [fifa] [restartedMain] .s.d.r.c.RepositoryConfigurationDelegate : Finished Spring Data repository scanning in 25 ms. Found 5 JPA repository interfaces.
2026-09-23 11:17:08.889  INFO 5788 --- [fifa] [restartedMain] o.s.boot.tomcat.TomcatWebServer          : Tomcat initialized with port 8081 (http)
2026-09-23 11:17:08.890  INFO 5788 --- [fifa] [restartedMain] o.apache.catalina.core.StandardService   : Starting service [Tomcat]
2026-09-23 11:17:08.890  INFO 5788 --- [fifa] [restartedMain] o.apache.catalina.core.StandardEngine    : Starting Servlet engine: [Apache Tomcat/11.0.24]
2026-09-23 11:17:08.913  INFO 5788 --- [fifa] [restartedMain] b.w.c.s.WebApplicationContextInitializer : Root WebApplicationContext: initialization completed in 270 ms
2026-09-23 11:17:08.945  INFO 5788 --- [fifa] [restartedMain] org.hibernate.orm.jpa                    : HHH008540: Processing PersistenceUnitInfo [name: default]
2026-09-23 11:17:08.978  INFO 5788 --- [fifa] [restartedMain] o.s.o.j.p.SpringPersistenceUnitInfo      : No LoadTimeWeaver setup: ignoring JPA class transformer
2026-09-23 11:17:08.979  INFO 5788 --- [fifa] [restartedMain] com.zaxxer.hikari.HikariDataSource       : HikariPool-6 - Starting...
2026-09-23 11:17:08.981  INFO 5788 --- [fifa] [restartedMain] com.zaxxer.hikari.pool.HikariPool        : HikariPool-6 - Added connection conn25: url=jdbc:h2:mem:db-kevin user=POSTGRES
2026-09-23 11:17:08.982  INFO 5788 --- [fifa] [restartedMain] com.zaxxer.hikari.HikariDataSource       : HikariPool-6 - Start completed.
2026-09-23 11:17:08.983  INFO 5788 --- [fifa] [restartedMain] org.hibernate.orm.connections.pooling    : HHH10001005: Database info:
	Database JDBC URL [jdbc:h2:mem:db-kevin]
	Database driver: H2 JDBC Driver
	Database dialect: H2Dialect
	Database version: 2.4.240
	Default catalog/schema: DB-KEVIN/PUBLIC
	Autocommit mode: undefined/unknown
	Isolation level: READ_COMMITTED [default READ_COMMITTED]
	JDBC fetch size: 100
	Pool: DataSourceConnectionProvider
	Minimum pool size: undefined/unknown
	Maximum pool size: undefined/unknown
2026-09-23 11:17:09.067  INFO 5788 --- [fifa] [restartedMain] org.hibernate.orm.core                   : HHH000489: No JTA platform available (set 'hibernate.transaction.jta.platform' to enable JTA platform integration)
2026-09-23 11:17:09.076  INFO 5788 --- [fifa] [restartedMain] j.LocalContainerEntityManagerFactoryBean : Initialized JPA EntityManagerFactory for persistence unit 'default'
2026-09-23 11:17:09.156  WARN 5788 --- [fifa] [restartedMain] JpaBaseConfiguration$JpaWebConfiguration : spring.jpa.open-in-view is enabled by default. Therefore, database queries may be performed during view rendering. Explicitly configure spring.jpa.open-in-view to disable this warning
2026-09-23 11:17:09.240  INFO 5788 --- [fifa] [restartedMain] o.s.b.h.a.H2ConsoleAutoConfiguration     : H2 console available at '/h2-console'. Database available at 'jdbc:h2:mem:db-kevin'
2026-09-23 11:17:09.268  INFO 5788 --- [fifa] [restartedMain] o.s.boot.tomcat.TomcatWebServer          : Tomcat started on port 8081 (http) with context path '/fifaparcial'
2026-09-23 11:17:09.270  INFO 5788 --- [fifa] [restartedMain] com.example.demo.DemoApplication         : Started DemoApplication in 0.661 seconds (process running for 411.562)
2026-09-23 11:17:09.271  INFO 5788 --- [fifa] [restartedMain] .ConditionEvaluationDeltaLoggingListener : Condition evaluation unchanged
2026-09-23 11:17:12.170  INFO 5788 --- [fifa] [SpringApplicationShutdownHook] o.s.boot.tomcat.GracefulShutdown         : Commencing graceful shutdown. Waiting for active requests to complete
2026-09-23 11:17:12.197  INFO 5788 --- [fifa] [tomcat-shutdown] o.s.boot.tomcat.GracefulShutdown         : Graceful shutdown complete
2026-09-23 11:17:12.199  INFO 5788 --- [fifa] [SpringApplicationShutdownHook] j.LocalContainerEntityManagerFactoryBean : Closing JPA EntityManagerFactory for persistence unit 'default'
2026-09-23 11:17:12.201  WARN 5788 --- [fifa] [SpringApplicationShutdownHook] o.s.b.f.support.DisposableBeanAdapter    : Invocation of destroy method failed on bean with name 'inMemoryDatabaseShutdownExecutor': org.h2.jdbc.JdbcSQLNonTransientConnectionException: La base de datos ya esta cerrada (para des-habilitar el cerrado automatico durante el shutdown de la VM, agregue ";DB_CLOSE_ON_EXIT=FALSE" a la URL de conexión)
Database is already closed (to disable automatic closing at VM shutdown, add ";DB_CLOSE_ON_EXIT=FALSE" to the db URL) [90121-240]
2026-09-23 11:17:12.201  INFO 5788 --- [fifa] [SpringApplicationShutdownHook] com.zaxxer.hikari.HikariDataSource       : HikariPool-6 - Shutdown initiated...
2026-09-23 11:17:12.202  INFO 5788 --- [fifa] [SpringApplicationShutdownHook] com.zaxxer.hikari.HikariDataSource       : HikariPool-6 - Shutdown completed.
2026-09-23 11:27:17.953  INFO 10316 --- [fifa] [restartedMain] com.example.demo.DemoApplication         : Starting DemoApplication using Java 24.0.2 with PID 10316 (C:\Users\flore\Documents\UNIVERSIDAD\Sexto Semestre\Compunet 2\SpringBoot\PreParcial_CopaMundial\demo\target\classes started by flore in C:\Users\flore\Documents\UNIVERSIDAD\Sexto Semestre\Compunet 2\SpringBoot\PreParcial_CopaMundial\demo)
2026-09-23 11:27:17.955  INFO 10316 --- [fifa] [restartedMain] com.example.demo.DemoApplication         : The following 1 profile is active: "dev"
2026-09-23 11:27:18.005  INFO 10316 --- [fifa] [restartedMain] .e.DevToolsPropertyDefaultsPostProcessor : Devtools property defaults active! Set 'spring.devtools.add-properties' to 'false' to disable
2026-09-23 11:27:18.005  INFO 10316 --- [fifa] [restartedMain] .e.DevToolsPropertyDefaultsPostProcessor : For additional web related logging consider setting the 'logging.level.web' property to 'DEBUG'
2026-09-23 11:27:18.649  INFO 10316 --- [fifa] [restartedMain] .s.d.r.c.RepositoryConfigurationDelegate : Bootstrapping Spring Data JPA repositories in DEFAULT mode.
2026-09-23 11:27:18.717  INFO 10316 --- [fifa] [restartedMain] .s.d.r.c.RepositoryConfigurationDelegate : Finished Spring Data repository scanning in 59 ms. Found 5 JPA repository interfaces.
2026-09-23 11:27:19.350  INFO 10316 --- [fifa] [restartedMain] o.s.boot.tomcat.TomcatWebServer          : Tomcat initialized with port 8081 (http)
2026-09-23 11:27:19.374  INFO 10316 --- [fifa] [restartedMain] o.apache.catalina.core.StandardService   : Starting service [Tomcat]
2026-09-23 11:27:19.376  INFO 10316 --- [fifa] [restartedMain] o.apache.catalina.core.StandardEngine    : Starting Servlet engine: [Apache Tomcat/11.0.24]
2026-09-23 11:27:19.457  INFO 10316 --- [fifa] [restartedMain] b.w.c.s.WebApplicationContextInitializer : Root WebApplicationContext: initialization completed in 1451 ms
2026-09-23 11:27:19.633  INFO 10316 --- [fifa] [restartedMain] org.hibernate.orm.jpa                    : HHH008540: Processing PersistenceUnitInfo [name: default]
2026-09-23 11:27:19.690  INFO 10316 --- [fifa] [restartedMain] org.hibernate.orm.core                   : HHH000001: Hibernate ORM core version 7.4.5.Final
2026-09-23 11:27:20.179  INFO 10316 --- [fifa] [restartedMain] o.s.o.j.p.SpringPersistenceUnitInfo      : No LoadTimeWeaver setup: ignoring JPA class transformer
2026-09-23 11:27:20.218  INFO 10316 --- [fifa] [restartedMain] com.zaxxer.hikari.HikariDataSource       : HikariPool-1 - Starting...
2026-09-23 11:27:20.433  INFO 10316 --- [fifa] [restartedMain] com.zaxxer.hikari.pool.HikariPool        : HikariPool-1 - Added connection conn0: url=jdbc:h2:mem:db-kevin user=POSTGRES
2026-09-23 11:27:20.435  INFO 10316 --- [fifa] [restartedMain] com.zaxxer.hikari.HikariDataSource       : HikariPool-1 - Start completed.
2026-09-23 11:27:20.501  INFO 10316 --- [fifa] [restartedMain] org.hibernate.orm.connections.pooling    : HHH10001005: Database info:
	Database JDBC URL [jdbc:h2:mem:db-kevin]
	Database driver: H2 JDBC Driver
	Database dialect: H2Dialect
	Database version: 2.4.240
	Default catalog/schema: DB-KEVIN/PUBLIC
	Autocommit mode: undefined/unknown
	Isolation level: READ_COMMITTED [default READ_COMMITTED]
	JDBC fetch size: 100
	Pool: DataSourceConnectionProvider
	Minimum pool size: undefined/unknown
	Maximum pool size: undefined/unknown
2026-09-23 11:27:21.782  INFO 10316 --- [fifa] [restartedMain] org.hibernate.orm.core                   : HHH000489: No JTA platform available (set 'hibernate.transaction.jta.platform' to enable JTA platform integration)
2026-09-23 11:27:21.859  INFO 10316 --- [fifa] [restartedMain] j.LocalContainerEntityManagerFactoryBean : Initialized JPA EntityManagerFactory for persistence unit 'default'
2026-09-23 11:27:22.001  INFO 10316 --- [fifa] [restartedMain] o.s.d.j.r.query.QueryEnhancerFactories   : Hibernate is in classpath; If applicable, HQL parser will be used.
2026-09-23 11:27:22.370  WARN 10316 --- [fifa] [restartedMain] JpaBaseConfiguration$JpaWebConfiguration : spring.jpa.open-in-view is enabled by default. Therefore, database queries may be performed during view rendering. Explicitly configure spring.jpa.open-in-view to disable this warning
2026-09-23 11:27:22.734  INFO 10316 --- [fifa] [restartedMain] o.s.b.h.a.H2ConsoleAutoConfiguration     : H2 console available at '/h2-console'. Database available at 'jdbc:h2:mem:db-kevin'
2026-09-23 11:27:22.837  INFO 10316 --- [fifa] [restartedMain] o.s.boot.tomcat.TomcatWebServer          : Tomcat started on port 8081 (http) with context path '/fifaparcial'
2026-09-23 11:27:22.840  INFO 10316 --- [fifa] [restartedMain] com.example.demo.DemoApplication         : Started DemoApplication in 5.336 seconds (process running for 5.791)
2026-09-23 11:28:27.803  INFO 10316 --- [fifa] [http-nio-8081-exec-1] o.a.c.c.C.[.[localhost].[/fifaparcial]   : Initializing Spring DispatcherServlet 'dispatcherServlet'
2026-09-23 11:28:27.803  INFO 10316 --- [fifa] [http-nio-8081-exec-1] o.s.web.servlet.DispatcherServlet        : Initializing Servlet 'dispatcherServlet'
2026-09-23 11:28:27.807  INFO 10316 --- [fifa] [http-nio-8081-exec-1] o.s.web.servlet.DispatcherServlet        : Completed initialization in 4 ms
2026-09-23 11:36:13.907  INFO 10316 --- [fifa] [File Watcher] rtingClassPathChangeChangedEventListener : Restarting due to 1 class path change (0 additions, 0 deletions, 1 modification)
2026-09-23 11:36:13.913  INFO 10316 --- [fifa] [Thread-1] o.s.boot.tomcat.GracefulShutdown         : Commencing graceful shutdown. Waiting for active requests to complete
2026-09-23 11:36:13.940  INFO 10316 --- [fifa] [tomcat-shutdown] o.s.boot.tomcat.GracefulShutdown         : Graceful shutdown complete
2026-09-23 11:36:13.943  INFO 10316 --- [fifa] [Thread-1] j.LocalContainerEntityManagerFactoryBean : Closing JPA EntityManagerFactory for persistence unit 'default'
2026-09-23 11:36:13.952  WARN 10316 --- [fifa] [Thread-1] o.s.b.f.support.DisposableBeanAdapter    : Invocation of destroy method failed on bean with name 'inMemoryDatabaseShutdownExecutor': org.h2.jdbc.JdbcSQLNonTransientConnectionException: La base de datos ya esta cerrada (para des-habilitar el cerrado automatico durante el shutdown de la VM, agregue ";DB_CLOSE_ON_EXIT=FALSE" a la URL de conexión)
Database is already closed (to disable automatic closing at VM shutdown, add ";DB_CLOSE_ON_EXIT=FALSE" to the db URL) [90121-240]
2026-09-23 11:36:13.953  INFO 10316 --- [fifa] [Thread-1] com.zaxxer.hikari.HikariDataSource       : HikariPool-1 - Shutdown initiated...
2026-09-23 11:36:13.954  INFO 10316 --- [fifa] [Thread-1] com.zaxxer.hikari.HikariDataSource       : HikariPool-1 - Shutdown completed.
2026-09-23 11:38:33.775  INFO 26824 --- [fifa] [restartedMain] com.example.demo.DemoApplication         : Starting DemoApplication using Java 24.0.2 with PID 26824 (C:\Users\flore\Documents\UNIVERSIDAD\Sexto Semestre\Compunet 2\SpringBoot\PreParcial_CopaMundial\demo\target\classes started by flore in C:\Users\flore\Documents\UNIVERSIDAD\Sexto Semestre\Compunet 2\SpringBoot\PreParcial_CopaMundial\demo)
2026-09-23 11:38:33.778  INFO 26824 --- [fifa] [restartedMain] com.example.demo.DemoApplication         : The following 1 profile is active: "dev"
2026-09-23 11:38:33.825  INFO 26824 --- [fifa] [restartedMain] .e.DevToolsPropertyDefaultsPostProcessor : Devtools property defaults active! Set 'spring.devtools.add-properties' to 'false' to disable
2026-09-23 11:38:33.826  INFO 26824 --- [fifa] [restartedMain] .e.DevToolsPropertyDefaultsPostProcessor : For additional web related logging consider setting the 'logging.level.web' property to 'DEBUG'
2026-09-23 11:38:34.397  INFO 26824 --- [fifa] [restartedMain] .s.d.r.c.RepositoryConfigurationDelegate : Bootstrapping Spring Data JPA repositories in DEFAULT mode.
2026-09-23 11:38:34.463  INFO 26824 --- [fifa] [restartedMain] .s.d.r.c.RepositoryConfigurationDelegate : Finished Spring Data repository scanning in 58 ms. Found 5 JPA repository interfaces.
2026-09-23 11:38:34.959  INFO 26824 --- [fifa] [restartedMain] o.s.boot.tomcat.TomcatWebServer          : Tomcat initialized with port 8081 (http)
2026-09-23 11:38:34.976  INFO 26824 --- [fifa] [restartedMain] o.apache.catalina.core.StandardService   : Starting service [Tomcat]
2026-09-23 11:38:34.977  INFO 26824 --- [fifa] [restartedMain] o.apache.catalina.core.StandardEngine    : Starting Servlet engine: [Apache Tomcat/11.0.24]
2026-09-23 11:38:35.028  INFO 26824 --- [fifa] [restartedMain] b.w.c.s.WebApplicationContextInitializer : Root WebApplicationContext: initialization completed in 1202 ms
2026-09-23 11:38:35.179  INFO 26824 --- [fifa] [restartedMain] org.hibernate.orm.jpa                    : HHH008540: Processing PersistenceUnitInfo [name: default]
2026-09-23 11:38:35.232  INFO 26824 --- [fifa] [restartedMain] org.hibernate.orm.core                   : HHH000001: Hibernate ORM core version 7.4.5.Final
2026-09-23 11:38:35.698  INFO 26824 --- [fifa] [restartedMain] o.s.o.j.p.SpringPersistenceUnitInfo      : No LoadTimeWeaver setup: ignoring JPA class transformer
2026-09-23 11:38:35.729  INFO 26824 --- [fifa] [restartedMain] com.zaxxer.hikari.HikariDataSource       : HikariPool-1 - Starting...
2026-09-23 11:38:35.889  INFO 26824 --- [fifa] [restartedMain] com.zaxxer.hikari.pool.HikariPool        : HikariPool-1 - Added connection conn0: url=jdbc:h2:mem:db-kevin user=POSTGRES
2026-09-23 11:38:35.891  INFO 26824 --- [fifa] [restartedMain] com.zaxxer.hikari.HikariDataSource       : HikariPool-1 - Start completed.
2026-09-23 11:38:35.987  INFO 26824 --- [fifa] [restartedMain] org.hibernate.orm.connections.pooling    : HHH10001005: Database info:
	Database JDBC URL [jdbc:h2:mem:db-kevin]
	Database driver: H2 JDBC Driver
	Database dialect: H2Dialect
	Database version: 2.4.240
	Default catalog/schema: DB-KEVIN/PUBLIC
	Autocommit mode: undefined/unknown
	Isolation level: READ_COMMITTED [default READ_COMMITTED]
	JDBC fetch size: 100
	Pool: DataSourceConnectionProvider
	Minimum pool size: undefined/unknown
	Maximum pool size: undefined/unknown
2026-09-23 11:38:36.895  INFO 26824 --- [fifa] [restartedMain] org.hibernate.orm.core                   : HHH000489: No JTA platform available (set 'hibernate.transaction.jta.platform' to enable JTA platform integration)
2026-09-23 11:38:36.974  INFO 26824 --- [fifa] [restartedMain] j.LocalContainerEntityManagerFactoryBean : Initialized JPA EntityManagerFactory for persistence unit 'default'
2026-09-23 11:38:37.045  INFO 26824 --- [fifa] [restartedMain] o.s.d.j.r.query.QueryEnhancerFactories   : Hibernate is in classpath; If applicable, HQL parser will be used.
2026-09-23 11:38:37.220  WARN 26824 --- [fifa] [restartedMain] ConfigServletWebServerApplicationContext : Exception encountered during context initialization - cancelling refresh attempt: org.springframework.beans.factory.UnsatisfiedDependencyException: Error creating bean with name 'matchServiceImpl' defined in file [C:\Users\flore\Documents\UNIVERSIDAD\Sexto Semestre\Compunet 2\SpringBoot\PreParcial_CopaMundial\demo\target\classes\com\example\demo\service\impl\MatchServiceImpl.class]: Unsatisfied dependency expressed through constructor parameter 0: Error creating bean with name 'matchRepository' defined in com.example.demo.repository.MatchRepository defined in @EnableJpaRepositories declared on DataJpaRepositoriesRegistrar.EnableJpaRepositoriesConfiguration: No property 'endDate' found for type 'Club'; Traversed path: Match.homeCountry.players.playerClubs.club
2026-09-23 11:38:37.221  INFO 26824 --- [fifa] [restartedMain] j.LocalContainerEntityManagerFactoryBean : Closing JPA EntityManagerFactory for persistence unit 'default'
2026-09-23 11:38:37.233  WARN 26824 --- [fifa] [restartedMain] o.s.b.f.support.DisposableBeanAdapter    : Invocation of destroy method failed on bean with name 'inMemoryDatabaseShutdownExecutor': org.h2.jdbc.JdbcSQLNonTransientConnectionException: La base de datos ya esta cerrada (para des-habilitar el cerrado automatico durante el shutdown de la VM, agregue ";DB_CLOSE_ON_EXIT=FALSE" a la URL de conexión)
Database is already closed (to disable automatic closing at VM shutdown, add ";DB_CLOSE_ON_EXIT=FALSE" to the db URL) [90121-240]
2026-09-23 11:38:37.233  INFO 26824 --- [fifa] [restartedMain] com.zaxxer.hikari.HikariDataSource       : HikariPool-1 - Shutdown initiated...
2026-09-23 11:38:37.234  INFO 26824 --- [fifa] [restartedMain] com.zaxxer.hikari.HikariDataSource       : HikariPool-1 - Shutdown completed.
2026-09-23 11:38:37.236  INFO 26824 --- [fifa] [restartedMain] o.apache.catalina.core.StandardService   : Stopping service [Tomcat]
2026-09-23 11:38:37.246  INFO 26824 --- [fifa] [restartedMain] .s.b.a.l.ConditionEvaluationReportLogger : 

Error starting ApplicationContext. To display the condition evaluation report re-run your application with 'debug' enabled.
2026-09-23 11:38:37.262 ERROR 26824 --- [fifa] [restartedMain] o.s.boot.SpringApplication               : Application run failed

org.springframework.beans.factory.UnsatisfiedDependencyException: Error creating bean with name 'matchServiceImpl' defined in file [C:\Users\flore\Documents\UNIVERSIDAD\Sexto Semestre\Compunet 2\SpringBoot\PreParcial_CopaMundial\demo\target\classes\com\example\demo\service\impl\MatchServiceImpl.class]: Unsatisfied dependency expressed through constructor parameter 0: Error creating bean with name 'matchRepository' defined in com.example.demo.repository.MatchRepository defined in @EnableJpaRepositories declared on DataJpaRepositoriesRegistrar.EnableJpaRepositoriesConfiguration: No property 'endDate' found for type 'Club'; Traversed path: Match.homeCountry.players.playerClubs.club
	at org.springframework.beans.factory.support.ConstructorResolver.createArgumentArray(ConstructorResolver.java:804) ~[spring-beans-7.0.9.jar:7.0.9]
	at org.springframework.beans.factory.support.ConstructorResolver.autowireConstructor(ConstructorResolver.java:240) ~[spring-beans-7.0.9.jar:7.0.9]
	at org.springframework.beans.factory.support.AbstractAutowireCapableBeanFactory.autowireConstructor(AbstractAutowireCapableBeanFactory.java:1380) ~[spring-beans-7.0.9.jar:7.0.9]
	at org.springframework.beans.factory.support.AbstractAutowireCapableBeanFactory.createBeanInstance(AbstractAutowireCapableBeanFactory.java:1219) ~[spring-beans-7.0.9.jar:7.0.9]
	at org.springframework.beans.factory.support.AbstractAutowireCapableBeanFactory.doCreateBean(AbstractAutowireCapableBeanFactory.java:565) ~[spring-beans-7.0.9.jar:7.0.9]
	at org.springframework.beans.factory.support.AbstractAutowireCapableBeanFactory.createBean(AbstractAutowireCapableBeanFactory.java:525) ~[spring-beans-7.0.9.jar:7.0.9]
	at org.springframework.beans.factory.support.AbstractBeanFactory.lambda$doGetBean$0(AbstractBeanFactory.java:333) ~[spring-beans-7.0.9.jar:7.0.9]
	at org.springframework.beans.factory.support.DefaultSingletonBeanRegistry.getSingleton(DefaultSingletonBeanRegistry.java:371) ~[spring-beans-7.0.9.jar:7.0.9]
	at org.springframework.beans.factory.support.AbstractBeanFactory.doGetBean(AbstractBeanFactory.java:331) ~[spring-beans-7.0.9.jar:7.0.9]
	at org.springframework.beans.factory.support.AbstractBeanFactory.getBean(AbstractBeanFactory.java:196) ~[spring-beans-7.0.9.jar:7.0.9]
	at org.springframework.beans.factory.support.DefaultListableBeanFactory.instantiateSingleton(DefaultListableBeanFactory.java:1225) ~[spring-beans-7.0.9.jar:7.0.9]
	at org.springframework.beans.factory.support.DefaultListableBeanFactory.preInstantiateSingleton(DefaultListableBeanFactory.java:1191) ~[spring-beans-7.0.9.jar:7.0.9]
	at org.springframework.beans.factory.support.DefaultListableBeanFactory.preInstantiateSingletons(DefaultListableBeanFactory.java:1121) ~[spring-beans-7.0.9.jar:7.0.9]
	at org.springframework.context.support.AbstractApplicationContext.finishBeanFactoryInitialization(AbstractApplicationContext.java:994) ~[spring-context-7.0.9.jar:7.0.9]
	at org.springframework.context.support.AbstractApplicationContext.refresh(AbstractApplicationContext.java:621) ~[spring-context-7.0.9.jar:7.0.9]
	at org.springframework.boot.web.server.servlet.context.ServletWebServerApplicationContext.refresh(ServletWebServerApplicationContext.java:143) ~[spring-boot-web-server-4.1.1.jar:4.1.1]
	at org.springframework.boot.SpringApplication.refresh(SpringApplication.java:756) ~[spring-boot-4.1.1.jar:4.1.1]
	at org.springframework.boot.SpringApplication.refreshContext(SpringApplication.java:445) ~[spring-boot-4.1.1.jar:4.1.1]
	at org.springframework.boot.SpringApplication.run(SpringApplication.java:321) ~[spring-boot-4.1.1.jar:4.1.1]
	at org.springframework.boot.SpringApplication.run(SpringApplication.java:1365) ~[spring-boot-4.1.1.jar:4.1.1]
	at org.springframework.boot.SpringApplication.run(SpringApplication.java:1354) ~[spring-boot-4.1.1.jar:4.1.1]
	at com.example.demo.DemoApplication.main(DemoApplication.java:10) ~[classes/:na]
	at java.base/jdk.internal.reflect.DirectMethodHandleAccessor.invoke(DirectMethodHandleAccessor.java:104) ~[na:na]
	at java.base/java.lang.reflect.Method.invoke(Method.java:565) ~[na:na]
	at org.springframework.boot.devtools.restart.RestartLauncher.run(RestartLauncher.java:52) ~[spring-boot-devtools-4.1.1.jar:4.1.1]
Caused by: org.springframework.beans.factory.BeanCreationException: Error creating bean with name 'matchRepository' defined in com.example.demo.repository.MatchRepository defined in @EnableJpaRepositories declared on DataJpaRepositoriesRegistrar.EnableJpaRepositoriesConfiguration: No property 'endDate' found for type 'Club'; Traversed path: Match.homeCountry.players.playerClubs.club
	at org.springframework.beans.factory.support.AbstractAutowireCapableBeanFactory.initializeBean(AbstractAutowireCapableBeanFactory.java:1815) ~[spring-beans-7.0.9.jar:7.0.9]
	at org.springframework.beans.factory.support.AbstractAutowireCapableBeanFactory.doCreateBean(AbstractAutowireCapableBeanFactory.java:603) ~[spring-beans-7.0.9.jar:7.0.9]
	at org.springframework.beans.factory.support.AbstractAutowireCapableBeanFactory.createBean(AbstractAutowireCapableBeanFactory.java:525) ~[spring-beans-7.0.9.jar:7.0.9]
	at org.springframework.beans.factory.support.AbstractBeanFactory.lambda$doGetBean$0(AbstractBeanFactory.java:333) ~[spring-beans-7.0.9.jar:7.0.9]
	at org.springframework.beans.factory.support.DefaultSingletonBeanRegistry.getSingleton(DefaultSingletonBeanRegistry.java:371) ~[spring-beans-7.0.9.jar:7.0.9]
	at org.springframework.beans.factory.support.AbstractBeanFactory.doGetBean(AbstractBeanFactory.java:331) ~[spring-beans-7.0.9.jar:7.0.9]
	at org.springframework.beans.factory.support.AbstractBeanFactory.getBean(AbstractBeanFactory.java:201) ~[spring-beans-7.0.9.jar:7.0.9]
	at org.springframework.beans.factory.support.DefaultListableBeanFactory.resolveBean(DefaultListableBeanFactory.java:1232) ~[spring-beans-7.0.9.jar:7.0.9]
	at org.springframework.beans.factory.support.DefaultListableBeanFactory.doResolveDependency(DefaultListableBeanFactory.java:1711) ~[spring-beans-7.0.9.jar:7.0.9]
	at org.springframework.beans.factory.support.DefaultListableBeanFactory.resolveDependency(DefaultListableBeanFactory.java:1658) ~[spring-beans-7.0.9.jar:7.0.9]
	at org.springframework.beans.factory.support.ConstructorResolver.resolveAutowiredArgument(ConstructorResolver.java:912) ~[spring-beans-7.0.9.jar:7.0.9]
	at org.springframework.beans.factory.support.ConstructorResolver.createArgumentArray(ConstructorResolver.java:791) ~[spring-beans-7.0.9.jar:7.0.9]
	... 24 common frames omitted
Caused by: org.springframework.data.repository.query.QueryCreationException: Cannot create query for method [MatchRepository.findByHomeCountryPlayersPlayerClubsClubNameAndHomeCountryPlayersPlayerClubsClubEndDateIsNull(java.lang.String)]; No property 'endDate' found for type 'Club'; Traversed path: Match.homeCountry.players.playerClubs.club
	at org.springframework.data.repository.query.QueryCreationException.create(QueryCreationException.java:109) ~[spring-data-commons-4.1.1.jar:4.1.1]
	at org.springframework.data.jpa.repository.query.PartTreeJpaQuery.<init>(PartTreeJpaQuery.java:114) ~[spring-data-jpa-4.1.1.jar:4.1.1]
	at org.springframework.data.jpa.repository.query.JpaQueryLookupStrategy$CreateQueryLookupStrategy.resolveQuery(JpaQueryLookupStrategy.java:118) ~[spring-data-jpa-4.1.1.jar:4.1.1]
	at org.springframework.data.jpa.repository.query.JpaQueryLookupStrategy$CreateIfNotFoundQueryLookupStrategy.resolveQuery(JpaQueryLookupStrategy.java:291) ~[spring-data-jpa-4.1.1.jar:4.1.1]
	at org.springframework.data.jpa.repository.query.JpaQueryLookupStrategy$AbstractQueryLookupStrategy.resolveQuery(JpaQueryLookupStrategy.java:93) ~[spring-data-jpa-4.1.1.jar:4.1.1]
	at org.springframework.data.repository.core.support.QueryExecutorMethodInterceptor.lookupQuery(QueryExecutorMethodInterceptor.java:114) ~[spring-data-commons-4.1.1.jar:4.1.1]
	at org.springframework.data.repository.core.support.QueryExecutorMethodInterceptor.mapMethodsToQuery(QueryExecutorMethodInterceptor.java:102) ~[spring-data-commons-4.1.1.jar:4.1.1]
	at org.springframework.data.repository.core.support.QueryExecutorMethodInterceptor.<init>(QueryExecutorMethodInterceptor.java:90) ~[spring-data-commons-4.1.1.jar:4.1.1]
	at org.springframework.data.repository.core.support.RepositoryFactorySupport.getRepository(RepositoryFactorySupport.java:413) ~[spring-data-commons-4.1.1.jar:4.1.1]
	at org.springframework.data.repository.core.support.RepositoryFactoryBeanSupport.lambda$afterPropertiesSet$1(RepositoryFactoryBeanSupport.java:361) ~[spring-data-commons-4.1.1.jar:4.1.1]
	at org.springframework.data.util.Lazy.getNullable(Lazy.java:136) ~[spring-data-commons-4.1.1.jar:4.1.1]
	at org.springframework.data.util.Lazy.get(Lazy.java:114) ~[spring-data-commons-4.1.1.jar:4.1.1]
	at org.springframework.data.repository.core.support.RepositoryFactoryBeanSupport.afterPropertiesSet(RepositoryFactoryBeanSupport.java:370) ~[spring-data-commons-4.1.1.jar:4.1.1]
	at org.springframework.data.jpa.repository.support.JpaRepositoryFactoryBean.afterPropertiesSet(JpaRepositoryFactoryBean.java:212) ~[spring-data-jpa-4.1.1.jar:4.1.1]
	at org.springframework.beans.factory.support.AbstractAutowireCapableBeanFactory.invokeInitMethods(AbstractAutowireCapableBeanFactory.java:1862) ~[spring-beans-7.0.9.jar:7.0.9]
	at org.springframework.beans.factory.support.AbstractAutowireCapableBeanFactory.initializeBean(AbstractAutowireCapableBeanFactory.java:1811) ~[spring-beans-7.0.9.jar:7.0.9]
	... 35 common frames omitted
Caused by: org.springframework.data.core.PropertyReferenceException: No property 'endDate' found for type 'Club'; Traversed path: Match.homeCountry.players.playerClubs.club
	at org.springframework.data.core.SimplePropertyPath.<init>(SimplePropertyPath.java:94) ~[spring-data-commons-4.1.1.jar:4.1.1]
	at org.springframework.data.core.SimplePropertyPath.create(SimplePropertyPath.java:322) ~[spring-data-commons-4.1.1.jar:4.1.1]
	at org.springframework.data.core.SimplePropertyPath.create(SimplePropertyPath.java:297) ~[spring-data-commons-4.1.1.jar:4.1.1]
	at org.springframework.data.core.SimplePropertyPath.create(SimplePropertyPath.java:332) ~[spring-data-commons-4.1.1.jar:4.1.1]
	at org.springframework.data.core.SimplePropertyPath.create(SimplePropertyPath.java:355) ~[spring-data-commons-4.1.1.jar:4.1.1]
	at org.springframework.data.core.SimplePropertyPath.create(SimplePropertyPath.java:355) ~[spring-data-commons-4.1.1.jar:4.1.1]
	at org.springframework.data.core.SimplePropertyPath.create(SimplePropertyPath.java:297) ~[spring-data-commons-4.1.1.jar:4.1.1]
	at org.springframework.data.core.SimplePropertyPath.create(SimplePropertyPath.java:332) ~[spring-data-commons-4.1.1.jar:4.1.1]
	at org.springframework.data.core.SimplePropertyPath.create(SimplePropertyPath.java:355) ~[spring-data-commons-4.1.1.jar:4.1.1]
	at org.springframework.data.core.SimplePropertyPath.create(SimplePropertyPath.java:355) ~[spring-data-commons-4.1.1.jar:4.1.1]
	at org.springframework.data.core.SimplePropertyPath.create(SimplePropertyPath.java:355) ~[spring-data-commons-4.1.1.jar:4.1.1]
	at org.springframework.data.core.SimplePropertyPath.create(SimplePropertyPath.java:297) ~[spring-data-commons-4.1.1.jar:4.1.1]
	at org.springframework.data.core.SimplePropertyPath.create(SimplePropertyPath.java:332) ~[spring-data-commons-4.1.1.jar:4.1.1]
	at org.springframework.data.core.SimplePropertyPath.create(SimplePropertyPath.java:355) ~[spring-data-commons-4.1.1.jar:4.1.1]
	at org.springframework.data.core.SimplePropertyPath.create(SimplePropertyPath.java:355) ~[spring-data-commons-4.1.1.jar:4.1.1]
	at org.springframework.data.core.SimplePropertyPath.create(SimplePropertyPath.java:355) ~[spring-data-commons-4.1.1.jar:4.1.1]
	at org.springframework.data.core.SimplePropertyPath.create(SimplePropertyPath.java:355) ~[spring-data-commons-4.1.1.jar:4.1.1]
	at org.springframework.data.core.SimplePropertyPath.create(SimplePropertyPath.java:355) ~[spring-data-commons-4.1.1.jar:4.1.1]
	at org.springframework.data.core.SimplePropertyPath.create(SimplePropertyPath.java:297) ~[spring-data-commons-4.1.1.jar:4.1.1]
	at org.springframework.data.core.SimplePropertyPath.create(SimplePropertyPath.java:332) ~[spring-data-commons-4.1.1.jar:4.1.1]
	at org.springframework.data.core.SimplePropertyPath.create(SimplePropertyPath.java:355) ~[spring-data-commons-4.1.1.jar:4.1.1]
	at org.springframework.data.core.SimplePropertyPath.create(SimplePropertyPath.java:355) ~[spring-data-commons-4.1.1.jar:4.1.1]
	at org.springframework.data.core.SimplePropertyPath.create(SimplePropertyPath.java:355) ~[spring-data-commons-4.1.1.jar:4.1.1]
	at org.springframework.data.core.SimplePropertyPath.create(SimplePropertyPath.java:355) ~[spring-data-commons-4.1.1.jar:4.1.1]
	at org.springframework.data.core.SimplePropertyPath.create(SimplePropertyPath.java:355) ~[spring-data-commons-4.1.1.jar:4.1.1]
	at org.springframework.data.core.SimplePropertyPath.create(SimplePropertyPath.java:355) ~[spring-data-commons-4.1.1.jar:4.1.1]
	at org.springframework.data.core.SimplePropertyPath.create(SimplePropertyPath.java:297) ~[spring-data-commons-4.1.1.jar:4.1.1]
	at org.springframework.data.core.SimplePropertyPath.lambda$from$0(SimplePropertyPath.java:250) ~[spring-data-commons-4.1.1.jar:4.1.1]
	at org.springframework.util.ConcurrentReferenceHashMap$6.execute(ConcurrentReferenceHashMap.java:387) ~[spring-core-7.0.9.jar:7.0.9]
	at org.springframework.util.ConcurrentReferenceHashMap$Segment.doTask(ConcurrentReferenceHashMap.java:688) ~[spring-core-7.0.9.jar:7.0.9]
	at org.springframework.util.ConcurrentReferenceHashMap.doTask(ConcurrentReferenceHashMap.java:572) ~[spring-core-7.0.9.jar:7.0.9]
	at org.springframework.util.ConcurrentReferenceHashMap.computeIfAbsent(ConcurrentReferenceHashMap.java:381) ~[spring-core-7.0.9.jar:7.0.9]
	at org.springframework.data.core.SimplePropertyPath.from(SimplePropertyPath.java:228) ~[spring-data-commons-4.1.1.jar:4.1.1]
	at org.springframework.data.core.PropertyPath.from(PropertyPath.java:264) ~[spring-data-commons-4.1.1.jar:4.1.1]
	at org.springframework.data.core.PropertyPath.from(PropertyPath.java:247) ~[spring-data-commons-4.1.1.jar:4.1.1]
	at org.springframework.data.repository.query.parser.Part.<init>(Part.java:81) ~[spring-data-commons-4.1.1.jar:4.1.1]
	at org.springframework.data.repository.query.parser.PartTree$OrPart.lambda$new$0(PartTree.java:260) ~[spring-data-commons-4.1.1.jar:4.1.1]
	at java.base/java.util.stream.ReferencePipeline$3$1.accept(ReferencePipeline.java:215) ~[na:na]
	at java.base/java.util.stream.ReferencePipeline$2$1.accept(ReferencePipeline.java:197) ~[na:na]
	at java.base/java.util.Spliterators$ArraySpliterator.forEachRemaining(Spliterators.java:1024) ~[na:na]
	at java.base/java.util.stream.AbstractPipeline.copyInto(AbstractPipeline.java:570) ~[na:na]
	at java.base/java.util.stream.AbstractPipeline.wrapAndCopyInto(AbstractPipeline.java:560) ~[na:na]
	at java.base/java.util.stream.ReduceOps$ReduceOp.evaluateSequential(ReduceOps.java:921) ~[na:na]
	at java.base/java.util.stream.AbstractPipeline.evaluate(AbstractPipeline.java:265) ~[na:na]
	at java.base/java.util.stream.ReferencePipeline.collect(ReferencePipeline.java:727) ~[na:na]
	at org.springframework.data.repository.query.parser.PartTree$OrPart.<init>(PartTree.java:261) ~[spring-data-commons-4.1.1.jar:4.1.1]
	at org.springframework.data.repository.query.parser.PartTree$Predicate.lambda$new$0(PartTree.java:390) ~[spring-data-commons-4.1.1.jar:4.1.1]
	at java.base/java.util.stream.ReferencePipeline$3$1.accept(ReferencePipeline.java:215) ~[na:na]
	at java.base/java.util.stream.ReferencePipeline$2$1.accept(ReferencePipeline.java:197) ~[na:na]
	at java.base/java.util.Spliterators$ArraySpliterator.forEachRemaining(Spliterators.java:1024) ~[na:na]
	at java.base/java.util.stream.AbstractPipeline.copyInto(AbstractPipeline.java:570) ~[na:na]
	at java.base/java.util.stream.AbstractPipeline.wrapAndCopyInto(AbstractPipeline.java:560) ~[na:na]
	at java.base/java.util.stream.ReduceOps$ReduceOp.evaluateSequential(ReduceOps.java:921) ~[na:na]
	at java.base/java.util.stream.AbstractPipeline.evaluate(AbstractPipeline.java:265) ~[na:na]
	at java.base/java.util.stream.ReferencePipeline.collect(ReferencePipeline.java:727) ~[na:na]
	at org.springframework.data.repository.query.parser.PartTree$Predicate.<init>(PartTree.java:391) ~[spring-data-commons-4.1.1.jar:4.1.1]
	at org.springframework.data.repository.query.parser.PartTree.<init>(PartTree.java:104) ~[spring-data-commons-4.1.1.jar:4.1.1]
	at org.springframework.data.jpa.repository.query.PartTreeJpaQuery.<init>(PartTreeJpaQuery.java:108) ~[spring-data-jpa-4.1.1.jar:4.1.1]
	... 49 common frames omitted

2026-09-23 11:40:38.540  INFO 20308 --- [fifa] [restartedMain] com.example.demo.DemoApplication         : Starting DemoApplication using Java 24.0.2 with PID 20308 (C:\Users\flore\Documents\UNIVERSIDAD\Sexto Semestre\Compunet 2\SpringBoot\PreParcial_CopaMundial\demo\target\classes started by flore in C:\Users\flore\Documents\UNIVERSIDAD\Sexto Semestre\Compunet 2\SpringBoot\PreParcial_CopaMundial\demo)
2026-09-23 11:40:38.543  INFO 20308 --- [fifa] [restartedMain] com.example.demo.DemoApplication         : The following 1 profile is active: "dev"
2026-09-23 11:40:38.595  INFO 20308 --- [fifa] [restartedMain] .e.DevToolsPropertyDefaultsPostProcessor : Devtools property defaults active! Set 'spring.devtools.add-properties' to 'false' to disable
2026-09-23 11:40:38.596  INFO 20308 --- [fifa] [restartedMain] .e.DevToolsPropertyDefaultsPostProcessor : For additional web related logging consider setting the 'logging.level.web' property to 'DEBUG'
2026-09-23 11:40:39.283  INFO 20308 --- [fifa] [restartedMain] .s.d.r.c.RepositoryConfigurationDelegate : Bootstrapping Spring Data JPA repositories in DEFAULT mode.
2026-09-23 11:40:39.359  INFO 20308 --- [fifa] [restartedMain] .s.d.r.c.RepositoryConfigurationDelegate : Finished Spring Data repository scanning in 66 ms. Found 5 JPA repository interfaces.
2026-09-23 11:40:39.874  INFO 20308 --- [fifa] [restartedMain] o.s.boot.tomcat.TomcatWebServer          : Tomcat initialized with port 8081 (http)
2026-09-23 11:40:39.893  INFO 20308 --- [fifa] [restartedMain] o.apache.catalina.core.StandardService   : Starting service [Tomcat]
2026-09-23 11:40:39.893  INFO 20308 --- [fifa] [restartedMain] o.apache.catalina.core.StandardEngine    : Starting Servlet engine: [Apache Tomcat/11.0.24]
2026-09-23 11:40:39.941  INFO 20308 --- [fifa] [restartedMain] b.w.c.s.WebApplicationContextInitializer : Root WebApplicationContext: initialization completed in 1344 ms
2026-09-23 11:40:40.105  INFO 20308 --- [fifa] [restartedMain] org.hibernate.orm.jpa                    : HHH008540: Processing PersistenceUnitInfo [name: default]
2026-09-23 11:40:40.163  INFO 20308 --- [fifa] [restartedMain] org.hibernate.orm.core                   : HHH000001: Hibernate ORM core version 7.4.5.Final
2026-09-23 11:40:40.643  INFO 20308 --- [fifa] [restartedMain] o.s.o.j.p.SpringPersistenceUnitInfo      : No LoadTimeWeaver setup: ignoring JPA class transformer
2026-09-23 11:40:40.675  INFO 20308 --- [fifa] [restartedMain] com.zaxxer.hikari.HikariDataSource       : HikariPool-1 - Starting...
2026-09-23 11:40:40.841  INFO 20308 --- [fifa] [restartedMain] com.zaxxer.hikari.pool.HikariPool        : HikariPool-1 - Added connection conn0: url=jdbc:h2:mem:db-kevin user=POSTGRES
2026-09-23 11:40:40.842  INFO 20308 --- [fifa] [restartedMain] com.zaxxer.hikari.HikariDataSource       : HikariPool-1 - Start completed.
2026-09-23 11:40:40.909  INFO 20308 --- [fifa] [restartedMain] org.hibernate.orm.connections.pooling    : HHH10001005: Database info:
	Database JDBC URL [jdbc:h2:mem:db-kevin]
	Database driver: H2 JDBC Driver
	Database dialect: H2Dialect
	Database version: 2.4.240
	Default catalog/schema: DB-KEVIN/PUBLIC
	Autocommit mode: undefined/unknown
	Isolation level: READ_COMMITTED [default READ_COMMITTED]
	JDBC fetch size: 100
	Pool: DataSourceConnectionProvider
	Minimum pool size: undefined/unknown
	Maximum pool size: undefined/unknown
2026-09-23 11:40:41.842  INFO 20308 --- [fifa] [restartedMain] org.hibernate.orm.core                   : HHH000489: No JTA platform available (set 'hibernate.transaction.jta.platform' to enable JTA platform integration)
2026-09-23 11:40:41.915  INFO 20308 --- [fifa] [restartedMain] j.LocalContainerEntityManagerFactoryBean : Initialized JPA EntityManagerFactory for persistence unit 'default'
2026-09-23 11:40:42.003  INFO 20308 --- [fifa] [restartedMain] o.s.d.j.r.query.QueryEnhancerFactories   : Hibernate is in classpath; If applicable, HQL parser will be used.
2026-09-23 11:40:42.270  WARN 20308 --- [fifa] [restartedMain] JpaBaseConfiguration$JpaWebConfiguration : spring.jpa.open-in-view is enabled by default. Therefore, database queries may be performed during view rendering. Explicitly configure spring.jpa.open-in-view to disable this warning
2026-09-23 11:40:42.581  INFO 20308 --- [fifa] [restartedMain] o.s.b.h.a.H2ConsoleAutoConfiguration     : H2 console available at '/h2-console'. Database available at 'jdbc:h2:mem:db-kevin'
2026-09-23 11:40:42.660  INFO 20308 --- [fifa] [restartedMain] o.s.boot.tomcat.TomcatWebServer          : Tomcat started on port 8081 (http) with context path '/fifaparcial'
2026-09-23 11:40:42.665  INFO 20308 --- [fifa] [restartedMain] com.example.demo.DemoApplication         : Started DemoApplication in 4.568 seconds (process running for 5.024)
2026-09-23 11:40:46.394  INFO 20308 --- [fifa] [http-nio-8081-exec-1] o.a.c.c.C.[.[localhost].[/fifaparcial]   : Initializing Spring DispatcherServlet 'dispatcherServlet'
2026-09-23 11:40:46.394  INFO 20308 --- [fifa] [http-nio-8081-exec-1] o.s.web.servlet.DispatcherServlet        : Initializing Servlet 'dispatcherServlet'
2026-09-23 11:40:46.396  INFO 20308 --- [fifa] [http-nio-8081-exec-1] o.s.web.servlet.DispatcherServlet        : Completed initialization in 0 ms
2026-09-23 11:41:00.535 ERROR 20308 --- [fifa] [http-nio-8081-exec-8] o.a.c.c.C.[.[.[.[dispatcherServlet]      : Servlet.service() for servlet [dispatcherServlet] in context with path [/fifaparcial] threw exception [Request processing failed: java.lang.NullPointerException: Cannot invoke "com.example.demo.repository.MatchRepository.findByHomeCountryPlayersPlayerClubsClubNameAndHomeCountryPlayersPlayerClubsEndDateIsNull(String)" because "this.matchRepository" is null] with root cause

java.lang.NullPointerException: Cannot invoke "com.example.demo.repository.MatchRepository.findByHomeCountryPlayersPlayerClubsClubNameAndHomeCountryPlayersPlayerClubsEndDateIsNull(String)" because "this.matchRepository" is null
	at com.example.demo.controller.MatchController.consulta3(MatchController.java:24) ~[classes/:na]
	at java.base/jdk.internal.reflect.DirectMethodHandleAccessor.invoke(DirectMethodHandleAccessor.java:104) ~[na:na]
	at java.base/java.lang.reflect.Method.invoke(Method.java:565) ~[na:na]
	at org.springframework.web.method.support.InvocableHandlerMethod.doInvoke(InvocableHandlerMethod.java:252) ~[spring-web-7.0.9.jar:7.0.9]
	at org.springframework.web.method.support.InvocableHandlerMethod.invokeForRequest(InvocableHandlerMethod.java:184) ~[spring-web-7.0.9.jar:7.0.9]
	at org.springframework.web.servlet.mvc.method.annotation.ServletInvocableHandlerMethod.invokeAndHandle(ServletInvocableHandlerMethod.java:117) ~[spring-webmvc-7.0.9.jar:7.0.9]
	at org.springframework.web.servlet.mvc.method.annotation.RequestMappingHandlerAdapter.invokeHandlerMethod(RequestMappingHandlerAdapter.java:934) ~[spring-webmvc-7.0.9.jar:7.0.9]
	at org.springframework.web.servlet.mvc.method.annotation.RequestMappingHandlerAdapter.handleInternal(RequestMappingHandlerAdapter.java:853) ~[spring-webmvc-7.0.9.jar:7.0.9]
	at org.springframework.web.servlet.mvc.method.AbstractHandlerMethodAdapter.handle(AbstractHandlerMethodAdapter.java:86) ~[spring-webmvc-7.0.9.jar:7.0.9]
	at org.springframework.web.servlet.DispatcherServlet.doDispatch(DispatcherServlet.java:963) ~[spring-webmvc-7.0.9.jar:7.0.9]
	at org.springframework.web.servlet.DispatcherServlet.doService(DispatcherServlet.java:866) ~[spring-webmvc-7.0.9.jar:7.0.9]
	at org.springframework.web.servlet.FrameworkServlet.processRequest(FrameworkServlet.java:1000) ~[spring-webmvc-7.0.9.jar:7.0.9]
	at org.springframework.web.servlet.FrameworkServlet.doGet(FrameworkServlet.java:892) ~[spring-webmvc-7.0.9.jar:7.0.9]
	at jakarta.servlet.http.HttpServlet.service(HttpServlet.java:622) ~[tomcat-embed-core-11.0.24.jar:6.1]
	at org.springframework.web.servlet.FrameworkServlet.service(FrameworkServlet.java:874) ~[spring-webmvc-7.0.9.jar:7.0.9]
	at jakarta.servlet.http.HttpServlet.service(HttpServlet.java:710) ~[tomcat-embed-core-11.0.24.jar:6.1]
	at org.apache.catalina.core.ApplicationFilterChain.doFilter(ApplicationFilterChain.java:132) ~[tomcat-embed-core-11.0.24.jar:11.0.24]
	at org.apache.tomcat.websocket.server.WsFilter.doFilter(WsFilter.java:59) ~[tomcat-embed-websocket-11.0.24.jar:11.0.24]
	at org.apache.catalina.core.ApplicationFilterChain.doFilter(ApplicationFilterChain.java:111) ~[tomcat-embed-core-11.0.24.jar:11.0.24]
	at org.springframework.web.filter.RequestContextFilter.doFilterInternal(RequestContextFilter.java:100) ~[spring-web-7.0.9.jar:7.0.9]
	at org.springframework.web.filter.OncePerRequestFilter.doFilter(OncePerRequestFilter.java:116) ~[spring-web-7.0.9.jar:7.0.9]
	at org.apache.catalina.core.ApplicationFilterChain.doFilter(ApplicationFilterChain.java:111) ~[tomcat-embed-core-11.0.24.jar:11.0.24]
	at org.springframework.web.filter.FormContentFilter.doFilterInternal(FormContentFilter.java:93) ~[spring-web-7.0.9.jar:7.0.9]
	at org.springframework.web.filter.OncePerRequestFilter.doFilter(OncePerRequestFilter.java:116) ~[spring-web-7.0.9.jar:7.0.9]
	at org.apache.catalina.core.ApplicationFilterChain.doFilter(ApplicationFilterChain.java:111) ~[tomcat-embed-core-11.0.24.jar:11.0.24]
	at org.springframework.web.filter.CharacterEncodingFilter.doFilterInternal(CharacterEncodingFilter.java:199) ~[spring-web-7.0.9.jar:7.0.9]
	at org.springframework.web.filter.OncePerRequestFilter.doFilter(OncePerRequestFilter.java:116) ~[spring-web-7.0.9.jar:7.0.9]
	at org.apache.catalina.core.ApplicationFilterChain.doFilter(ApplicationFilterChain.java:111) ~[tomcat-embed-core-11.0.24.jar:11.0.24]
	at org.apache.catalina.core.StandardWrapperValve.invoke(StandardWrapperValve.java:165) ~[tomcat-embed-core-11.0.24.jar:11.0.24]
	at org.apache.catalina.core.StandardContextValve.invoke(StandardContextValve.java:77) ~[tomcat-embed-core-11.0.24.jar:11.0.24]
	at org.apache.catalina.authenticator.AuthenticatorBase.invoke(AuthenticatorBase.java:535) ~[tomcat-embed-core-11.0.24.jar:11.0.24]
	at org.apache.catalina.core.StandardHostValve.invoke(StandardHostValve.java:115) ~[tomcat-embed-core-11.0.24.jar:11.0.24]
	at org.apache.catalina.valves.ErrorReportValve.invoke(ErrorReportValve.java:86) ~[tomcat-embed-core-11.0.24.jar:11.0.24]
	at org.apache.catalina.core.StandardEngineValve.invoke(StandardEngineValve.java:71) ~[tomcat-embed-core-11.0.24.jar:11.0.24]
	at org.apache.catalina.connector.CoyoteAdapter.service(CoyoteAdapter.java:347) ~[tomcat-embed-core-11.0.24.jar:11.0.24]
	at org.apache.coyote.http11.Http11Processor.service(Http11Processor.java:406) ~[tomcat-embed-core-11.0.24.jar:11.0.24]
	at org.apache.coyote.AbstractProcessorLight.process(AbstractProcessorLight.java:71) ~[tomcat-embed-core-11.0.24.jar:11.0.24]
	at org.apache.coyote.AbstractProtocol$ConnectionHandler.process(AbstractProtocol.java:1307) ~[tomcat-embed-core-11.0.24.jar:11.0.24]
	at org.apache.tomcat.util.net.NioEndpoint$SocketProcessor.doRun(NioEndpoint.java:2036) ~[tomcat-embed-core-11.0.24.jar:11.0.24]
	at org.apache.tomcat.util.net.SocketProcessorBase.run(SocketProcessorBase.java:74) ~[tomcat-embed-core-11.0.24.jar:11.0.24]
	at org.apache.tomcat.util.threads.ThreadPoolExecutor.runWorker(ThreadPoolExecutor.java:949) ~[tomcat-embed-core-11.0.24.jar:11.0.24]
	at org.apache.tomcat.util.threads.ThreadPoolExecutor$Worker.run(ThreadPoolExecutor.java:483) ~[tomcat-embed-core-11.0.24.jar:11.0.24]
	at org.apache.tomcat.util.threads.TaskThread$WrappingRunnable.run(TaskThread.java:74) ~[tomcat-embed-core-11.0.24.jar:11.0.24]
	at java.base/java.lang.Thread.run(Thread.java:1447) ~[na:na]

2026-09-23 11:41:51.810  INFO 20308 --- [fifa] [File Watcher] rtingClassPathChangeChangedEventListener : Restarting due to 1 class path change (0 additions, 0 deletions, 1 modification)
2026-09-23 11:41:51.814  INFO 20308 --- [fifa] [Thread-1] o.s.boot.tomcat.GracefulShutdown         : Commencing graceful shutdown. Waiting for active requests to complete
2026-09-23 11:41:51.838  INFO 20308 --- [fifa] [tomcat-shutdown] o.s.boot.tomcat.GracefulShutdown         : Graceful shutdown complete
2026-09-23 11:41:51.842  INFO 20308 --- [fifa] [Thread-1] j.LocalContainerEntityManagerFactoryBean : Closing JPA EntityManagerFactory for persistence unit 'default'
2026-09-23 11:41:51.852  WARN 20308 --- [fifa] [Thread-1] o.s.b.f.support.DisposableBeanAdapter    : Invocation of destroy method failed on bean with name 'inMemoryDatabaseShutdownExecutor': org.h2.jdbc.JdbcSQLNonTransientConnectionException: La base de datos ya esta cerrada (para des-habilitar el cerrado automatico durante el shutdown de la VM, agregue ";DB_CLOSE_ON_EXIT=FALSE" a la URL de conexión)
Database is already closed (to disable automatic closing at VM shutdown, add ";DB_CLOSE_ON_EXIT=FALSE" to the db URL) [90121-240]
2026-09-23 11:41:51.852  INFO 20308 --- [fifa] [Thread-1] com.zaxxer.hikari.HikariDataSource       : HikariPool-1 - Shutdown initiated...
2026-09-23 11:41:51.853  INFO 20308 --- [fifa] [Thread-1] com.zaxxer.hikari.HikariDataSource       : HikariPool-1 - Shutdown completed.
2026-09-23 11:41:51.940  INFO 20308 --- [fifa] [restartedMain] com.example.demo.DemoApplication         : Starting DemoApplication using Java 24.0.2 with PID 20308 (C:\Users\flore\Documents\UNIVERSIDAD\Sexto Semestre\Compunet 2\SpringBoot\PreParcial_CopaMundial\demo\target\classes started by flore in C:\Users\flore\Documents\UNIVERSIDAD\Sexto Semestre\Compunet 2\SpringBoot\PreParcial_CopaMundial\demo)
2026-09-23 11:41:51.941  INFO 20308 --- [fifa] [restartedMain] com.example.demo.DemoApplication         : The following 1 profile is active: "dev"
2026-09-23 11:41:52.106  INFO 20308 --- [fifa] [restartedMain] .s.d.r.c.RepositoryConfigurationDelegate : Bootstrapping Spring Data JPA repositories in DEFAULT mode.
2026-09-23 11:41:52.130  INFO 20308 --- [fifa] [restartedMain] .s.d.r.c.RepositoryConfigurationDelegate : Finished Spring Data repository scanning in 21 ms. Found 5 JPA repository interfaces.
2026-09-23 11:41:52.216  INFO 20308 --- [fifa] [restartedMain] o.s.boot.tomcat.TomcatWebServer          : Tomcat initialized with port 8081 (http)
2026-09-23 11:41:52.217  INFO 20308 --- [fifa] [restartedMain] o.apache.catalina.core.StandardService   : Starting service [Tomcat]
2026-09-23 11:41:52.218  INFO 20308 --- [fifa] [restartedMain] o.apache.catalina.core.StandardEngine    : Starting Servlet engine: [Apache Tomcat/11.0.24]
2026-09-23 11:41:52.241  INFO 20308 --- [fifa] [restartedMain] b.w.c.s.WebApplicationContextInitializer : Root WebApplicationContext: initialization completed in 299 ms
2026-09-23 11:41:52.270  INFO 20308 --- [fifa] [restartedMain] org.hibernate.orm.jpa                    : HHH008540: Processing PersistenceUnitInfo [name: default]
2026-09-23 11:41:52.304  INFO 20308 --- [fifa] [restartedMain] o.s.o.j.p.SpringPersistenceUnitInfo      : No LoadTimeWeaver setup: ignoring JPA class transformer
2026-09-23 11:41:52.305  INFO 20308 --- [fifa] [restartedMain] com.zaxxer.hikari.HikariDataSource       : HikariPool-2 - Starting...
2026-09-23 11:41:52.309  INFO 20308 --- [fifa] [restartedMain] com.zaxxer.hikari.pool.HikariPool        : HikariPool-2 - Added connection conn5: url=jdbc:h2:mem:db-kevin user=POSTGRES
2026-09-23 11:41:52.310  INFO 20308 --- [fifa] [restartedMain] com.zaxxer.hikari.HikariDataSource       : HikariPool-2 - Start completed.
2026-09-23 11:41:52.310  INFO 20308 --- [fifa] [restartedMain] org.hibernate.orm.connections.pooling    : HHH10001005: Database info:
	Database JDBC URL [jdbc:h2:mem:db-kevin]
	Database driver: H2 JDBC Driver
	Database dialect: H2Dialect
	Database version: 2.4.240
	Default catalog/schema: DB-KEVIN/PUBLIC
	Autocommit mode: undefined/unknown
	Isolation level: READ_COMMITTED [default READ_COMMITTED]
	JDBC fetch size: 100
	Pool: DataSourceConnectionProvider
	Minimum pool size: undefined/unknown
	Maximum pool size: undefined/unknown
2026-09-23 11:41:52.419  INFO 20308 --- [fifa] [restartedMain] org.hibernate.orm.core                   : HHH000489: No JTA platform available (set 'hibernate.transaction.jta.platform' to enable JTA platform integration)
2026-09-23 11:41:52.429  INFO 20308 --- [fifa] [restartedMain] j.LocalContainerEntityManagerFactoryBean : Initialized JPA EntityManagerFactory for persistence unit 'default'
2026-09-23 11:41:52.450  WARN 20308 --- [fifa] [restartedMain] ConfigServletWebServerApplicationContext : Exception encountered during context initialization - cancelling refresh attempt: org.springframework.beans.factory.BeanCreationException: Error creating bean with name 'playerController': Resolution of declared constructors on bean Class [com.example.demo.controller.PlayerController] from ClassLoader [org.springframework.boot.devtools.restart.classloader.RestartClassLoader@4f99a9] failed
2026-09-23 11:41:52.450  INFO 20308 --- [fifa] [restartedMain] j.LocalContainerEntityManagerFactoryBean : Closing JPA EntityManagerFactory for persistence unit 'default'
2026-09-23 11:41:52.453  WARN 20308 --- [fifa] [restartedMain] o.s.b.f.support.DisposableBeanAdapter    : Invocation of destroy method failed on bean with name 'inMemoryDatabaseShutdownExecutor': org.h2.jdbc.JdbcSQLNonTransientConnectionException: La base de datos ya esta cerrada (para des-habilitar el cerrado automatico durante el shutdown de la VM, agregue ";DB_CLOSE_ON_EXIT=FALSE" a la URL de conexión)
Database is already closed (to disable automatic closing at VM shutdown, add ";DB_CLOSE_ON_EXIT=FALSE" to the db URL) [90121-240]
2026-09-23 11:41:52.454  INFO 20308 --- [fifa] [restartedMain] com.zaxxer.hikari.HikariDataSource       : HikariPool-2 - Shutdown initiated...
2026-09-23 11:41:52.475  INFO 20308 --- [fifa] [restartedMain] com.zaxxer.hikari.HikariDataSource       : HikariPool-2 - Shutdown completed.
2026-09-23 11:41:52.476  INFO 20308 --- [fifa] [restartedMain] o.apache.catalina.core.StandardService   : Stopping service [Tomcat]
2026-09-23 11:41:52.482  INFO 20308 --- [fifa] [restartedMain] .s.b.a.l.ConditionEvaluationReportLogger : 

Error starting ApplicationContext. To display the condition evaluation report re-run your application with 'debug' enabled.
2026-09-23 11:41:52.497 ERROR 20308 --- [fifa] [restartedMain] o.s.boot.SpringApplication               : Application run failed

org.springframework.beans.factory.BeanCreationException: Error creating bean with name 'playerController': Resolution of declared constructors on bean Class [com.example.demo.controller.PlayerController] from ClassLoader [org.springframework.boot.devtools.restart.classloader.RestartClassLoader@4f99a9] failed
	at org.springframework.beans.factory.annotation.AutowiredAnnotationBeanPostProcessor.determineCandidateConstructors(AutowiredAnnotationBeanPostProcessor.java:368) ~[spring-beans-7.0.9.jar:7.0.9]
	at org.springframework.beans.factory.support.AbstractAutowireCapableBeanFactory.determineConstructorsFromBeanPostProcessors(AbstractAutowireCapableBeanFactory.java:1319) ~[spring-beans-7.0.9.jar:7.0.9]
	at org.springframework.beans.factory.support.AbstractAutowireCapableBeanFactory.createBeanInstance(AbstractAutowireCapableBeanFactory.java:1216) ~[spring-beans-7.0.9.jar:7.0.9]
	at org.springframework.beans.factory.support.AbstractAutowireCapableBeanFactory.doCreateBean(AbstractAutowireCapableBeanFactory.java:565) ~[spring-beans-7.0.9.jar:7.0.9]
	at org.springframework.beans.factory.support.AbstractAutowireCapableBeanFactory.createBean(AbstractAutowireCapableBeanFactory.java:525) ~[spring-beans-7.0.9.jar:7.0.9]
	at org.springframework.beans.factory.support.AbstractBeanFactory.lambda$doGetBean$0(AbstractBeanFactory.java:333) ~[spring-beans-7.0.9.jar:7.0.9]
	at org.springframework.beans.factory.support.DefaultSingletonBeanRegistry.getSingleton(DefaultSingletonBeanRegistry.java:371) ~[spring-beans-7.0.9.jar:7.0.9]
	at org.springframework.beans.factory.support.AbstractBeanFactory.doGetBean(AbstractBeanFactory.java:331) ~[spring-beans-7.0.9.jar:7.0.9]
	at org.springframework.beans.factory.support.AbstractBeanFactory.getBean(AbstractBeanFactory.java:196) ~[spring-beans-7.0.9.jar:7.0.9]
	at org.springframework.beans.factory.support.DefaultListableBeanFactory.instantiateSingleton(DefaultListableBeanFactory.java:1225) ~[spring-beans-7.0.9.jar:7.0.9]
	at org.springframework.beans.factory.support.DefaultListableBeanFactory.preInstantiateSingleton(DefaultListableBeanFactory.java:1191) ~[spring-beans-7.0.9.jar:7.0.9]
	at org.springframework.beans.factory.support.DefaultListableBeanFactory.preInstantiateSingletons(DefaultListableBeanFactory.java:1121) ~[spring-beans-7.0.9.jar:7.0.9]
	at org.springframework.context.support.AbstractApplicationContext.finishBeanFactoryInitialization(AbstractApplicationContext.java:994) ~[spring-context-7.0.9.jar:7.0.9]
	at org.springframework.context.support.AbstractApplicationContext.refresh(AbstractApplicationContext.java:621) ~[spring-context-7.0.9.jar:7.0.9]
	at org.springframework.boot.web.server.servlet.context.ServletWebServerApplicationContext.refresh(ServletWebServerApplicationContext.java:143) ~[spring-boot-web-server-4.1.1.jar:4.1.1]
	at org.springframework.boot.SpringApplication.refresh(SpringApplication.java:756) ~[spring-boot-4.1.1.jar:4.1.1]
	at org.springframework.boot.SpringApplication.refreshContext(SpringApplication.java:445) ~[spring-boot-4.1.1.jar:4.1.1]
	at org.springframework.boot.SpringApplication.run(SpringApplication.java:321) ~[spring-boot-4.1.1.jar:4.1.1]
	at org.springframework.boot.SpringApplication.run(SpringApplication.java:1365) ~[spring-boot-4.1.1.jar:4.1.1]
	at org.springframework.boot.SpringApplication.run(SpringApplication.java:1354) ~[spring-boot-4.1.1.jar:4.1.1]
	at com.example.demo.DemoApplication.main(DemoApplication.java:10) ~[classes/:na]
	at java.base/jdk.internal.reflect.DirectMethodHandleAccessor.invoke(DirectMethodHandleAccessor.java:104) ~[na:na]
	at java.base/java.lang.reflect.Method.invoke(Method.java:565) ~[na:na]
	at org.springframework.boot.devtools.restart.RestartLauncher.run(RestartLauncher.java:52) ~[spring-boot-devtools-4.1.1.jar:4.1.1]
Caused by: java.lang.NoClassDefFoundError: PlayerService
	at java.base/java.lang.Class.getDeclaredConstructors0(Native Method) ~[na:na]
	at java.base/java.lang.Class.privateGetDeclaredConstructors(Class.java:3006) ~[na:na]
	at java.base/java.lang.Class.getDeclaredConstructors(Class.java:2356) ~[na:na]
	at org.springframework.beans.factory.annotation.AutowiredAnnotationBeanPostProcessor.determineCandidateConstructors(AutowiredAnnotationBeanPostProcessor.java:363) ~[spring-beans-7.0.9.jar:7.0.9]
	... 23 common frames omitted
Caused by: java.lang.ClassNotFoundException: PlayerService
	at java.base/jdk.internal.loader.BuiltinClassLoader.loadClass(BuiltinClassLoader.java:580) ~[na:na]
	at java.base/java.lang.ClassLoader.loadClass(ClassLoader.java:490) ~[na:na]
	at java.base/java.lang.Class.forName0(Native Method) ~[na:na]
	at java.base/java.lang.Class.forName(Class.java:543) ~[na:na]
	at org.springframework.boot.devtools.restart.classloader.RestartClassLoader.loadClass(RestartClassLoader.java:123) ~[spring-boot-devtools-4.1.1.jar:4.1.1]
	at java.base/java.lang.ClassLoader.loadClass(ClassLoader.java:490) ~[na:na]
	... 27 common frames omitted

2026-09-23 11:42:03.108  INFO 20308 --- [fifa] [restartedMain] com.example.demo.DemoApplication         : Starting DemoApplication using Java 24.0.2 with PID 20308 (C:\Users\flore\Documents\UNIVERSIDAD\Sexto Semestre\Compunet 2\SpringBoot\PreParcial_CopaMundial\demo\target\classes started by flore in C:\Users\flore\Documents\UNIVERSIDAD\Sexto Semestre\Compunet 2\SpringBoot\PreParcial_CopaMundial\demo)
2026-09-23 11:42:03.109  INFO 20308 --- [fifa] [restartedMain] com.example.demo.DemoApplication         : The following 1 profile is active: "dev"
2026-09-23 11:42:03.310  INFO 20308 --- [fifa] [restartedMain] .s.d.r.c.RepositoryConfigurationDelegate : Bootstrapping Spring Data JPA repositories in DEFAULT mode.
2026-09-23 11:42:03.337  INFO 20308 --- [fifa] [restartedMain] .s.d.r.c.RepositoryConfigurationDelegate : Finished Spring Data repository scanning in 25 ms. Found 5 JPA repository interfaces.
2026-09-23 11:42:03.494  INFO 20308 --- [fifa] [restartedMain] o.s.boot.tomcat.TomcatWebServer          : Tomcat initialized with port 8081 (http)
2026-09-23 11:42:03.495  INFO 20308 --- [fifa] [restartedMain] o.apache.catalina.core.StandardService   : Starting service [Tomcat]
2026-09-23 11:42:03.496  INFO 20308 --- [fifa] [restartedMain] o.apache.catalina.core.StandardEngine    : Starting Servlet engine: [Apache Tomcat/11.0.24]
2026-09-23 11:42:03.520  INFO 20308 --- [fifa] [restartedMain] b.w.c.s.WebApplicationContextInitializer : Root WebApplicationContext: initialization completed in 410 ms
2026-09-23 11:42:03.549  INFO 20308 --- [fifa] [restartedMain] org.hibernate.orm.jpa                    : HHH008540: Processing PersistenceUnitInfo [name: default]
2026-09-23 11:42:03.653  INFO 20308 --- [fifa] [restartedMain] o.s.o.j.p.SpringPersistenceUnitInfo      : No LoadTimeWeaver setup: ignoring JPA class transformer
2026-09-23 11:42:03.654  INFO 20308 --- [fifa] [restartedMain] com.zaxxer.hikari.HikariDataSource       : HikariPool-3 - Starting...
2026-09-23 11:42:03.656  INFO 20308 --- [fifa] [restartedMain] com.zaxxer.hikari.pool.HikariPool        : HikariPool-3 - Added connection conn8: url=jdbc:h2:mem:db-kevin user=POSTGRES
2026-09-23 11:42:03.657  INFO 20308 --- [fifa] [restartedMain] com.zaxxer.hikari.HikariDataSource       : HikariPool-3 - Start completed.
2026-09-23 11:42:03.657  INFO 20308 --- [fifa] [restartedMain] org.hibernate.orm.connections.pooling    : HHH10001005: Database info:
	Database JDBC URL [jdbc:h2:mem:db-kevin]
	Database driver: H2 JDBC Driver
	Database dialect: H2Dialect
	Database version: 2.4.240
	Default catalog/schema: DB-KEVIN/PUBLIC
	Autocommit mode: undefined/unknown
	Isolation level: READ_COMMITTED [default READ_COMMITTED]
	JDBC fetch size: 100
	Pool: DataSourceConnectionProvider
	Minimum pool size: undefined/unknown
	Maximum pool size: undefined/unknown
2026-09-23 11:42:03.752  INFO 20308 --- [fifa] [restartedMain] org.hibernate.orm.core                   : HHH000489: No JTA platform available (set 'hibernate.transaction.jta.platform' to enable JTA platform integration)
2026-09-23 11:42:03.763  INFO 20308 --- [fifa] [restartedMain] j.LocalContainerEntityManagerFactoryBean : Initialized JPA EntityManagerFactory for persistence unit 'default'
2026-09-23 11:42:03.808  WARN 20308 --- [fifa] [restartedMain] ConfigServletWebServerApplicationContext : Exception encountered during context initialization - cancelling refresh attempt: org.springframework.beans.factory.BeanCreationException: Error creating bean with name 'playerController': Resolution of declared constructors on bean Class [com.example.demo.controller.PlayerController] from ClassLoader [org.springframework.boot.devtools.restart.classloader.RestartClassLoader@12378c37] failed
2026-09-23 11:42:03.808  INFO 20308 --- [fifa] [restartedMain] j.LocalContainerEntityManagerFactoryBean : Closing JPA EntityManagerFactory for persistence unit 'default'
2026-09-23 11:42:03.810  WARN 20308 --- [fifa] [restartedMain] o.s.b.f.support.DisposableBeanAdapter    : Invocation of destroy method failed on bean with name 'inMemoryDatabaseShutdownExecutor': org.h2.jdbc.JdbcSQLNonTransientConnectionException: La base de datos ya esta cerrada (para des-habilitar el cerrado automatico durante el shutdown de la VM, agregue ";DB_CLOSE_ON_EXIT=FALSE" a la URL de conexión)
Database is already closed (to disable automatic closing at VM shutdown, add ";DB_CLOSE_ON_EXIT=FALSE" to the db URL) [90121-240]
2026-09-23 11:42:03.811  INFO 20308 --- [fifa] [restartedMain] com.zaxxer.hikari.HikariDataSource       : HikariPool-3 - Shutdown initiated...
2026-09-23 11:42:03.821  INFO 20308 --- [fifa] [restartedMain] com.zaxxer.hikari.HikariDataSource       : HikariPool-3 - Shutdown completed.
2026-09-23 11:42:03.823  INFO 20308 --- [fifa] [restartedMain] o.apache.catalina.core.StandardService   : Stopping service [Tomcat]
2026-09-23 11:42:03.837  INFO 20308 --- [fifa] [restartedMain] .s.b.a.l.ConditionEvaluationReportLogger : 

Error starting ApplicationContext. To display the condition evaluation report re-run your application with 'debug' enabled.
2026-09-23 11:42:03.847 ERROR 20308 --- [fifa] [restartedMain] o.s.boot.SpringApplication               : Application run failed

org.springframework.beans.factory.BeanCreationException: Error creating bean with name 'playerController': Resolution of declared constructors on bean Class [com.example.demo.controller.PlayerController] from ClassLoader [org.springframework.boot.devtools.restart.classloader.RestartClassLoader@12378c37] failed
	at org.springframework.beans.factory.annotation.AutowiredAnnotationBeanPostProcessor.determineCandidateConstructors(AutowiredAnnotationBeanPostProcessor.java:368) ~[spring-beans-7.0.9.jar:7.0.9]
	at org.springframework.beans.factory.support.AbstractAutowireCapableBeanFactory.determineConstructorsFromBeanPostProcessors(AbstractAutowireCapableBeanFactory.java:1319) ~[spring-beans-7.0.9.jar:7.0.9]
	at org.springframework.beans.factory.support.AbstractAutowireCapableBeanFactory.createBeanInstance(AbstractAutowireCapableBeanFactory.java:1216) ~[spring-beans-7.0.9.jar:7.0.9]
	at org.springframework.beans.factory.support.AbstractAutowireCapableBeanFactory.doCreateBean(AbstractAutowireCapableBeanFactory.java:565) ~[spring-beans-7.0.9.jar:7.0.9]
	at org.springframework.beans.factory.support.AbstractAutowireCapableBeanFactory.createBean(AbstractAutowireCapableBeanFactory.java:525) ~[spring-beans-7.0.9.jar:7.0.9]
	at org.springframework.beans.factory.support.AbstractBeanFactory.lambda$doGetBean$0(AbstractBeanFactory.java:333) ~[spring-beans-7.0.9.jar:7.0.9]
	at org.springframework.beans.factory.support.DefaultSingletonBeanRegistry.getSingleton(DefaultSingletonBeanRegistry.java:371) ~[spring-beans-7.0.9.jar:7.0.9]
	at org.springframework.beans.factory.support.AbstractBeanFactory.doGetBean(AbstractBeanFactory.java:331) ~[spring-beans-7.0.9.jar:7.0.9]
	at org.springframework.beans.factory.support.AbstractBeanFactory.getBean(AbstractBeanFactory.java:196) ~[spring-beans-7.0.9.jar:7.0.9]
	at org.springframework.beans.factory.support.DefaultListableBeanFactory.instantiateSingleton(DefaultListableBeanFactory.java:1225) ~[spring-beans-7.0.9.jar:7.0.9]
	at org.springframework.beans.factory.support.DefaultListableBeanFactory.preInstantiateSingleton(DefaultListableBeanFactory.java:1191) ~[spring-beans-7.0.9.jar:7.0.9]
	at org.springframework.beans.factory.support.DefaultListableBeanFactory.preInstantiateSingletons(DefaultListableBeanFactory.java:1121) ~[spring-beans-7.0.9.jar:7.0.9]
	at org.springframework.context.support.AbstractApplicationContext.finishBeanFactoryInitialization(AbstractApplicationContext.java:994) ~[spring-context-7.0.9.jar:7.0.9]
	at org.springframework.context.support.AbstractApplicationContext.refresh(AbstractApplicationContext.java:621) ~[spring-context-7.0.9.jar:7.0.9]
	at org.springframework.boot.web.server.servlet.context.ServletWebServerApplicationContext.refresh(ServletWebServerApplicationContext.java:143) ~[spring-boot-web-server-4.1.1.jar:4.1.1]
	at org.springframework.boot.SpringApplication.refresh(SpringApplication.java:756) ~[spring-boot-4.1.1.jar:4.1.1]
	at org.springframework.boot.SpringApplication.refreshContext(SpringApplication.java:445) ~[spring-boot-4.1.1.jar:4.1.1]
	at org.springframework.boot.SpringApplication.run(SpringApplication.java:321) ~[spring-boot-4.1.1.jar:4.1.1]
	at org.springframework.boot.SpringApplication.run(SpringApplication.java:1365) ~[spring-boot-4.1.1.jar:4.1.1]
	at org.springframework.boot.SpringApplication.run(SpringApplication.java:1354) ~[spring-boot-4.1.1.jar:4.1.1]
	at com.example.demo.DemoApplication.main(DemoApplication.java:10) ~[classes/:na]
	at java.base/jdk.internal.reflect.DirectMethodHandleAccessor.invoke(DirectMethodHandleAccessor.java:104) ~[na:na]
	at java.base/java.lang.reflect.Method.invoke(Method.java:565) ~[na:na]
	at org.springframework.boot.devtools.restart.RestartLauncher.run(RestartLauncher.java:52) ~[spring-boot-devtools-4.1.1.jar:4.1.1]
Caused by: java.lang.NoClassDefFoundError: PlayerService
	at java.base/java.lang.Class.getDeclaredConstructors0(Native Method) ~[na:na]
	at java.base/java.lang.Class.privateGetDeclaredConstructors(Class.java:3006) ~[na:na]
	at java.base/java.lang.Class.getDeclaredConstructors(Class.java:2356) ~[na:na]
	at org.springframework.beans.factory.annotation.AutowiredAnnotationBeanPostProcessor.determineCandidateConstructors(AutowiredAnnotationBeanPostProcessor.java:363) ~[spring-beans-7.0.9.jar:7.0.9]
	... 23 common frames omitted
Caused by: java.lang.ClassNotFoundException: PlayerService
	at java.base/jdk.internal.loader.BuiltinClassLoader.loadClass(BuiltinClassLoader.java:580) ~[na:na]
	at java.base/java.lang.ClassLoader.loadClass(ClassLoader.java:490) ~[na:na]
	at java.base/java.lang.Class.forName0(Native Method) ~[na:na]
	at java.base/java.lang.Class.forName(Class.java:543) ~[na:na]
	at org.springframework.boot.devtools.restart.classloader.RestartClassLoader.loadClass(RestartClassLoader.java:123) ~[spring-boot-devtools-4.1.1.jar:4.1.1]
	at java.base/java.lang.ClassLoader.loadClass(ClassLoader.java:490) ~[na:na]
	... 27 common frames omitted

2026-09-23 11:42:10.368  INFO 20308 --- [fifa] [restartedMain] com.example.demo.DemoApplication         : Starting DemoApplication using Java 24.0.2 with PID 20308 (C:\Users\flore\Documents\UNIVERSIDAD\Sexto Semestre\Compunet 2\SpringBoot\PreParcial_CopaMundial\demo\target\classes started by flore in C:\Users\flore\Documents\UNIVERSIDAD\Sexto Semestre\Compunet 2\SpringBoot\PreParcial_CopaMundial\demo)
2026-09-23 11:42:10.368  INFO 20308 --- [fifa] [restartedMain] com.example.demo.DemoApplication         : The following 1 profile is active: "dev"
2026-09-23 11:42:10.502  INFO 20308 --- [fifa] [restartedMain] .s.d.r.c.RepositoryConfigurationDelegate : Bootstrapping Spring Data JPA repositories in DEFAULT mode.
2026-09-23 11:42:10.504  INFO 20308 --- [fifa] [restartedMain] .s.d.r.c.RepositoryConfigurationDelegate : Finished Spring Data repository scanning in 0 ms. Found 0 JPA repository interfaces.
2026-09-23 11:42:10.563  INFO 20308 --- [fifa] [restartedMain] o.s.boot.tomcat.TomcatWebServer          : Tomcat initialized with port 8081 (http)
2026-09-23 11:42:10.563  INFO 20308 --- [fifa] [restartedMain] o.apache.catalina.core.StandardService   : Starting service [Tomcat]
2026-09-23 11:42:10.564  INFO 20308 --- [fifa] [restartedMain] o.apache.catalina.core.StandardEngine    : Starting Servlet engine: [Apache Tomcat/11.0.24]
2026-09-23 11:42:10.584  INFO 20308 --- [fifa] [restartedMain] b.w.c.s.WebApplicationContextInitializer : Root WebApplicationContext: initialization completed in 214 ms
2026-09-23 11:42:10.614  INFO 20308 --- [fifa] [restartedMain] org.hibernate.orm.jpa                    : HHH008540: Processing PersistenceUnitInfo [name: default]
2026-09-23 11:42:10.650  INFO 20308 --- [fifa] [restartedMain] o.s.o.j.p.SpringPersistenceUnitInfo      : No LoadTimeWeaver setup: ignoring JPA class transformer
2026-09-23 11:42:10.651  INFO 20308 --- [fifa] [restartedMain] com.zaxxer.hikari.HikariDataSource       : HikariPool-4 - Starting...
2026-09-23 11:42:10.653  INFO 20308 --- [fifa] [restartedMain] com.zaxxer.hikari.pool.HikariPool        : HikariPool-4 - Added connection conn11: url=jdbc:h2:mem:db-kevin user=POSTGRES
2026-09-23 11:42:10.653  INFO 20308 --- [fifa] [restartedMain] com.zaxxer.hikari.HikariDataSource       : HikariPool-4 - Start completed.
2026-09-23 11:42:10.655  INFO 20308 --- [fifa] [restartedMain] org.hibernate.orm.connections.pooling    : HHH10001005: Database info:
	Database JDBC URL [jdbc:h2:mem:db-kevin]
	Database driver: H2 JDBC Driver
	Database dialect: H2Dialect
	Database version: 2.4.240
	Default catalog/schema: DB-KEVIN/PUBLIC
	Autocommit mode: undefined/unknown
	Isolation level: READ_COMMITTED [default READ_COMMITTED]
	JDBC fetch size: 100
	Pool: DataSourceConnectionProvider
	Minimum pool size: undefined/unknown
	Maximum pool size: undefined/unknown
2026-09-23 11:42:10.675  INFO 20308 --- [fifa] [restartedMain] org.hibernate.orm.core                   : HHH000489: No JTA platform available (set 'hibernate.transaction.jta.platform' to enable JTA platform integration)
2026-09-23 11:42:10.678  INFO 20308 --- [fifa] [restartedMain] j.LocalContainerEntityManagerFactoryBean : Initialized JPA EntityManagerFactory for persistence unit 'default'
2026-09-23 11:42:10.703  WARN 20308 --- [fifa] [restartedMain] JpaBaseConfiguration$JpaWebConfiguration : spring.jpa.open-in-view is enabled by default. Therefore, database queries may be performed during view rendering. Explicitly configure spring.jpa.open-in-view to disable this warning
2026-09-23 11:42:10.774  INFO 20308 --- [fifa] [restartedMain] o.s.b.h.a.H2ConsoleAutoConfiguration     : H2 console available at '/h2-console'. Database available at 'jdbc:h2:mem:db-kevin'
2026-09-23 11:42:10.779  WARN 20308 --- [fifa] [restartedMain] ConfigServletWebServerApplicationContext : Exception encountered during context initialization - cancelling refresh attempt: org.springframework.beans.factory.BeanCreationException: Error creating bean with name 'dataSourceScriptDatabaseInitializer' defined in class path resource [org/springframework/boot/jdbc/autoconfigure/DataSourceInitializationAutoConfiguration.class]: Failed to execute SQL script statement #1 of file [C:\Users\flore\Documents\UNIVERSIDAD\Sexto Semestre\Compunet 2\SpringBoot\PreParcial_CopaMundial\demo\target\classes\data.sql]: INSERT INTO COUNTRY(name, code, confederation) VALUES ('Colombia', '001', 'FCF')
2026-09-23 11:42:10.780  INFO 20308 --- [fifa] [restartedMain] j.LocalContainerEntityManagerFactoryBean : Closing JPA EntityManagerFactory for persistence unit 'default'
2026-09-23 11:42:10.780  WARN 20308 --- [fifa] [restartedMain] o.s.b.f.support.DisposableBeanAdapter    : Invocation of destroy method failed on bean with name 'inMemoryDatabaseShutdownExecutor': org.h2.jdbc.JdbcSQLNonTransientConnectionException: La base de datos ya esta cerrada (para des-habilitar el cerrado automatico durante el shutdown de la VM, agregue ";DB_CLOSE_ON_EXIT=FALSE" a la URL de conexión)
Database is already closed (to disable automatic closing at VM shutdown, add ";DB_CLOSE_ON_EXIT=FALSE" to the db URL) [90121-240]
2026-09-23 11:42:10.781  INFO 20308 --- [fifa] [restartedMain] com.zaxxer.hikari.HikariDataSource       : HikariPool-4 - Shutdown initiated...
2026-09-23 11:42:10.788  INFO 20308 --- [fifa] [restartedMain] com.zaxxer.hikari.HikariDataSource       : HikariPool-4 - Shutdown completed.
2026-09-23 11:42:10.789  INFO 20308 --- [fifa] [restartedMain] o.apache.catalina.core.StandardService   : Stopping service [Tomcat]
2026-09-23 11:42:10.795  INFO 20308 --- [fifa] [restartedMain] .s.b.a.l.ConditionEvaluationReportLogger : 

Error starting ApplicationContext. To display the condition evaluation report re-run your application with 'debug' enabled.
2026-09-23 11:42:10.798 ERROR 20308 --- [fifa] [restartedMain] o.s.boot.SpringApplication               : Application run failed

org.springframework.beans.factory.BeanCreationException: Error creating bean with name 'dataSourceScriptDatabaseInitializer' defined in class path resource [org/springframework/boot/jdbc/autoconfigure/DataSourceInitializationAutoConfiguration.class]: Failed to execute SQL script statement #1 of file [C:\Users\flore\Documents\UNIVERSIDAD\Sexto Semestre\Compunet 2\SpringBoot\PreParcial_CopaMundial\demo\target\classes\data.sql]: INSERT INTO COUNTRY(name, code, confederation) VALUES ('Colombia', '001', 'FCF')
	at org.springframework.beans.factory.support.AbstractAutowireCapableBeanFactory.initializeBean(AbstractAutowireCapableBeanFactory.java:1815) ~[spring-beans-7.0.9.jar:7.0.9]
	at org.springframework.beans.factory.support.AbstractAutowireCapableBeanFactory.doCreateBean(AbstractAutowireCapableBeanFactory.java:603) ~[spring-beans-7.0.9.jar:7.0.9]
	at org.springframework.beans.factory.support.AbstractAutowireCapableBeanFactory.createBean(AbstractAutowireCapableBeanFactory.java:525) ~[spring-beans-7.0.9.jar:7.0.9]
	at org.springframework.beans.factory.support.AbstractBeanFactory.lambda$doGetBean$0(AbstractBeanFactory.java:333) ~[spring-beans-7.0.9.jar:7.0.9]
	at org.springframework.beans.factory.support.DefaultSingletonBeanRegistry.getSingleton(DefaultSingletonBeanRegistry.java:371) ~[spring-beans-7.0.9.jar:7.0.9]
	at org.springframework.beans.factory.support.AbstractBeanFactory.doGetBean(AbstractBeanFactory.java:331) ~[spring-beans-7.0.9.jar:7.0.9]
	at org.springframework.beans.factory.support.AbstractBeanFactory.getBean(AbstractBeanFactory.java:196) ~[spring-beans-7.0.9.jar:7.0.9]
	at org.springframework.beans.factory.support.DefaultListableBeanFactory.instantiateSingleton(DefaultListableBeanFactory.java:1225) ~[spring-beans-7.0.9.jar:7.0.9]
	at org.springframework.beans.factory.support.DefaultListableBeanFactory.preInstantiateSingleton(DefaultListableBeanFactory.java:1191) ~[spring-beans-7.0.9.jar:7.0.9]
	at org.springframework.beans.factory.support.DefaultListableBeanFactory.preInstantiateSingletons(DefaultListableBeanFactory.java:1121) ~[spring-beans-7.0.9.jar:7.0.9]
	at org.springframework.context.support.AbstractApplicationContext.finishBeanFactoryInitialization(AbstractApplicationContext.java:994) ~[spring-context-7.0.9.jar:7.0.9]
	at org.springframework.context.support.AbstractApplicationContext.refresh(AbstractApplicationContext.java:621) ~[spring-context-7.0.9.jar:7.0.9]
	at org.springframework.boot.web.server.servlet.context.ServletWebServerApplicationContext.refresh(ServletWebServerApplicationContext.java:143) ~[spring-boot-web-server-4.1.1.jar:4.1.1]
	at org.springframework.boot.SpringApplication.refresh(SpringApplication.java:756) ~[spring-boot-4.1.1.jar:4.1.1]
	at org.springframework.boot.SpringApplication.refreshContext(SpringApplication.java:445) ~[spring-boot-4.1.1.jar:4.1.1]
	at org.springframework.boot.SpringApplication.run(SpringApplication.java:321) ~[spring-boot-4.1.1.jar:4.1.1]
	at org.springframework.boot.SpringApplication.run(SpringApplication.java:1365) ~[spring-boot-4.1.1.jar:4.1.1]
	at org.springframework.boot.SpringApplication.run(SpringApplication.java:1354) ~[spring-boot-4.1.1.jar:4.1.1]
	at com.example.demo.DemoApplication.main(DemoApplication.java:10) ~[classes/:na]
	at java.base/jdk.internal.reflect.DirectMethodHandleAccessor.invoke(DirectMethodHandleAccessor.java:104) ~[na:na]
	at java.base/java.lang.reflect.Method.invoke(Method.java:565) ~[na:na]
	at org.springframework.boot.devtools.restart.RestartLauncher.run(RestartLauncher.java:52) ~[spring-boot-devtools-4.1.1.jar:4.1.1]
Caused by: org.springframework.jdbc.datasource.init.ScriptStatementFailedException: Failed to execute SQL script statement #1 of file [C:\Users\flore\Documents\UNIVERSIDAD\Sexto Semestre\Compunet 2\SpringBoot\PreParcial_CopaMundial\demo\target\classes\data.sql]: INSERT INTO COUNTRY(name, code, confederation) VALUES ('Colombia', '001', 'FCF')
	at org.springframework.jdbc.datasource.init.ScriptUtils.executeSqlScript(ScriptUtils.java:293) ~[spring-jdbc-7.0.9.jar:7.0.9]
	at org.springframework.jdbc.datasource.init.ResourceDatabasePopulator.populate(ResourceDatabasePopulator.java:254) ~[spring-jdbc-7.0.9.jar:7.0.9]
	at org.springframework.jdbc.datasource.init.DatabasePopulatorUtils.execute(DatabasePopulatorUtils.java:54) ~[spring-jdbc-7.0.9.jar:7.0.9]
	at org.springframework.boot.jdbc.init.DataSourceScriptDatabaseInitializer.runScripts(DataSourceScriptDatabaseInitializer.java:87) ~[spring-boot-jdbc-4.1.1.jar:4.1.1]
	at org.springframework.boot.sql.init.AbstractScriptDatabaseInitializer.runScripts(AbstractScriptDatabaseInitializer.java:159) ~[spring-boot-sql-4.1.1.jar:4.1.1]
	at org.springframework.boot.sql.init.AbstractScriptDatabaseInitializer.applyScripts(AbstractScriptDatabaseInitializer.java:120) ~[spring-boot-sql-4.1.1.jar:4.1.1]
	at org.springframework.boot.sql.init.AbstractScriptDatabaseInitializer.applyDataScripts(AbstractScriptDatabaseInitializer.java:113) ~[spring-boot-sql-4.1.1.jar:4.1.1]
	at org.springframework.boot.sql.init.AbstractScriptDatabaseInitializer.initializeDatabase(AbstractScriptDatabaseInitializer.java:88) ~[spring-boot-sql-4.1.1.jar:4.1.1]
	at org.springframework.boot.sql.init.AbstractScriptDatabaseInitializer.afterPropertiesSet(AbstractScriptDatabaseInitializer.java:77) ~[spring-boot-sql-4.1.1.jar:4.1.1]
	at org.springframework.beans.factory.support.AbstractAutowireCapableBeanFactory.invokeInitMethods(AbstractAutowireCapableBeanFactory.java:1862) ~[spring-beans-7.0.9.jar:7.0.9]
	at org.springframework.beans.factory.support.AbstractAutowireCapableBeanFactory.initializeBean(AbstractAutowireCapableBeanFactory.java:1811) ~[spring-beans-7.0.9.jar:7.0.9]
	... 21 common frames omitted
Caused by: org.h2.jdbc.JdbcSQLSyntaxErrorException: Table "COUNTRY" not found (this database is empty); SQL statement:
INSERT INTO COUNTRY(name, code, confederation) VALUES ('Colombia', '001', 'FCF') [42104-240]
	at org.h2.message.DbException.getJdbcSQLException(DbException.java:514) ~[h2-2.4.240.jar:2.4.240]
	at org.h2.message.DbException.getJdbcSQLException(DbException.java:489) ~[h2-2.4.240.jar:2.4.240]
	at org.h2.message.DbException.get(DbException.java:223) ~[h2-2.4.240.jar:2.4.240]
	at org.h2.message.DbException.get(DbException.java:199) ~[h2-2.4.240.jar:2.4.240]
	at org.h2.command.Parser.getTableOrViewNotFoundDbException(Parser.java:8036) ~[h2-2.4.240.jar:2.4.240]
	at org.h2.command.Parser.getTableOrViewNotFoundDbException(Parser.java:8020) ~[h2-2.4.240.jar:2.4.240]
	at org.h2.command.Parser.readTableOrView(Parser.java:7999) ~[h2-2.4.240.jar:2.4.240]
	at org.h2.command.Parser.readTableOrView(Parser.java:7961) ~[h2-2.4.240.jar:2.4.240]
	at org.h2.command.Parser.parseInsert(Parser.java:1524) ~[h2-2.4.240.jar:2.4.240]
	at org.h2.command.Parser.parsePrepared(Parser.java:701) ~[h2-2.4.240.jar:2.4.240]
	at org.h2.command.Parser.parse(Parser.java:584) ~[h2-2.4.240.jar:2.4.240]
	at org.h2.command.Parser.parse(Parser.java:559) ~[h2-2.4.240.jar:2.4.240]
	at org.h2.command.Parser.prepareCommand(Parser.java:487) ~[h2-2.4.240.jar:2.4.240]
	at org.h2.engine.SessionLocal.prepareLocal(SessionLocal.java:647) ~[h2-2.4.240.jar:2.4.240]
	at org.h2.engine.SessionLocal.prepareCommand(SessionLocal.java:563) ~[h2-2.4.240.jar:2.4.240]
	at org.h2.jdbc.JdbcConnection.prepareCommand(JdbcConnection.java:1160) ~[h2-2.4.240.jar:2.4.240]
	at org.h2.jdbc.JdbcStatement.executeInternal(JdbcStatement.java:245) ~[h2-2.4.240.jar:2.4.240]
	at org.h2.jdbc.JdbcStatement.execute(JdbcStatement.java:231) ~[h2-2.4.240.jar:2.4.240]
	at com.zaxxer.hikari.pool.ProxyStatement.execute(ProxyStatement.java:95) ~[HikariCP-7.0.2.jar:na]
	at com.zaxxer.hikari.pool.HikariProxyStatement.execute(HikariProxyStatement.java) ~[HikariCP-7.0.2.jar:na]
	at org.springframework.jdbc.datasource.init.ScriptUtils.executeSqlScript(ScriptUtils.java:261) ~[spring-jdbc-7.0.9.jar:7.0.9]
	... 31 common frames omitted

2026-09-23 11:42:13.324  INFO 20308 --- [fifa] [restartedMain] com.example.demo.DemoApplication         : Starting DemoApplication using Java 24.0.2 with PID 20308 (C:\Users\flore\Documents\UNIVERSIDAD\Sexto Semestre\Compunet 2\SpringBoot\PreParcial_CopaMundial\demo\target\classes started by flore in C:\Users\flore\Documents\UNIVERSIDAD\Sexto Semestre\Compunet 2\SpringBoot\PreParcial_CopaMundial\demo)
2026-09-23 11:42:13.324  INFO 20308 --- [fifa] [restartedMain] com.example.demo.DemoApplication         : The following 1 profile is active: "dev"
2026-09-23 11:42:13.630  INFO 20308 --- [fifa] [restartedMain] .s.d.r.c.RepositoryConfigurationDelegate : Bootstrapping Spring Data JPA repositories in DEFAULT mode.
2026-09-23 11:42:13.877  INFO 20308 --- [fifa] [restartedMain] .s.d.r.c.RepositoryConfigurationDelegate : Finished Spring Data repository scanning in 229 ms. Found 5 JPA repository interfaces.
2026-09-23 11:42:14.033  INFO 20308 --- [fifa] [restartedMain] o.s.boot.tomcat.TomcatWebServer          : Tomcat initialized with port 8081 (http)
2026-09-23 11:42:14.034  INFO 20308 --- [fifa] [restartedMain] o.apache.catalina.core.StandardService   : Starting service [Tomcat]
2026-09-23 11:42:14.034  INFO 20308 --- [fifa] [restartedMain] o.apache.catalina.core.StandardEngine    : Starting Servlet engine: [Apache Tomcat/11.0.24]
2026-09-23 11:42:14.068  INFO 20308 --- [fifa] [restartedMain] b.w.c.s.WebApplicationContextInitializer : Root WebApplicationContext: initialization completed in 742 ms
2026-09-23 11:42:14.125  INFO 20308 --- [fifa] [restartedMain] org.hibernate.orm.jpa                    : HHH008540: Processing PersistenceUnitInfo [name: default]
2026-09-23 11:42:14.179  INFO 20308 --- [fifa] [restartedMain] o.s.o.j.p.SpringPersistenceUnitInfo      : No LoadTimeWeaver setup: ignoring JPA class transformer
2026-09-23 11:42:14.181  INFO 20308 --- [fifa] [restartedMain] com.zaxxer.hikari.HikariDataSource       : HikariPool-5 - Starting...
2026-09-23 11:42:14.185  INFO 20308 --- [fifa] [restartedMain] com.zaxxer.hikari.pool.HikariPool        : HikariPool-5 - Added connection conn13: url=jdbc:h2:mem:db-kevin user=POSTGRES
2026-09-23 11:42:14.186  INFO 20308 --- [fifa] [restartedMain] com.zaxxer.hikari.HikariDataSource       : HikariPool-5 - Start completed.
2026-09-23 11:42:14.187  INFO 20308 --- [fifa] [restartedMain] org.hibernate.orm.connections.pooling    : HHH10001005: Database info:
	Database JDBC URL [jdbc:h2:mem:db-kevin]
	Database driver: H2 JDBC Driver
	Database dialect: H2Dialect
	Database version: 2.4.240
	Default catalog/schema: DB-KEVIN/PUBLIC
	Autocommit mode: undefined/unknown
	Isolation level: READ_COMMITTED [default READ_COMMITTED]
	JDBC fetch size: 100
	Pool: DataSourceConnectionProvider
	Minimum pool size: undefined/unknown
	Maximum pool size: undefined/unknown
2026-09-23 11:42:14.348  INFO 20308 --- [fifa] [restartedMain] org.hibernate.orm.core                   : HHH000489: No JTA platform available (set 'hibernate.transaction.jta.platform' to enable JTA platform integration)
2026-09-23 11:42:14.376  INFO 20308 --- [fifa] [restartedMain] j.LocalContainerEntityManagerFactoryBean : Initialized JPA EntityManagerFactory for persistence unit 'default'
2026-09-23 11:42:14.501  WARN 20308 --- [fifa] [restartedMain] JpaBaseConfiguration$JpaWebConfiguration : spring.jpa.open-in-view is enabled by default. Therefore, database queries may be performed during view rendering. Explicitly configure spring.jpa.open-in-view to disable this warning
2026-09-23 11:42:14.577  INFO 20308 --- [fifa] [restartedMain] o.s.b.h.a.H2ConsoleAutoConfiguration     : H2 console available at '/h2-console'. Database available at 'jdbc:h2:mem:db-kevin'
2026-09-23 11:42:14.605  INFO 20308 --- [fifa] [restartedMain] o.s.boot.tomcat.TomcatWebServer          : Tomcat started on port 8081 (http) with context path '/fifaparcial'
2026-09-23 11:42:14.607  INFO 20308 --- [fifa] [restartedMain] com.example.demo.DemoApplication         : Started DemoApplication in 1.329 seconds (process running for 96.966)
2026-09-23 11:42:14.609  INFO 20308 --- [fifa] [restartedMain] .ConditionEvaluationDeltaLoggingListener : Condition evaluation unchanged
2026-09-23 11:42:15.546  INFO 12444 --- [fifa] [restartedMain] com.example.demo.DemoApplication         : Starting DemoApplication using Java 24.0.2 with PID 12444 (C:\Users\flore\Documents\UNIVERSIDAD\Sexto Semestre\Compunet 2\SpringBoot\PreParcial_CopaMundial\demo\target\classes started by flore in C:\Users\flore\Documents\UNIVERSIDAD\Sexto Semestre\Compunet 2\SpringBoot\PreParcial_CopaMundial\demo)
2026-09-23 11:42:15.549  INFO 12444 --- [fifa] [restartedMain] com.example.demo.DemoApplication         : The following 1 profile is active: "dev"
2026-09-23 11:42:15.605  INFO 12444 --- [fifa] [restartedMain] .e.DevToolsPropertyDefaultsPostProcessor : Devtools property defaults active! Set 'spring.devtools.add-properties' to 'false' to disable
2026-09-23 11:42:15.607  INFO 12444 --- [fifa] [restartedMain] .e.DevToolsPropertyDefaultsPostProcessor : For additional web related logging consider setting the 'logging.level.web' property to 'DEBUG'
2026-09-23 11:42:16.312  INFO 12444 --- [fifa] [restartedMain] .s.d.r.c.RepositoryConfigurationDelegate : Bootstrapping Spring Data JPA repositories in DEFAULT mode.
2026-09-23 11:42:16.391  INFO 12444 --- [fifa] [restartedMain] .s.d.r.c.RepositoryConfigurationDelegate : Finished Spring Data repository scanning in 69 ms. Found 5 JPA repository interfaces.
2026-09-23 11:42:16.911  INFO 12444 --- [fifa] [restartedMain] o.s.boot.tomcat.TomcatWebServer          : Tomcat initialized with port 8081 (http)
2026-09-23 11:42:16.926  INFO 12444 --- [fifa] [restartedMain] o.apache.catalina.core.StandardService   : Starting service [Tomcat]
2026-09-23 11:42:16.927  INFO 12444 --- [fifa] [restartedMain] o.apache.catalina.core.StandardEngine    : Starting Servlet engine: [Apache Tomcat/11.0.24]
2026-09-23 11:42:16.975  INFO 12444 --- [fifa] [restartedMain] b.w.c.s.WebApplicationContextInitializer : Root WebApplicationContext: initialization completed in 1368 ms
2026-09-23 11:42:17.150  INFO 12444 --- [fifa] [restartedMain] org.hibernate.orm.jpa                    : HHH008540: Processing PersistenceUnitInfo [name: default]
2026-09-23 11:42:17.219  INFO 12444 --- [fifa] [restartedMain] org.hibernate.orm.core                   : HHH000001: Hibernate ORM core version 7.4.5.Final
2026-09-23 11:42:17.739  INFO 12444 --- [fifa] [restartedMain] o.s.o.j.p.SpringPersistenceUnitInfo      : No LoadTimeWeaver setup: ignoring JPA class transformer
2026-09-23 11:42:17.773  INFO 12444 --- [fifa] [restartedMain] com.zaxxer.hikari.HikariDataSource       : HikariPool-1 - Starting...
2026-09-23 11:42:17.942  INFO 12444 --- [fifa] [restartedMain] com.zaxxer.hikari.pool.HikariPool        : HikariPool-1 - Added connection conn0: url=jdbc:h2:mem:db-kevin user=POSTGRES
2026-09-23 11:42:17.944  INFO 12444 --- [fifa] [restartedMain] com.zaxxer.hikari.HikariDataSource       : HikariPool-1 - Start completed.
2026-09-23 11:42:18.004  INFO 12444 --- [fifa] [restartedMain] org.hibernate.orm.connections.pooling    : HHH10001005: Database info:
	Database JDBC URL [jdbc:h2:mem:db-kevin]
	Database driver: H2 JDBC Driver
	Database dialect: H2Dialect
	Database version: 2.4.240
	Default catalog/schema: DB-KEVIN/PUBLIC
	Autocommit mode: undefined/unknown
	Isolation level: READ_COMMITTED [default READ_COMMITTED]
	JDBC fetch size: 100
	Pool: DataSourceConnectionProvider
	Minimum pool size: undefined/unknown
	Maximum pool size: undefined/unknown
2026-09-23 11:42:18.954  INFO 12444 --- [fifa] [restartedMain] org.hibernate.orm.core                   : HHH000489: No JTA platform available (set 'hibernate.transaction.jta.platform' to enable JTA platform integration)
2026-09-23 11:42:19.026  INFO 12444 --- [fifa] [restartedMain] j.LocalContainerEntityManagerFactoryBean : Initialized JPA EntityManagerFactory for persistence unit 'default'
2026-09-23 11:42:19.102  INFO 12444 --- [fifa] [restartedMain] o.s.d.j.r.query.QueryEnhancerFactories   : Hibernate is in classpath; If applicable, HQL parser will be used.
2026-09-23 11:42:19.336  WARN 12444 --- [fifa] [restartedMain] JpaBaseConfiguration$JpaWebConfiguration : spring.jpa.open-in-view is enabled by default. Therefore, database queries may be performed during view rendering. Explicitly configure spring.jpa.open-in-view to disable this warning
2026-09-23 11:42:19.600  INFO 12444 --- [fifa] [restartedMain] o.s.b.h.a.H2ConsoleAutoConfiguration     : H2 console available at '/h2-console'. Database available at 'jdbc:h2:mem:db-kevin'
2026-09-23 11:42:19.661  WARN 12444 --- [fifa] [restartedMain] ConfigServletWebServerApplicationContext : Exception encountered during context initialization - cancelling refresh attempt: org.springframework.context.ApplicationContextException: Failed to start bean 'webServerStartStop'
2026-09-23 11:42:19.663  INFO 12444 --- [fifa] [restartedMain] j.LocalContainerEntityManagerFactoryBean : Closing JPA EntityManagerFactory for persistence unit 'default'
2026-09-23 11:42:19.672  WARN 12444 --- [fifa] [restartedMain] o.s.b.f.support.DisposableBeanAdapter    : Invocation of destroy method failed on bean with name 'inMemoryDatabaseShutdownExecutor': org.h2.jdbc.JdbcSQLNonTransientConnectionException: La base de datos ya esta cerrada (para des-habilitar el cerrado automatico durante el shutdown de la VM, agregue ";DB_CLOSE_ON_EXIT=FALSE" a la URL de conexión)
Database is already closed (to disable automatic closing at VM shutdown, add ";DB_CLOSE_ON_EXIT=FALSE" to the db URL) [90121-240]
2026-09-23 11:42:19.672  INFO 12444 --- [fifa] [restartedMain] com.zaxxer.hikari.HikariDataSource       : HikariPool-1 - Shutdown initiated...
2026-09-23 11:42:19.674  INFO 12444 --- [fifa] [restartedMain] com.zaxxer.hikari.HikariDataSource       : HikariPool-1 - Shutdown completed.
2026-09-23 11:42:19.685  INFO 12444 --- [fifa] [restartedMain] .s.b.a.l.ConditionEvaluationReportLogger : 

Error starting ApplicationContext. To display the condition evaluation report re-run your application with 'debug' enabled.
2026-09-23 11:42:19.701 ERROR 12444 --- [fifa] [restartedMain] o.s.b.d.LoggingFailureAnalysisReporter   : 

***************************
APPLICATION FAILED TO START
***************************

Description:

Web server failed to start. Port 8081 was already in use.

Action:

Identify and stop the process that's listening on port 8081 or configure this application to listen on another port.

2026-09-23 11:42:31.242  INFO 20308 --- [fifa] [File Watcher] rtingClassPathChangeChangedEventListener : Restarting due to 1 class path change (0 additions, 0 deletions, 1 modification)
2026-09-23 11:42:31.243  INFO 20308 --- [fifa] [Thread-5] o.s.boot.tomcat.GracefulShutdown         : Commencing graceful shutdown. Waiting for active requests to complete
2026-09-23 11:42:31.266  INFO 20308 --- [fifa] [tomcat-shutdown] o.s.boot.tomcat.GracefulShutdown         : Graceful shutdown complete
2026-09-23 11:42:31.268  INFO 20308 --- [fifa] [Thread-5] j.LocalContainerEntityManagerFactoryBean : Closing JPA EntityManagerFactory for persistence unit 'default'
2026-09-23 11:42:31.270  WARN 20308 --- [fifa] [Thread-5] o.s.b.f.support.DisposableBeanAdapter    : Invocation of destroy method failed on bean with name 'inMemoryDatabaseShutdownExecutor': org.h2.jdbc.JdbcSQLNonTransientConnectionException: La base de datos ya esta cerrada (para des-habilitar el cerrado automatico durante el shutdown de la VM, agregue ";DB_CLOSE_ON_EXIT=FALSE" a la URL de conexión)
Database is already closed (to disable automatic closing at VM shutdown, add ";DB_CLOSE_ON_EXIT=FALSE" to the db URL) [90121-240]
2026-09-23 11:42:31.270  INFO 20308 --- [fifa] [Thread-5] com.zaxxer.hikari.HikariDataSource       : HikariPool-5 - Shutdown initiated...
2026-09-23 11:42:31.271  INFO 20308 --- [fifa] [Thread-5] com.zaxxer.hikari.HikariDataSource       : HikariPool-5 - Shutdown completed.
2026-09-23 11:42:31.373  INFO 20308 --- [fifa] [restartedMain] com.example.demo.DemoApplication         : Starting DemoApplication using Java 24.0.2 with PID 20308 (C:\Users\flore\Documents\UNIVERSIDAD\Sexto Semestre\Compunet 2\SpringBoot\PreParcial_CopaMundial\demo\target\classes started by flore in C:\Users\flore\Documents\UNIVERSIDAD\Sexto Semestre\Compunet 2\SpringBoot\PreParcial_CopaMundial\demo)
2026-09-23 11:42:31.373  INFO 20308 --- [fifa] [restartedMain] com.example.demo.DemoApplication         : The following 1 profile is active: "dev"
2026-09-23 11:42:31.503  INFO 20308 --- [fifa] [restartedMain] .s.d.r.c.RepositoryConfigurationDelegate : Bootstrapping Spring Data JPA repositories in DEFAULT mode.
2026-09-23 11:42:31.526  INFO 20308 --- [fifa] [restartedMain] .s.d.r.c.RepositoryConfigurationDelegate : Finished Spring Data repository scanning in 20 ms. Found 5 JPA repository interfaces.
2026-09-23 11:42:31.586  INFO 20308 --- [fifa] [restartedMain] o.s.boot.tomcat.TomcatWebServer          : Tomcat initialized with port 8081 (http)
2026-09-23 11:42:31.586  INFO 20308 --- [fifa] [restartedMain] o.apache.catalina.core.StandardService   : Starting service [Tomcat]
2026-09-23 11:42:31.587  INFO 20308 --- [fifa] [restartedMain] o.apache.catalina.core.StandardEngine    : Starting Servlet engine: [Apache Tomcat/11.0.24]
2026-09-23 11:42:31.605  INFO 20308 --- [fifa] [restartedMain] b.w.c.s.WebApplicationContextInitializer : Root WebApplicationContext: initialization completed in 231 ms
2026-09-23 11:42:31.631  INFO 20308 --- [fifa] [restartedMain] org.hibernate.orm.jpa                    : HHH008540: Processing PersistenceUnitInfo [name: default]
2026-09-23 11:42:31.662  INFO 20308 --- [fifa] [restartedMain] o.s.o.j.p.SpringPersistenceUnitInfo      : No LoadTimeWeaver setup: ignoring JPA class transformer
2026-09-23 11:42:31.663  INFO 20308 --- [fifa] [restartedMain] com.zaxxer.hikari.HikariDataSource       : HikariPool-6 - Starting...
2026-09-23 11:42:31.665  INFO 20308 --- [fifa] [restartedMain] com.zaxxer.hikari.pool.HikariPool        : HikariPool-6 - Added connection conn18: url=jdbc:h2:mem:db-kevin user=POSTGRES
2026-09-23 11:42:31.665  INFO 20308 --- [fifa] [restartedMain] com.zaxxer.hikari.HikariDataSource       : HikariPool-6 - Start completed.
2026-09-23 11:42:31.666  INFO 20308 --- [fifa] [restartedMain] org.hibernate.orm.connections.pooling    : HHH10001005: Database info:
	Database JDBC URL [jdbc:h2:mem:db-kevin]
	Database driver: H2 JDBC Driver
	Database dialect: H2Dialect
	Database version: 2.4.240
	Default catalog/schema: DB-KEVIN/PUBLIC
	Autocommit mode: undefined/unknown
	Isolation level: READ_COMMITTED [default READ_COMMITTED]
	JDBC fetch size: 100
	Pool: DataSourceConnectionProvider
	Minimum pool size: undefined/unknown
	Maximum pool size: undefined/unknown
2026-09-23 11:42:31.751  INFO 20308 --- [fifa] [restartedMain] org.hibernate.orm.core                   : HHH000489: No JTA platform available (set 'hibernate.transaction.jta.platform' to enable JTA platform integration)
2026-09-23 11:42:31.762  INFO 20308 --- [fifa] [restartedMain] j.LocalContainerEntityManagerFactoryBean : Initialized JPA EntityManagerFactory for persistence unit 'default'
2026-09-23 11:42:31.839  WARN 20308 --- [fifa] [restartedMain] JpaBaseConfiguration$JpaWebConfiguration : spring.jpa.open-in-view is enabled by default. Therefore, database queries may be performed during view rendering. Explicitly configure spring.jpa.open-in-view to disable this warning
2026-09-23 11:42:31.887  INFO 20308 --- [fifa] [restartedMain] o.s.b.h.a.H2ConsoleAutoConfiguration     : H2 console available at '/h2-console'. Database available at 'jdbc:h2:mem:db-kevin'
2026-09-23 11:42:31.906  INFO 20308 --- [fifa] [restartedMain] o.s.boot.tomcat.TomcatWebServer          : Tomcat started on port 8081 (http) with context path '/fifaparcial'
2026-09-23 11:42:31.907  INFO 20308 --- [fifa] [restartedMain] com.example.demo.DemoApplication         : Started DemoApplication in 0.559 seconds (process running for 114.266)
2026-09-23 11:42:31.908  INFO 20308 --- [fifa] [restartedMain] .ConditionEvaluationDeltaLoggingListener : Condition evaluation unchanged
2026-09-23 11:43:01.866  INFO 20308 --- [fifa] [File Watcher] rtingClassPathChangeChangedEventListener : Restarting due to 32 class path changes (0 additions, 30 deletions, 2 modifications)
2026-09-23 11:43:01.867  INFO 20308 --- [fifa] [Thread-20] o.s.boot.tomcat.GracefulShutdown         : Commencing graceful shutdown. Waiting for active requests to complete
2026-09-23 11:43:01.888  INFO 20308 --- [fifa] [tomcat-shutdown] o.s.boot.tomcat.GracefulShutdown         : Graceful shutdown complete
2026-09-23 11:43:01.889  INFO 20308 --- [fifa] [Thread-20] j.LocalContainerEntityManagerFactoryBean : Closing JPA EntityManagerFactory for persistence unit 'default'
2026-09-23 11:43:01.891  WARN 20308 --- [fifa] [Thread-20] o.s.b.f.support.DisposableBeanAdapter    : Invocation of destroy method failed on bean with name 'inMemoryDatabaseShutdownExecutor': org.h2.jdbc.JdbcSQLNonTransientConnectionException: La base de datos ya esta cerrada (para des-habilitar el cerrado automatico durante el shutdown de la VM, agregue ";DB_CLOSE_ON_EXIT=FALSE" a la URL de conexión)
Database is already closed (to disable automatic closing at VM shutdown, add ";DB_CLOSE_ON_EXIT=FALSE" to the db URL) [90121-240]
2026-09-23 11:43:01.891  INFO 20308 --- [fifa] [Thread-20] com.zaxxer.hikari.HikariDataSource       : HikariPool-6 - Shutdown initiated...
2026-09-23 11:43:01.892  INFO 20308 --- [fifa] [Thread-20] com.zaxxer.hikari.HikariDataSource       : HikariPool-6 - Shutdown completed.
2026-09-23 11:43:01.975  INFO 20308 --- [fifa] [restartedMain] com.example.demo.DemoApplication         : Starting DemoApplication using Java 24.0.2 with PID 20308 (C:\Users\flore\Documents\UNIVERSIDAD\Sexto Semestre\Compunet 2\SpringBoot\PreParcial_CopaMundial\demo\target\classes started by flore in C:\Users\flore\Documents\UNIVERSIDAD\Sexto Semestre\Compunet 2\SpringBoot\PreParcial_CopaMundial\demo)
2026-09-23 11:43:01.975  INFO 20308 --- [fifa] [restartedMain] com.example.demo.DemoApplication         : The following 1 profile is active: "dev"
2026-09-23 11:43:02.081  INFO 20308 --- [fifa] [restartedMain] .s.d.r.c.RepositoryConfigurationDelegate : Bootstrapping Spring Data JPA repositories in DEFAULT mode.
2026-09-23 11:43:02.083  INFO 20308 --- [fifa] [restartedMain] .s.d.r.c.RepositoryConfigurationDelegate : Finished Spring Data repository scanning in 0 ms. Found 0 JPA repository interfaces.
2026-09-23 11:43:02.134  INFO 20308 --- [fifa] [restartedMain] o.s.boot.tomcat.TomcatWebServer          : Tomcat initialized with port 8081 (http)
2026-09-23 11:43:02.135  INFO 20308 --- [fifa] [restartedMain] o.apache.catalina.core.StandardService   : Starting service [Tomcat]
2026-09-23 11:43:02.135  INFO 20308 --- [fifa] [restartedMain] o.apache.catalina.core.StandardEngine    : Starting Servlet engine: [Apache Tomcat/11.0.24]
2026-09-23 11:43:02.158  INFO 20308 --- [fifa] [restartedMain] b.w.c.s.WebApplicationContextInitializer : Root WebApplicationContext: initialization completed in 182 ms
2026-09-23 11:43:02.193  INFO 20308 --- [fifa] [restartedMain] org.hibernate.orm.jpa                    : HHH008540: Processing PersistenceUnitInfo [name: default]
2026-09-23 11:43:02.232  INFO 20308 --- [fifa] [restartedMain] o.s.o.j.p.SpringPersistenceUnitInfo      : No LoadTimeWeaver setup: ignoring JPA class transformer
2026-09-23 11:43:02.233  INFO 20308 --- [fifa] [restartedMain] com.zaxxer.hikari.HikariDataSource       : HikariPool-7 - Starting...
2026-09-23 11:43:02.235  INFO 20308 --- [fifa] [restartedMain] com.zaxxer.hikari.pool.HikariPool        : HikariPool-7 - Added connection conn23: url=jdbc:h2:mem:db-kevin user=POSTGRES
2026-09-23 11:43:02.236  INFO 20308 --- [fifa] [restartedMain] com.zaxxer.hikari.HikariDataSource       : HikariPool-7 - Start completed.
2026-09-23 11:43:02.237  INFO 20308 --- [fifa] [restartedMain] org.hibernate.orm.connections.pooling    : HHH10001005: Database info:
	Database JDBC URL [jdbc:h2:mem:db-kevin]
	Database driver: H2 JDBC Driver
	Database dialect: H2Dialect
	Database version: 2.4.240
	Default catalog/schema: DB-KEVIN/PUBLIC
	Autocommit mode: undefined/unknown
	Isolation level: READ_COMMITTED [default READ_COMMITTED]
	JDBC fetch size: 100
	Pool: DataSourceConnectionProvider
	Minimum pool size: undefined/unknown
	Maximum pool size: undefined/unknown
2026-09-23 11:43:02.255  INFO 20308 --- [fifa] [restartedMain] org.hibernate.orm.core                   : HHH000489: No JTA platform available (set 'hibernate.transaction.jta.platform' to enable JTA platform integration)
2026-09-23 11:43:02.259  INFO 20308 --- [fifa] [restartedMain] j.LocalContainerEntityManagerFactoryBean : Initialized JPA EntityManagerFactory for persistence unit 'default'
2026-09-23 11:43:02.300  WARN 20308 --- [fifa] [restartedMain] JpaBaseConfiguration$JpaWebConfiguration : spring.jpa.open-in-view is enabled by default. Therefore, database queries may be performed during view rendering. Explicitly configure spring.jpa.open-in-view to disable this warning
2026-09-23 11:43:02.385  INFO 20308 --- [fifa] [restartedMain] o.s.b.h.a.H2ConsoleAutoConfiguration     : H2 console available at '/h2-console'. Database available at 'jdbc:h2:mem:db-kevin'
2026-09-23 11:43:02.389  WARN 20308 --- [fifa] [restartedMain] ConfigServletWebServerApplicationContext : Exception encountered during context initialization - cancelling refresh attempt: org.springframework.beans.factory.BeanCreationException: Error creating bean with name 'dataSourceScriptDatabaseInitializer' defined in class path resource [org/springframework/boot/jdbc/autoconfigure/DataSourceInitializationAutoConfiguration.class]: Failed to execute SQL script statement #1 of file [C:\Users\flore\Documents\UNIVERSIDAD\Sexto Semestre\Compunet 2\SpringBoot\PreParcial_CopaMundial\demo\target\classes\data.sql]: INSERT INTO COUNTRY(name, code, confederation) VALUES ('Colombia', '001', 'FCF')
2026-09-23 11:43:02.389  INFO 20308 --- [fifa] [restartedMain] j.LocalContainerEntityManagerFactoryBean : Closing JPA EntityManagerFactory for persistence unit 'default'
2026-09-23 11:43:02.390  WARN 20308 --- [fifa] [restartedMain] o.s.b.f.support.DisposableBeanAdapter    : Invocation of destroy method failed on bean with name 'inMemoryDatabaseShutdownExecutor': org.h2.jdbc.JdbcSQLNonTransientConnectionException: La base de datos ya esta cerrada (para des-habilitar el cerrado automatico durante el shutdown de la VM, agregue ";DB_CLOSE_ON_EXIT=FALSE" a la URL de conexión)
Database is already closed (to disable automatic closing at VM shutdown, add ";DB_CLOSE_ON_EXIT=FALSE" to the db URL) [90121-240]
2026-09-23 11:43:02.390  INFO 20308 --- [fifa] [restartedMain] com.zaxxer.hikari.HikariDataSource       : HikariPool-7 - Shutdown initiated...
2026-09-23 11:43:02.399  INFO 20308 --- [fifa] [restartedMain] com.zaxxer.hikari.HikariDataSource       : HikariPool-7 - Shutdown completed.
2026-09-23 11:43:02.399  INFO 20308 --- [fifa] [restartedMain] o.apache.catalina.core.StandardService   : Stopping service [Tomcat]
2026-09-23 11:43:02.405  INFO 20308 --- [fifa] [restartedMain] .s.b.a.l.ConditionEvaluationReportLogger : 

Error starting ApplicationContext. To display the condition evaluation report re-run your application with 'debug' enabled.
2026-09-23 11:43:02.407 ERROR 20308 --- [fifa] [restartedMain] o.s.boot.SpringApplication               : Application run failed

org.springframework.beans.factory.BeanCreationException: Error creating bean with name 'dataSourceScriptDatabaseInitializer' defined in class path resource [org/springframework/boot/jdbc/autoconfigure/DataSourceInitializationAutoConfiguration.class]: Failed to execute SQL script statement #1 of file [C:\Users\flore\Documents\UNIVERSIDAD\Sexto Semestre\Compunet 2\SpringBoot\PreParcial_CopaMundial\demo\target\classes\data.sql]: INSERT INTO COUNTRY(name, code, confederation) VALUES ('Colombia', '001', 'FCF')
	at org.springframework.beans.factory.support.AbstractAutowireCapableBeanFactory.initializeBean(AbstractAutowireCapableBeanFactory.java:1815) ~[spring-beans-7.0.9.jar:7.0.9]
	at org.springframework.beans.factory.support.AbstractAutowireCapableBeanFactory.doCreateBean(AbstractAutowireCapableBeanFactory.java:603) ~[spring-beans-7.0.9.jar:7.0.9]
	at org.springframework.beans.factory.support.AbstractAutowireCapableBeanFactory.createBean(AbstractAutowireCapableBeanFactory.java:525) ~[spring-beans-7.0.9.jar:7.0.9]
	at org.springframework.beans.factory.support.AbstractBeanFactory.lambda$doGetBean$0(AbstractBeanFactory.java:333) ~[spring-beans-7.0.9.jar:7.0.9]
	at org.springframework.beans.factory.support.DefaultSingletonBeanRegistry.getSingleton(DefaultSingletonBeanRegistry.java:371) ~[spring-beans-7.0.9.jar:7.0.9]
	at org.springframework.beans.factory.support.AbstractBeanFactory.doGetBean(AbstractBeanFactory.java:331) ~[spring-beans-7.0.9.jar:7.0.9]
	at org.springframework.beans.factory.support.AbstractBeanFactory.getBean(AbstractBeanFactory.java:196) ~[spring-beans-7.0.9.jar:7.0.9]
	at org.springframework.beans.factory.support.DefaultListableBeanFactory.instantiateSingleton(DefaultListableBeanFactory.java:1225) ~[spring-beans-7.0.9.jar:7.0.9]
	at org.springframework.beans.factory.support.DefaultListableBeanFactory.preInstantiateSingleton(DefaultListableBeanFactory.java:1191) ~[spring-beans-7.0.9.jar:7.0.9]
	at org.springframework.beans.factory.support.DefaultListableBeanFactory.preInstantiateSingletons(DefaultListableBeanFactory.java:1121) ~[spring-beans-7.0.9.jar:7.0.9]
	at org.springframework.context.support.AbstractApplicationContext.finishBeanFactoryInitialization(AbstractApplicationContext.java:994) ~[spring-context-7.0.9.jar:7.0.9]
	at org.springframework.context.support.AbstractApplicationContext.refresh(AbstractApplicationContext.java:621) ~[spring-context-7.0.9.jar:7.0.9]
	at org.springframework.boot.web.server.servlet.context.ServletWebServerApplicationContext.refresh(ServletWebServerApplicationContext.java:143) ~[spring-boot-web-server-4.1.1.jar:4.1.1]
	at org.springframework.boot.SpringApplication.refresh(SpringApplication.java:756) ~[spring-boot-4.1.1.jar:4.1.1]
	at org.springframework.boot.SpringApplication.refreshContext(SpringApplication.java:445) ~[spring-boot-4.1.1.jar:4.1.1]
	at org.springframework.boot.SpringApplication.run(SpringApplication.java:321) ~[spring-boot-4.1.1.jar:4.1.1]
	at org.springframework.boot.SpringApplication.run(SpringApplication.java:1365) ~[spring-boot-4.1.1.jar:4.1.1]
	at org.springframework.boot.SpringApplication.run(SpringApplication.java:1354) ~[spring-boot-4.1.1.jar:4.1.1]
	at com.example.demo.DemoApplication.main(DemoApplication.java:10) ~[classes/:na]
	at java.base/jdk.internal.reflect.DirectMethodHandleAccessor.invoke(DirectMethodHandleAccessor.java:104) ~[na:na]
	at java.base/java.lang.reflect.Method.invoke(Method.java:565) ~[na:na]
	at org.springframework.boot.devtools.restart.RestartLauncher.run(RestartLauncher.java:52) ~[spring-boot-devtools-4.1.1.jar:4.1.1]
Caused by: org.springframework.jdbc.datasource.init.ScriptStatementFailedException: Failed to execute SQL script statement #1 of file [C:\Users\flore\Documents\UNIVERSIDAD\Sexto Semestre\Compunet 2\SpringBoot\PreParcial_CopaMundial\demo\target\classes\data.sql]: INSERT INTO COUNTRY(name, code, confederation) VALUES ('Colombia', '001', 'FCF')
	at org.springframework.jdbc.datasource.init.ScriptUtils.executeSqlScript(ScriptUtils.java:293) ~[spring-jdbc-7.0.9.jar:7.0.9]
	at org.springframework.jdbc.datasource.init.ResourceDatabasePopulator.populate(ResourceDatabasePopulator.java:254) ~[spring-jdbc-7.0.9.jar:7.0.9]
	at org.springframework.jdbc.datasource.init.DatabasePopulatorUtils.execute(DatabasePopulatorUtils.java:54) ~[spring-jdbc-7.0.9.jar:7.0.9]
	at org.springframework.boot.jdbc.init.DataSourceScriptDatabaseInitializer.runScripts(DataSourceScriptDatabaseInitializer.java:87) ~[spring-boot-jdbc-4.1.1.jar:4.1.1]
	at org.springframework.boot.sql.init.AbstractScriptDatabaseInitializer.runScripts(AbstractScriptDatabaseInitializer.java:159) ~[spring-boot-sql-4.1.1.jar:4.1.1]
	at org.springframework.boot.sql.init.AbstractScriptDatabaseInitializer.applyScripts(AbstractScriptDatabaseInitializer.java:120) ~[spring-boot-sql-4.1.1.jar:4.1.1]
	at org.springframework.boot.sql.init.AbstractScriptDatabaseInitializer.applyDataScripts(AbstractScriptDatabaseInitializer.java:113) ~[spring-boot-sql-4.1.1.jar:4.1.1]
	at org.springframework.boot.sql.init.AbstractScriptDatabaseInitializer.initializeDatabase(AbstractScriptDatabaseInitializer.java:88) ~[spring-boot-sql-4.1.1.jar:4.1.1]
	at org.springframework.boot.sql.init.AbstractScriptDatabaseInitializer.afterPropertiesSet(AbstractScriptDatabaseInitializer.java:77) ~[spring-boot-sql-4.1.1.jar:4.1.1]
	at org.springframework.beans.factory.support.AbstractAutowireCapableBeanFactory.invokeInitMethods(AbstractAutowireCapableBeanFactory.java:1862) ~[spring-beans-7.0.9.jar:7.0.9]
	at org.springframework.beans.factory.support.AbstractAutowireCapableBeanFactory.initializeBean(AbstractAutowireCapableBeanFactory.java:1811) ~[spring-beans-7.0.9.jar:7.0.9]
	... 21 common frames omitted
Caused by: org.h2.jdbc.JdbcSQLSyntaxErrorException: Table "COUNTRY" not found (this database is empty); SQL statement:
INSERT INTO COUNTRY(name, code, confederation) VALUES ('Colombia', '001', 'FCF') [42104-240]
	at org.h2.message.DbException.getJdbcSQLException(DbException.java:514) ~[h2-2.4.240.jar:2.4.240]
	at org.h2.message.DbException.getJdbcSQLException(DbException.java:489) ~[h2-2.4.240.jar:2.4.240]
	at org.h2.message.DbException.get(DbException.java:223) ~[h2-2.4.240.jar:2.4.240]
	at org.h2.message.DbException.get(DbException.java:199) ~[h2-2.4.240.jar:2.4.240]
	at org.h2.command.Parser.getTableOrViewNotFoundDbException(Parser.java:8036) ~[h2-2.4.240.jar:2.4.240]
	at org.h2.command.Parser.getTableOrViewNotFoundDbException(Parser.java:8020) ~[h2-2.4.240.jar:2.4.240]
	at org.h2.command.Parser.readTableOrView(Parser.java:7999) ~[h2-2.4.240.jar:2.4.240]
	at org.h2.command.Parser.readTableOrView(Parser.java:7961) ~[h2-2.4.240.jar:2.4.240]
	at org.h2.command.Parser.parseInsert(Parser.java:1524) ~[h2-2.4.240.jar:2.4.240]
	at org.h2.command.Parser.parsePrepared(Parser.java:701) ~[h2-2.4.240.jar:2.4.240]
	at org.h2.command.Parser.parse(Parser.java:584) ~[h2-2.4.240.jar:2.4.240]
	at org.h2.command.Parser.parse(Parser.java:559) ~[h2-2.4.240.jar:2.4.240]
	at org.h2.command.Parser.prepareCommand(Parser.java:487) ~[h2-2.4.240.jar:2.4.240]
	at org.h2.engine.SessionLocal.prepareLocal(SessionLocal.java:647) ~[h2-2.4.240.jar:2.4.240]
	at org.h2.engine.SessionLocal.prepareCommand(SessionLocal.java:563) ~[h2-2.4.240.jar:2.4.240]
	at org.h2.jdbc.JdbcConnection.prepareCommand(JdbcConnection.java:1160) ~[h2-2.4.240.jar:2.4.240]
	at org.h2.jdbc.JdbcStatement.executeInternal(JdbcStatement.java:245) ~[h2-2.4.240.jar:2.4.240]
	at org.h2.jdbc.JdbcStatement.execute(JdbcStatement.java:231) ~[h2-2.4.240.jar:2.4.240]
	at com.zaxxer.hikari.pool.ProxyStatement.execute(ProxyStatement.java:95) ~[HikariCP-7.0.2.jar:na]
	at com.zaxxer.hikari.pool.HikariProxyStatement.execute(HikariProxyStatement.java) ~[HikariCP-7.0.2.jar:na]
	at org.springframework.jdbc.datasource.init.ScriptUtils.executeSqlScript(ScriptUtils.java:261) ~[spring-jdbc-7.0.9.jar:7.0.9]
	... 31 common frames omitted

2026-09-23 11:43:04.312  INFO 20308 --- [fifa] [restartedMain] com.example.demo.DemoApplication         : Starting DemoApplication using Java 24.0.2 with PID 20308 (C:\Users\flore\Documents\UNIVERSIDAD\Sexto Semestre\Compunet 2\SpringBoot\PreParcial_CopaMundial\demo\target\classes started by flore in C:\Users\flore\Documents\UNIVERSIDAD\Sexto Semestre\Compunet 2\SpringBoot\PreParcial_CopaMundial\demo)
2026-09-23 11:43:04.313  INFO 20308 --- [fifa] [restartedMain] com.example.demo.DemoApplication         : The following 1 profile is active: "dev"
2026-09-23 11:43:04.461  INFO 20308 --- [fifa] [restartedMain] .s.d.r.c.RepositoryConfigurationDelegate : Bootstrapping Spring Data JPA repositories in DEFAULT mode.
2026-09-23 11:43:04.483  INFO 20308 --- [fifa] [restartedMain] .s.d.r.c.RepositoryConfigurationDelegate : Finished Spring Data repository scanning in 21 ms. Found 5 JPA repository interfaces.
2026-09-23 11:43:04.559  INFO 20308 --- [fifa] [restartedMain] o.s.boot.tomcat.TomcatWebServer          : Tomcat initialized with port 8081 (http)
2026-09-23 11:43:04.559  INFO 20308 --- [fifa] [restartedMain] o.apache.catalina.core.StandardService   : Starting service [Tomcat]
2026-09-23 11:43:04.560  INFO 20308 --- [fifa] [restartedMain] o.apache.catalina.core.StandardEngine    : Starting Servlet engine: [Apache Tomcat/11.0.24]
2026-09-23 11:43:04.582  INFO 20308 --- [fifa] [restartedMain] b.w.c.s.WebApplicationContextInitializer : Root WebApplicationContext: initialization completed in 267 ms
2026-09-23 11:43:04.614  INFO 20308 --- [fifa] [restartedMain] org.hibernate.orm.jpa                    : HHH008540: Processing PersistenceUnitInfo [name: default]
2026-09-23 11:43:04.651  INFO 20308 --- [fifa] [restartedMain] o.s.o.j.p.SpringPersistenceUnitInfo      : No LoadTimeWeaver setup: ignoring JPA class transformer
2026-09-23 11:43:04.652  INFO 20308 --- [fifa] [restartedMain] com.zaxxer.hikari.HikariDataSource       : HikariPool-8 - Starting...
2026-09-23 11:43:04.655  INFO 20308 --- [fifa] [restartedMain] com.zaxxer.hikari.pool.HikariPool        : HikariPool-8 - Added connection conn26: url=jdbc:h2:mem:db-kevin user=POSTGRES
2026-09-23 11:43:04.655  INFO 20308 --- [fifa] [restartedMain] com.zaxxer.hikari.HikariDataSource       : HikariPool-8 - Start completed.
2026-09-23 11:43:04.656  INFO 20308 --- [fifa] [restartedMain] org.hibernate.orm.connections.pooling    : HHH10001005: Database info:
	Database JDBC URL [jdbc:h2:mem:db-kevin]
	Database driver: H2 JDBC Driver
	Database dialect: H2Dialect
	Database version: 2.4.240
	Default catalog/schema: DB-KEVIN/PUBLIC
	Autocommit mode: undefined/unknown
	Isolation level: READ_COMMITTED [default READ_COMMITTED]
	JDBC fetch size: 100
	Pool: DataSourceConnectionProvider
	Minimum pool size: undefined/unknown
	Maximum pool size: undefined/unknown
2026-09-23 11:43:04.767  INFO 20308 --- [fifa] [restartedMain] org.hibernate.orm.core                   : HHH000489: No JTA platform available (set 'hibernate.transaction.jta.platform' to enable JTA platform integration)
2026-09-23 11:43:04.779  INFO 20308 --- [fifa] [restartedMain] j.LocalContainerEntityManagerFactoryBean : Initialized JPA EntityManagerFactory for persistence unit 'default'
2026-09-23 11:43:04.867  WARN 20308 --- [fifa] [restartedMain] JpaBaseConfiguration$JpaWebConfiguration : spring.jpa.open-in-view is enabled by default. Therefore, database queries may be performed during view rendering. Explicitly configure spring.jpa.open-in-view to disable this warning
2026-09-23 11:43:04.921  INFO 20308 --- [fifa] [restartedMain] o.s.b.h.a.H2ConsoleAutoConfiguration     : H2 console available at '/h2-console'. Database available at 'jdbc:h2:mem:db-kevin'
2026-09-23 11:43:04.939  INFO 20308 --- [fifa] [restartedMain] o.s.boot.tomcat.TomcatWebServer          : Tomcat started on port 8081 (http) with context path '/fifaparcial'
2026-09-23 11:43:04.941  INFO 20308 --- [fifa] [restartedMain] com.example.demo.DemoApplication         : Started DemoApplication in 0.654 seconds (process running for 147.299)
2026-09-23 11:43:04.942  INFO 20308 --- [fifa] [restartedMain] .ConditionEvaluationDeltaLoggingListener : Condition evaluation unchanged
2026-09-23 11:43:05.976  INFO 7872 --- [fifa] [restartedMain] com.example.demo.DemoApplication         : Starting DemoApplication using Java 24.0.2 with PID 7872 (C:\Users\flore\Documents\UNIVERSIDAD\Sexto Semestre\Compunet 2\SpringBoot\PreParcial_CopaMundial\demo\target\classes started by flore in C:\Users\flore\Documents\UNIVERSIDAD\Sexto Semestre\Compunet 2\SpringBoot\PreParcial_CopaMundial\demo)
2026-09-23 11:43:05.979  INFO 7872 --- [fifa] [restartedMain] com.example.demo.DemoApplication         : The following 1 profile is active: "dev"
2026-09-23 11:43:06.027  INFO 7872 --- [fifa] [restartedMain] .e.DevToolsPropertyDefaultsPostProcessor : Devtools property defaults active! Set 'spring.devtools.add-properties' to 'false' to disable
2026-09-23 11:43:06.027  INFO 7872 --- [fifa] [restartedMain] .e.DevToolsPropertyDefaultsPostProcessor : For additional web related logging consider setting the 'logging.level.web' property to 'DEBUG'
2026-09-23 11:43:06.654  INFO 7872 --- [fifa] [restartedMain] .s.d.r.c.RepositoryConfigurationDelegate : Bootstrapping Spring Data JPA repositories in DEFAULT mode.
2026-09-23 11:43:06.732  INFO 7872 --- [fifa] [restartedMain] .s.d.r.c.RepositoryConfigurationDelegate : Finished Spring Data repository scanning in 67 ms. Found 5 JPA repository interfaces.
2026-09-23 11:43:07.272  INFO 7872 --- [fifa] [restartedMain] o.s.boot.tomcat.TomcatWebServer          : Tomcat initialized with port 8081 (http)
2026-09-23 11:43:07.291  INFO 7872 --- [fifa] [restartedMain] o.apache.catalina.core.StandardService   : Starting service [Tomcat]
2026-09-23 11:43:07.292  INFO 7872 --- [fifa] [restartedMain] o.apache.catalina.core.StandardEngine    : Starting Servlet engine: [Apache Tomcat/11.0.24]
2026-09-23 11:43:07.357  INFO 7872 --- [fifa] [restartedMain] b.w.c.s.WebApplicationContextInitializer : Root WebApplicationContext: initialization completed in 1330 ms
2026-09-23 11:43:07.544  INFO 7872 --- [fifa] [restartedMain] org.hibernate.orm.jpa                    : HHH008540: Processing PersistenceUnitInfo [name: default]
2026-09-23 11:43:07.608  INFO 7872 --- [fifa] [restartedMain] org.hibernate.orm.core                   : HHH000001: Hibernate ORM core version 7.4.5.Final
2026-09-23 11:43:08.106  INFO 7872 --- [fifa] [restartedMain] o.s.o.j.p.SpringPersistenceUnitInfo      : No LoadTimeWeaver setup: ignoring JPA class transformer
2026-09-23 11:43:08.139  INFO 7872 --- [fifa] [restartedMain] com.zaxxer.hikari.HikariDataSource       : HikariPool-1 - Starting...
2026-09-23 11:43:08.313  INFO 7872 --- [fifa] [restartedMain] com.zaxxer.hikari.pool.HikariPool        : HikariPool-1 - Added connection conn0: url=jdbc:h2:mem:db-kevin user=POSTGRES
2026-09-23 11:43:08.315  INFO 7872 --- [fifa] [restartedMain] com.zaxxer.hikari.HikariDataSource       : HikariPool-1 - Start completed.
2026-09-23 11:43:08.376  INFO 7872 --- [fifa] [restartedMain] org.hibernate.orm.connections.pooling    : HHH10001005: Database info:
	Database JDBC URL [jdbc:h2:mem:db-kevin]
	Database driver: H2 JDBC Driver
	Database dialect: H2Dialect
	Database version: 2.4.240
	Default catalog/schema: DB-KEVIN/PUBLIC
	Autocommit mode: undefined/unknown
	Isolation level: READ_COMMITTED [default READ_COMMITTED]
	JDBC fetch size: 100
	Pool: DataSourceConnectionProvider
	Minimum pool size: undefined/unknown
	Maximum pool size: undefined/unknown
2026-09-23 11:43:09.323  INFO 7872 --- [fifa] [restartedMain] org.hibernate.orm.core                   : HHH000489: No JTA platform available (set 'hibernate.transaction.jta.platform' to enable JTA platform integration)
2026-09-23 11:43:09.394  INFO 7872 --- [fifa] [restartedMain] j.LocalContainerEntityManagerFactoryBean : Initialized JPA EntityManagerFactory for persistence unit 'default'
2026-09-23 11:43:09.473  INFO 7872 --- [fifa] [restartedMain] o.s.d.j.r.query.QueryEnhancerFactories   : Hibernate is in classpath; If applicable, HQL parser will be used.
2026-09-23 11:43:09.700  WARN 7872 --- [fifa] [restartedMain] JpaBaseConfiguration$JpaWebConfiguration : spring.jpa.open-in-view is enabled by default. Therefore, database queries may be performed during view rendering. Explicitly configure spring.jpa.open-in-view to disable this warning
2026-09-23 11:43:09.964  INFO 7872 --- [fifa] [restartedMain] o.s.b.h.a.H2ConsoleAutoConfiguration     : H2 console available at '/h2-console'. Database available at 'jdbc:h2:mem:db-kevin'
2026-09-23 11:43:10.024  WARN 7872 --- [fifa] [restartedMain] ConfigServletWebServerApplicationContext : Exception encountered during context initialization - cancelling refresh attempt: org.springframework.context.ApplicationContextException: Failed to start bean 'webServerStartStop'
2026-09-23 11:43:10.026  INFO 7872 --- [fifa] [restartedMain] j.LocalContainerEntityManagerFactoryBean : Closing JPA EntityManagerFactory for persistence unit 'default'
2026-09-23 11:43:10.035  WARN 7872 --- [fifa] [restartedMain] o.s.b.f.support.DisposableBeanAdapter    : Invocation of destroy method failed on bean with name 'inMemoryDatabaseShutdownExecutor': org.h2.jdbc.JdbcSQLNonTransientConnectionException: La base de datos ya esta cerrada (para des-habilitar el cerrado automatico durante el shutdown de la VM, agregue ";DB_CLOSE_ON_EXIT=FALSE" a la URL de conexión)
Database is already closed (to disable automatic closing at VM shutdown, add ";DB_CLOSE_ON_EXIT=FALSE" to the db URL) [90121-240]
2026-09-23 11:43:10.036  INFO 7872 --- [fifa] [restartedMain] com.zaxxer.hikari.HikariDataSource       : HikariPool-1 - Shutdown initiated...
2026-09-23 11:43:10.038  INFO 7872 --- [fifa] [restartedMain] com.zaxxer.hikari.HikariDataSource       : HikariPool-1 - Shutdown completed.
2026-09-23 11:43:10.050  INFO 7872 --- [fifa] [restartedMain] .s.b.a.l.ConditionEvaluationReportLogger : 

Error starting ApplicationContext. To display the condition evaluation report re-run your application with 'debug' enabled.
2026-09-23 11:43:10.067 ERROR 7872 --- [fifa] [restartedMain] o.s.b.d.LoggingFailureAnalysisReporter   : 

***************************
APPLICATION FAILED TO START
***************************

Description:

Web server failed to start. Port 8081 was already in use.

Action:

Identify and stop the process that's listening on port 8081 or configure this application to listen on another port.

2026-09-23 11:43:19.457  INFO 20308 --- [fifa] [SpringApplicationShutdownHook] o.s.boot.tomcat.GracefulShutdown         : Commencing graceful shutdown. Waiting for active requests to complete
2026-09-23 11:43:19.484  INFO 20308 --- [fifa] [tomcat-shutdown] o.s.boot.tomcat.GracefulShutdown         : Graceful shutdown complete
2026-09-23 11:43:19.485  INFO 20308 --- [fifa] [SpringApplicationShutdownHook] j.LocalContainerEntityManagerFactoryBean : Closing JPA EntityManagerFactory for persistence unit 'default'
2026-09-23 11:43:19.488  WARN 20308 --- [fifa] [SpringApplicationShutdownHook] o.s.b.f.support.DisposableBeanAdapter    : Invocation of destroy method failed on bean with name 'inMemoryDatabaseShutdownExecutor': org.h2.jdbc.JdbcSQLNonTransientConnectionException: La base de datos ya esta cerrada (para des-habilitar el cerrado automatico durante el shutdown de la VM, agregue ";DB_CLOSE_ON_EXIT=FALSE" a la URL de conexión)
Database is already closed (to disable automatic closing at VM shutdown, add ";DB_CLOSE_ON_EXIT=FALSE" to the db URL) [90121-240]
2026-09-23 11:43:19.488  INFO 20308 --- [fifa] [SpringApplicationShutdownHook] com.zaxxer.hikari.HikariDataSource       : HikariPool-8 - Shutdown initiated...
2026-09-23 11:43:19.489  INFO 20308 --- [fifa] [SpringApplicationShutdownHook] com.zaxxer.hikari.HikariDataSource       : HikariPool-8 - Shutdown completed.
2026-09-23 11:43:32.943  INFO 15124 --- [fifa] [restartedMain] com.example.demo.DemoApplication         : Starting DemoApplication using Java 24.0.2 with PID 15124 (C:\Users\flore\Documents\UNIVERSIDAD\Sexto Semestre\Compunet 2\SpringBoot\PreParcial_CopaMundial\demo\target\classes started by flore in C:\Users\flore\Documents\UNIVERSIDAD\Sexto Semestre\Compunet 2\SpringBoot\PreParcial_CopaMundial\demo)
2026-09-23 11:43:32.947  INFO 15124 --- [fifa] [restartedMain] com.example.demo.DemoApplication         : The following 1 profile is active: "dev"
2026-09-23 11:43:33.006  INFO 15124 --- [fifa] [restartedMain] .e.DevToolsPropertyDefaultsPostProcessor : Devtools property defaults active! Set 'spring.devtools.add-properties' to 'false' to disable
2026-09-23 11:43:33.007  INFO 15124 --- [fifa] [restartedMain] .e.DevToolsPropertyDefaultsPostProcessor : For additional web related logging consider setting the 'logging.level.web' property to 'DEBUG'
2026-09-23 11:43:33.789  INFO 15124 --- [fifa] [restartedMain] .s.d.r.c.RepositoryConfigurationDelegate : Bootstrapping Spring Data JPA repositories in DEFAULT mode.
2026-09-23 11:43:33.868  INFO 15124 --- [fifa] [restartedMain] .s.d.r.c.RepositoryConfigurationDelegate : Finished Spring Data repository scanning in 68 ms. Found 5 JPA repository interfaces.
2026-09-23 11:43:34.418  INFO 15124 --- [fifa] [restartedMain] o.s.boot.tomcat.TomcatWebServer          : Tomcat initialized with port 8081 (http)
2026-09-23 11:43:34.436  INFO 15124 --- [fifa] [restartedMain] o.apache.catalina.core.StandardService   : Starting service [Tomcat]
2026-09-23 11:43:34.436  INFO 15124 --- [fifa] [restartedMain] o.apache.catalina.core.StandardEngine    : Starting Servlet engine: [Apache Tomcat/11.0.24]
2026-09-23 11:43:34.497  INFO 15124 --- [fifa] [restartedMain] b.w.c.s.WebApplicationContextInitializer : Root WebApplicationContext: initialization completed in 1488 ms
2026-09-23 11:43:34.671  INFO 15124 --- [fifa] [restartedMain] org.hibernate.orm.jpa                    : HHH008540: Processing PersistenceUnitInfo [name: default]
2026-09-23 11:43:34.731  INFO 15124 --- [fifa] [restartedMain] org.hibernate.orm.core                   : HHH000001: Hibernate ORM core version 7.4.5.Final
2026-09-23 11:43:35.218  INFO 15124 --- [fifa] [restartedMain] o.s.o.j.p.SpringPersistenceUnitInfo      : No LoadTimeWeaver setup: ignoring JPA class transformer
2026-09-23 11:43:35.251  INFO 15124 --- [fifa] [restartedMain] com.zaxxer.hikari.HikariDataSource       : HikariPool-1 - Starting...
2026-09-23 11:43:35.432  INFO 15124 --- [fifa] [restartedMain] com.zaxxer.hikari.pool.HikariPool        : HikariPool-1 - Added connection conn0: url=jdbc:h2:mem:db-kevin user=POSTGRES
2026-09-23 11:43:35.434  INFO 15124 --- [fifa] [restartedMain] com.zaxxer.hikari.HikariDataSource       : HikariPool-1 - Start completed.
2026-09-23 11:43:35.497  INFO 15124 --- [fifa] [restartedMain] org.hibernate.orm.connections.pooling    : HHH10001005: Database info:
	Database JDBC URL [jdbc:h2:mem:db-kevin]
	Database driver: H2 JDBC Driver
	Database dialect: H2Dialect
	Database version: 2.4.240
	Default catalog/schema: DB-KEVIN/PUBLIC
	Autocommit mode: undefined/unknown
	Isolation level: READ_COMMITTED [default READ_COMMITTED]
	JDBC fetch size: 100
	Pool: DataSourceConnectionProvider
	Minimum pool size: undefined/unknown
	Maximum pool size: undefined/unknown
2026-09-23 11:43:36.454  INFO 15124 --- [fifa] [restartedMain] org.hibernate.orm.core                   : HHH000489: No JTA platform available (set 'hibernate.transaction.jta.platform' to enable JTA platform integration)
2026-09-23 11:43:36.517  INFO 15124 --- [fifa] [restartedMain] j.LocalContainerEntityManagerFactoryBean : Initialized JPA EntityManagerFactory for persistence unit 'default'
2026-09-23 11:43:36.612  INFO 15124 --- [fifa] [restartedMain] o.s.d.j.r.query.QueryEnhancerFactories   : Hibernate is in classpath; If applicable, HQL parser will be used.
2026-09-23 11:43:36.854  WARN 15124 --- [fifa] [restartedMain] JpaBaseConfiguration$JpaWebConfiguration : spring.jpa.open-in-view is enabled by default. Therefore, database queries may be performed during view rendering. Explicitly configure spring.jpa.open-in-view to disable this warning
2026-09-23 11:43:37.117  INFO 15124 --- [fifa] [restartedMain] o.s.b.h.a.H2ConsoleAutoConfiguration     : H2 console available at '/h2-console'. Database available at 'jdbc:h2:mem:db-kevin'
2026-09-23 11:43:37.198  INFO 15124 --- [fifa] [restartedMain] o.s.boot.tomcat.TomcatWebServer          : Tomcat started on port 8081 (http) with context path '/fifaparcial'
2026-09-23 11:43:37.203  INFO 15124 --- [fifa] [restartedMain] com.example.demo.DemoApplication         : Started DemoApplication in 4.906 seconds (process running for 5.433)
2026-09-23 11:43:39.878  INFO 15124 --- [fifa] [http-nio-8081-exec-1] o.a.c.c.C.[.[localhost].[/fifaparcial]   : Initializing Spring DispatcherServlet 'dispatcherServlet'
2026-09-23 11:43:39.878  INFO 15124 --- [fifa] [http-nio-8081-exec-1] o.s.web.servlet.DispatcherServlet        : Initializing Servlet 'dispatcherServlet'
2026-09-23 11:43:39.878  INFO 15124 --- [fifa] [http-nio-8081-exec-1] o.s.web.servlet.DispatcherServlet        : Completed initialization in 0 ms
2026-09-23 11:45:27.071  INFO 15124 --- [fifa] [File Watcher] rtingClassPathChangeChangedEventListener : Restarting due to 1 class path change (0 additions, 0 deletions, 1 modification)
2026-09-23 11:45:27.076  INFO 15124 --- [fifa] [Thread-1] o.s.boot.tomcat.GracefulShutdown         : Commencing graceful shutdown. Waiting for active requests to complete
2026-09-23 11:45:27.102  INFO 15124 --- [fifa] [tomcat-shutdown] o.s.boot.tomcat.GracefulShutdown         : Graceful shutdown complete
2026-09-23 11:45:27.105  INFO 15124 --- [fifa] [Thread-1] j.LocalContainerEntityManagerFactoryBean : Closing JPA EntityManagerFactory for persistence unit 'default'
2026-09-23 11:45:27.113  WARN 15124 --- [fifa] [Thread-1] o.s.b.f.support.DisposableBeanAdapter    : Invocation of destroy method failed on bean with name 'inMemoryDatabaseShutdownExecutor': org.h2.jdbc.JdbcSQLNonTransientConnectionException: La base de datos ya esta cerrada (para des-habilitar el cerrado automatico durante el shutdown de la VM, agregue ";DB_CLOSE_ON_EXIT=FALSE" a la URL de conexión)
Database is already closed (to disable automatic closing at VM shutdown, add ";DB_CLOSE_ON_EXIT=FALSE" to the db URL) [90121-240]
2026-09-23 11:45:27.114  INFO 15124 --- [fifa] [Thread-1] com.zaxxer.hikari.HikariDataSource       : HikariPool-1 - Shutdown initiated...
2026-09-23 11:45:27.116  INFO 15124 --- [fifa] [Thread-1] com.zaxxer.hikari.HikariDataSource       : HikariPool-1 - Shutdown completed.
2026-09-23 11:45:27.236  INFO 15124 --- [fifa] [restartedMain] com.example.demo.DemoApplication         : Starting DemoApplication using Java 24.0.2 with PID 15124 (C:\Users\flore\Documents\UNIVERSIDAD\Sexto Semestre\Compunet 2\SpringBoot\PreParcial_CopaMundial\demo\target\classes started by flore in C:\Users\flore\Documents\UNIVERSIDAD\Sexto Semestre\Compunet 2\SpringBoot\PreParcial_CopaMundial\demo)
2026-09-23 11:45:27.236  INFO 15124 --- [fifa] [restartedMain] com.example.demo.DemoApplication         : The following 1 profile is active: "dev"
2026-09-23 11:45:27.397  INFO 15124 --- [fifa] [restartedMain] .s.d.r.c.RepositoryConfigurationDelegate : Bootstrapping Spring Data JPA repositories in DEFAULT mode.
2026-09-23 11:45:27.419  INFO 15124 --- [fifa] [restartedMain] .s.d.r.c.RepositoryConfigurationDelegate : Finished Spring Data repository scanning in 20 ms. Found 5 JPA repository interfaces.
2026-09-23 11:45:27.506  INFO 15124 --- [fifa] [restartedMain] o.s.boot.tomcat.TomcatWebServer          : Tomcat initialized with port 8081 (http)
2026-09-23 11:45:27.507  INFO 15124 --- [fifa] [restartedMain] o.apache.catalina.core.StandardService   : Starting service [Tomcat]
2026-09-23 11:45:27.507  INFO 15124 --- [fifa] [restartedMain] o.apache.catalina.core.StandardEngine    : Starting Servlet engine: [Apache Tomcat/11.0.24]
2026-09-23 11:45:27.533  INFO 15124 --- [fifa] [restartedMain] b.w.c.s.WebApplicationContextInitializer : Root WebApplicationContext: initialization completed in 294 ms
2026-09-23 11:45:27.560  INFO 15124 --- [fifa] [restartedMain] org.hibernate.orm.jpa                    : HHH008540: Processing PersistenceUnitInfo [name: default]
2026-09-23 11:45:27.594  INFO 15124 --- [fifa] [restartedMain] o.s.o.j.p.SpringPersistenceUnitInfo      : No LoadTimeWeaver setup: ignoring JPA class transformer
2026-09-23 11:45:27.596  INFO 15124 --- [fifa] [restartedMain] com.zaxxer.hikari.HikariDataSource       : HikariPool-2 - Starting...
2026-09-23 11:45:27.598  INFO 15124 --- [fifa] [restartedMain] com.zaxxer.hikari.pool.HikariPool        : HikariPool-2 - Added connection conn5: url=jdbc:h2:mem:db-kevin user=POSTGRES
2026-09-23 11:45:27.598  INFO 15124 --- [fifa] [restartedMain] com.zaxxer.hikari.HikariDataSource       : HikariPool-2 - Start completed.
2026-09-23 11:45:27.599  INFO 15124 --- [fifa] [restartedMain] org.hibernate.orm.connections.pooling    : HHH10001005: Database info:
	Database JDBC URL [jdbc:h2:mem:db-kevin]
	Database driver: H2 JDBC Driver
	Database dialect: H2Dialect
	Database version: 2.4.240
	Default catalog/schema: DB-KEVIN/PUBLIC
	Autocommit mode: undefined/unknown
	Isolation level: READ_COMMITTED [default READ_COMMITTED]
	JDBC fetch size: 100
	Pool: DataSourceConnectionProvider
	Minimum pool size: undefined/unknown
	Maximum pool size: undefined/unknown
2026-09-23 11:45:27.714  INFO 15124 --- [fifa] [restartedMain] org.hibernate.orm.core                   : HHH000489: No JTA platform available (set 'hibernate.transaction.jta.platform' to enable JTA platform integration)
2026-09-23 11:45:27.727  INFO 15124 --- [fifa] [restartedMain] j.LocalContainerEntityManagerFactoryBean : Initialized JPA EntityManagerFactory for persistence unit 'default'
2026-09-23 11:45:27.818  WARN 15124 --- [fifa] [restartedMain] JpaBaseConfiguration$JpaWebConfiguration : spring.jpa.open-in-view is enabled by default. Therefore, database queries may be performed during view rendering. Explicitly configure spring.jpa.open-in-view to disable this warning
2026-09-23 11:45:27.877  INFO 15124 --- [fifa] [restartedMain] o.s.b.h.a.H2ConsoleAutoConfiguration     : H2 console available at '/h2-console'. Database available at 'jdbc:h2:mem:db-kevin'
2026-09-23 11:45:27.883  WARN 15124 --- [fifa] [restartedMain] ConfigServletWebServerApplicationContext : Exception encountered during context initialization - cancelling refresh attempt: org.springframework.beans.factory.BeanCreationException: Error creating bean with name 'dataSourceScriptDatabaseInitializer' defined in class path resource [org/springframework/boot/jdbc/autoconfigure/DataSourceInitializationAutoConfiguration.class]: Failed to execute SQL script statement #4 of file [C:\Users\flore\Documents\UNIVERSIDAD\Sexto Semestre\Compunet 2\SpringBoot\PreParcial_CopaMundial\demo\target\classes\data.sql]: INSERT INTO MATCHES(match_date, stadium, home_country_id, away_country_id) VALUES (CURRENT_TIMESTAMP, 'Cartagena Stadium')
2026-09-23 11:45:27.884  INFO 15124 --- [fifa] [restartedMain] j.LocalContainerEntityManagerFactoryBean : Closing JPA EntityManagerFactory for persistence unit 'default'
2026-09-23 11:45:27.887  WARN 15124 --- [fifa] [restartedMain] o.s.b.f.support.DisposableBeanAdapter    : Invocation of destroy method failed on bean with name 'inMemoryDatabaseShutdownExecutor': org.h2.jdbc.JdbcSQLNonTransientConnectionException: La base de datos ya esta cerrada (para des-habilitar el cerrado automatico durante el shutdown de la VM, agregue ";DB_CLOSE_ON_EXIT=FALSE" a la URL de conexión)
Database is already closed (to disable automatic closing at VM shutdown, add ";DB_CLOSE_ON_EXIT=FALSE" to the db URL) [90121-240]
2026-09-23 11:45:27.887  INFO 15124 --- [fifa] [restartedMain] com.zaxxer.hikari.HikariDataSource       : HikariPool-2 - Shutdown initiated...
2026-09-23 11:45:27.888  INFO 15124 --- [fifa] [restartedMain] com.zaxxer.hikari.HikariDataSource       : HikariPool-2 - Shutdown completed.
2026-09-23 11:45:27.889  INFO 15124 --- [fifa] [restartedMain] o.apache.catalina.core.StandardService   : Stopping service [Tomcat]
2026-09-23 11:45:27.894  INFO 15124 --- [fifa] [restartedMain] .s.b.a.l.ConditionEvaluationReportLogger : 

Error starting ApplicationContext. To display the condition evaluation report re-run your application with 'debug' enabled.
2026-09-23 11:45:27.909 ERROR 15124 --- [fifa] [restartedMain] o.s.boot.SpringApplication               : Application run failed

org.springframework.beans.factory.BeanCreationException: Error creating bean with name 'dataSourceScriptDatabaseInitializer' defined in class path resource [org/springframework/boot/jdbc/autoconfigure/DataSourceInitializationAutoConfiguration.class]: Failed to execute SQL script statement #4 of file [C:\Users\flore\Documents\UNIVERSIDAD\Sexto Semestre\Compunet 2\SpringBoot\PreParcial_CopaMundial\demo\target\classes\data.sql]: INSERT INTO MATCHES(match_date, stadium, home_country_id, away_country_id) VALUES (CURRENT_TIMESTAMP, 'Cartagena Stadium')
	at org.springframework.beans.factory.support.AbstractAutowireCapableBeanFactory.initializeBean(AbstractAutowireCapableBeanFactory.java:1815) ~[spring-beans-7.0.9.jar:7.0.9]
	at org.springframework.beans.factory.support.AbstractAutowireCapableBeanFactory.doCreateBean(AbstractAutowireCapableBeanFactory.java:603) ~[spring-beans-7.0.9.jar:7.0.9]
	at org.springframework.beans.factory.support.AbstractAutowireCapableBeanFactory.createBean(AbstractAutowireCapableBeanFactory.java:525) ~[spring-beans-7.0.9.jar:7.0.9]
	at org.springframework.beans.factory.support.AbstractBeanFactory.lambda$doGetBean$0(AbstractBeanFactory.java:333) ~[spring-beans-7.0.9.jar:7.0.9]
	at org.springframework.beans.factory.support.DefaultSingletonBeanRegistry.getSingleton(DefaultSingletonBeanRegistry.java:371) ~[spring-beans-7.0.9.jar:7.0.9]
	at org.springframework.beans.factory.support.AbstractBeanFactory.doGetBean(AbstractBeanFactory.java:331) ~[spring-beans-7.0.9.jar:7.0.9]
	at org.springframework.beans.factory.support.AbstractBeanFactory.getBean(AbstractBeanFactory.java:196) ~[spring-beans-7.0.9.jar:7.0.9]
	at org.springframework.beans.factory.support.DefaultListableBeanFactory.instantiateSingleton(DefaultListableBeanFactory.java:1225) ~[spring-beans-7.0.9.jar:7.0.9]
	at org.springframework.beans.factory.support.DefaultListableBeanFactory.preInstantiateSingleton(DefaultListableBeanFactory.java:1191) ~[spring-beans-7.0.9.jar:7.0.9]
	at org.springframework.beans.factory.support.DefaultListableBeanFactory.preInstantiateSingletons(DefaultListableBeanFactory.java:1121) ~[spring-beans-7.0.9.jar:7.0.9]
	at org.springframework.context.support.AbstractApplicationContext.finishBeanFactoryInitialization(AbstractApplicationContext.java:994) ~[spring-context-7.0.9.jar:7.0.9]
	at org.springframework.context.support.AbstractApplicationContext.refresh(AbstractApplicationContext.java:621) ~[spring-context-7.0.9.jar:7.0.9]
	at org.springframework.boot.web.server.servlet.context.ServletWebServerApplicationContext.refresh(ServletWebServerApplicationContext.java:143) ~[spring-boot-web-server-4.1.1.jar:4.1.1]
	at org.springframework.boot.SpringApplication.refresh(SpringApplication.java:756) ~[spring-boot-4.1.1.jar:4.1.1]
	at org.springframework.boot.SpringApplication.refreshContext(SpringApplication.java:445) ~[spring-boot-4.1.1.jar:4.1.1]
	at org.springframework.boot.SpringApplication.run(SpringApplication.java:321) ~[spring-boot-4.1.1.jar:4.1.1]
	at org.springframework.boot.SpringApplication.run(SpringApplication.java:1365) ~[spring-boot-4.1.1.jar:4.1.1]
	at org.springframework.boot.SpringApplication.run(SpringApplication.java:1354) ~[spring-boot-4.1.1.jar:4.1.1]
	at com.example.demo.DemoApplication.main(DemoApplication.java:10) ~[classes/:na]
	at java.base/jdk.internal.reflect.DirectMethodHandleAccessor.invoke(DirectMethodHandleAccessor.java:104) ~[na:na]
	at java.base/java.lang.reflect.Method.invoke(Method.java:565) ~[na:na]
	at org.springframework.boot.devtools.restart.RestartLauncher.run(RestartLauncher.java:52) ~[spring-boot-devtools-4.1.1.jar:4.1.1]
Caused by: org.springframework.jdbc.datasource.init.ScriptStatementFailedException: Failed to execute SQL script statement #4 of file [C:\Users\flore\Documents\UNIVERSIDAD\Sexto Semestre\Compunet 2\SpringBoot\PreParcial_CopaMundial\demo\target\classes\data.sql]: INSERT INTO MATCHES(match_date, stadium, home_country_id, away_country_id) VALUES (CURRENT_TIMESTAMP, 'Cartagena Stadium')
	at org.springframework.jdbc.datasource.init.ScriptUtils.executeSqlScript(ScriptUtils.java:293) ~[spring-jdbc-7.0.9.jar:7.0.9]
	at org.springframework.jdbc.datasource.init.ResourceDatabasePopulator.populate(ResourceDatabasePopulator.java:254) ~[spring-jdbc-7.0.9.jar:7.0.9]
	at org.springframework.jdbc.datasource.init.DatabasePopulatorUtils.execute(DatabasePopulatorUtils.java:54) ~[spring-jdbc-7.0.9.jar:7.0.9]
	at org.springframework.boot.jdbc.init.DataSourceScriptDatabaseInitializer.runScripts(DataSourceScriptDatabaseInitializer.java:87) ~[spring-boot-jdbc-4.1.1.jar:4.1.1]
	at org.springframework.boot.sql.init.AbstractScriptDatabaseInitializer.runScripts(AbstractScriptDatabaseInitializer.java:159) ~[spring-boot-sql-4.1.1.jar:4.1.1]
	at org.springframework.boot.sql.init.AbstractScriptDatabaseInitializer.applyScripts(AbstractScriptDatabaseInitializer.java:120) ~[spring-boot-sql-4.1.1.jar:4.1.1]
	at org.springframework.boot.sql.init.AbstractScriptDatabaseInitializer.applyDataScripts(AbstractScriptDatabaseInitializer.java:113) ~[spring-boot-sql-4.1.1.jar:4.1.1]
	at org.springframework.boot.sql.init.AbstractScriptDatabaseInitializer.initializeDatabase(AbstractScriptDatabaseInitializer.java:88) ~[spring-boot-sql-4.1.1.jar:4.1.1]
	at org.springframework.boot.sql.init.AbstractScriptDatabaseInitializer.afterPropertiesSet(AbstractScriptDatabaseInitializer.java:77) ~[spring-boot-sql-4.1.1.jar:4.1.1]
	at org.springframework.beans.factory.support.AbstractAutowireCapableBeanFactory.invokeInitMethods(AbstractAutowireCapableBeanFactory.java:1862) ~[spring-beans-7.0.9.jar:7.0.9]
	at org.springframework.beans.factory.support.AbstractAutowireCapableBeanFactory.initializeBean(AbstractAutowireCapableBeanFactory.java:1811) ~[spring-beans-7.0.9.jar:7.0.9]
	... 21 common frames omitted
Caused by: org.h2.jdbc.JdbcSQLSyntaxErrorException: La cantidad de columnas no coincide
Column count does not match; SQL statement:
INSERT INTO MATCHES(match_date, stadium, home_country_id, away_country_id) VALUES (CURRENT_TIMESTAMP, 'Cartagena Stadium') [21002-240]
	at org.h2.message.DbException.getJdbcSQLException(DbException.java:514) ~[h2-2.4.240.jar:2.4.240]
	at org.h2.message.DbException.getJdbcSQLException(DbException.java:489) ~[h2-2.4.240.jar:2.4.240]
	at org.h2.message.DbException.get(DbException.java:223) ~[h2-2.4.240.jar:2.4.240]
	at org.h2.message.DbException.get(DbException.java:199) ~[h2-2.4.240.jar:2.4.240]
	at org.h2.message.DbException.get(DbException.java:188) ~[h2-2.4.240.jar:2.4.240]
	at org.h2.command.dml.Insert.doPrepare(Insert.java:294) ~[h2-2.4.240.jar:2.4.240]
	at org.h2.command.dml.DataChangeStatement.prepare(DataChangeStatement.java:40) ~[h2-2.4.240.jar:2.4.240]
	at org.h2.command.Parser.prepareCommand(Parser.java:492) ~[h2-2.4.240.jar:2.4.240]
	at org.h2.engine.SessionLocal.prepareLocal(SessionLocal.java:647) ~[h2-2.4.240.jar:2.4.240]
	at org.h2.engine.SessionLocal.prepareCommand(SessionLocal.java:563) ~[h2-2.4.240.jar:2.4.240]
	at org.h2.jdbc.JdbcConnection.prepareCommand(JdbcConnection.java:1160) ~[h2-2.4.240.jar:2.4.240]
	at org.h2.jdbc.JdbcStatement.executeInternal(JdbcStatement.java:245) ~[h2-2.4.240.jar:2.4.240]
	at org.h2.jdbc.JdbcStatement.execute(JdbcStatement.java:231) ~[h2-2.4.240.jar:2.4.240]
	at com.zaxxer.hikari.pool.ProxyStatement.execute(ProxyStatement.java:95) ~[HikariCP-7.0.2.jar:na]
	at com.zaxxer.hikari.pool.HikariProxyStatement.execute(HikariProxyStatement.java) ~[HikariCP-7.0.2.jar:na]
	at org.springframework.jdbc.datasource.init.ScriptUtils.executeSqlScript(ScriptUtils.java:261) ~[spring-jdbc-7.0.9.jar:7.0.9]
	... 31 common frames omitted

2026-09-23 11:45:46.759  INFO 15124 --- [fifa] [restartedMain] com.example.demo.DemoApplication         : Starting DemoApplication using Java 24.0.2 with PID 15124 (C:\Users\flore\Documents\UNIVERSIDAD\Sexto Semestre\Compunet 2\SpringBoot\PreParcial_CopaMundial\demo\target\classes started by flore in C:\Users\flore\Documents\UNIVERSIDAD\Sexto Semestre\Compunet 2\SpringBoot\PreParcial_CopaMundial\demo)
2026-09-23 11:45:46.760  INFO 15124 --- [fifa] [restartedMain] com.example.demo.DemoApplication         : The following 1 profile is active: "dev"
2026-09-23 11:45:46.913  INFO 15124 --- [fifa] [restartedMain] .s.d.r.c.RepositoryConfigurationDelegate : Bootstrapping Spring Data JPA repositories in DEFAULT mode.
2026-09-23 11:45:46.935  INFO 15124 --- [fifa] [restartedMain] .s.d.r.c.RepositoryConfigurationDelegate : Finished Spring Data repository scanning in 21 ms. Found 5 JPA repository interfaces.
2026-09-23 11:45:46.992  INFO 15124 --- [fifa] [restartedMain] o.s.boot.tomcat.TomcatWebServer          : Tomcat initialized with port 8081 (http)
2026-09-23 11:45:46.993  INFO 15124 --- [fifa] [restartedMain] o.apache.catalina.core.StandardService   : Starting service [Tomcat]
2026-09-23 11:45:46.993  INFO 15124 --- [fifa] [restartedMain] o.apache.catalina.core.StandardEngine    : Starting Servlet engine: [Apache Tomcat/11.0.24]
2026-09-23 11:45:47.014  INFO 15124 --- [fifa] [restartedMain] b.w.c.s.WebApplicationContextInitializer : Root WebApplicationContext: initialization completed in 251 ms
2026-09-23 11:45:47.043  INFO 15124 --- [fifa] [restartedMain] org.hibernate.orm.jpa                    : HHH008540: Processing PersistenceUnitInfo [name: default]
2026-09-23 11:45:47.074  INFO 15124 --- [fifa] [restartedMain] o.s.o.j.p.SpringPersistenceUnitInfo      : No LoadTimeWeaver setup: ignoring JPA class transformer
2026-09-23 11:45:47.075  INFO 15124 --- [fifa] [restartedMain] com.zaxxer.hikari.HikariDataSource       : HikariPool-3 - Starting...
2026-09-23 11:45:47.077  INFO 15124 --- [fifa] [restartedMain] com.zaxxer.hikari.pool.HikariPool        : HikariPool-3 - Added connection conn10: url=jdbc:h2:mem:db-kevin user=POSTGRES
2026-09-23 11:45:47.078  INFO 15124 --- [fifa] [restartedMain] com.zaxxer.hikari.HikariDataSource       : HikariPool-3 - Start completed.
2026-09-23 11:45:47.078  INFO 15124 --- [fifa] [restartedMain] org.hibernate.orm.connections.pooling    : HHH10001005: Database info:
	Database JDBC URL [jdbc:h2:mem:db-kevin]
	Database driver: H2 JDBC Driver
	Database dialect: H2Dialect
	Database version: 2.4.240
	Default catalog/schema: DB-KEVIN/PUBLIC
	Autocommit mode: undefined/unknown
	Isolation level: READ_COMMITTED [default READ_COMMITTED]
	JDBC fetch size: 100
	Pool: DataSourceConnectionProvider
	Minimum pool size: undefined/unknown
	Maximum pool size: undefined/unknown
2026-09-23 11:45:47.169  INFO 15124 --- [fifa] [restartedMain] org.hibernate.orm.core                   : HHH000489: No JTA platform available (set 'hibernate.transaction.jta.platform' to enable JTA platform integration)
2026-09-23 11:45:47.180  INFO 15124 --- [fifa] [restartedMain] j.LocalContainerEntityManagerFactoryBean : Initialized JPA EntityManagerFactory for persistence unit 'default'
2026-09-23 11:45:47.255  WARN 15124 --- [fifa] [restartedMain] JpaBaseConfiguration$JpaWebConfiguration : spring.jpa.open-in-view is enabled by default. Therefore, database queries may be performed during view rendering. Explicitly configure spring.jpa.open-in-view to disable this warning
2026-09-23 11:45:47.310  INFO 15124 --- [fifa] [restartedMain] o.s.b.h.a.H2ConsoleAutoConfiguration     : H2 console available at '/h2-console'. Database available at 'jdbc:h2:mem:db-kevin'
2026-09-23 11:45:47.328  INFO 15124 --- [fifa] [restartedMain] o.s.boot.tomcat.TomcatWebServer          : Tomcat started on port 8081 (http) with context path '/fifaparcial'
2026-09-23 11:45:47.330  INFO 15124 --- [fifa] [restartedMain] com.example.demo.DemoApplication         : Started DemoApplication in 0.608 seconds (process running for 135.56)
2026-09-23 11:45:47.332  INFO 15124 --- [fifa] [restartedMain] .ConditionEvaluationDeltaLoggingListener : Condition evaluation unchanged
2026-09-23 11:46:35.081  INFO 15124 --- [fifa] [File Watcher] rtingClassPathChangeChangedEventListener : Restarting due to 1 class path change (0 additions, 0 deletions, 1 modification)
2026-09-23 11:46:35.082  INFO 15124 --- [fifa] [Thread-5] o.s.boot.tomcat.GracefulShutdown         : Commencing graceful shutdown. Waiting for active requests to complete
2026-09-23 11:46:35.103  INFO 15124 --- [fifa] [tomcat-shutdown] o.s.boot.tomcat.GracefulShutdown         : Graceful shutdown complete
2026-09-23 11:46:35.105  INFO 15124 --- [fifa] [Thread-5] j.LocalContainerEntityManagerFactoryBean : Closing JPA EntityManagerFactory for persistence unit 'default'
2026-09-23 11:46:35.107  WARN 15124 --- [fifa] [Thread-5] o.s.b.f.support.DisposableBeanAdapter    : Invocation of destroy method failed on bean with name 'inMemoryDatabaseShutdownExecutor': org.h2.jdbc.JdbcSQLNonTransientConnectionException: La base de datos ya esta cerrada (para des-habilitar el cerrado automatico durante el shutdown de la VM, agregue ";DB_CLOSE_ON_EXIT=FALSE" a la URL de conexión)
Database is already closed (to disable automatic closing at VM shutdown, add ";DB_CLOSE_ON_EXIT=FALSE" to the db URL) [90121-240]
2026-09-23 11:46:35.108  INFO 15124 --- [fifa] [Thread-5] com.zaxxer.hikari.HikariDataSource       : HikariPool-3 - Shutdown initiated...
2026-09-23 11:46:35.108  INFO 15124 --- [fifa] [Thread-5] com.zaxxer.hikari.HikariDataSource       : HikariPool-3 - Shutdown completed.
2026-09-23 11:46:35.198  INFO 15124 --- [fifa] [restartedMain] com.example.demo.DemoApplication         : Starting DemoApplication using Java 24.0.2 with PID 15124 (C:\Users\flore\Documents\UNIVERSIDAD\Sexto Semestre\Compunet 2\SpringBoot\PreParcial_CopaMundial\demo\target\classes started by flore in C:\Users\flore\Documents\UNIVERSIDAD\Sexto Semestre\Compunet 2\SpringBoot\PreParcial_CopaMundial\demo)
2026-09-23 11:46:35.199  INFO 15124 --- [fifa] [restartedMain] com.example.demo.DemoApplication         : The following 1 profile is active: "dev"
2026-09-23 11:46:35.336  INFO 15124 --- [fifa] [restartedMain] .s.d.r.c.RepositoryConfigurationDelegate : Bootstrapping Spring Data JPA repositories in DEFAULT mode.
2026-09-23 11:46:35.356  INFO 15124 --- [fifa] [restartedMain] .s.d.r.c.RepositoryConfigurationDelegate : Finished Spring Data repository scanning in 18 ms. Found 5 JPA repository interfaces.
2026-09-23 11:46:35.412  INFO 15124 --- [fifa] [restartedMain] o.s.boot.tomcat.TomcatWebServer          : Tomcat initialized with port 8081 (http)
2026-09-23 11:46:35.412  INFO 15124 --- [fifa] [restartedMain] o.apache.catalina.core.StandardService   : Starting service [Tomcat]
2026-09-23 11:46:35.412  INFO 15124 --- [fifa] [restartedMain] o.apache.catalina.core.StandardEngine    : Starting Servlet engine: [Apache Tomcat/11.0.24]
2026-09-23 11:46:35.433  INFO 15124 --- [fifa] [restartedMain] b.w.c.s.WebApplicationContextInitializer : Root WebApplicationContext: initialization completed in 232 ms
2026-09-23 11:46:35.463  INFO 15124 --- [fifa] [restartedMain] org.hibernate.orm.jpa                    : HHH008540: Processing PersistenceUnitInfo [name: default]
2026-09-23 11:46:35.494  INFO 15124 --- [fifa] [restartedMain] o.s.o.j.p.SpringPersistenceUnitInfo      : No LoadTimeWeaver setup: ignoring JPA class transformer
2026-09-23 11:46:35.495  INFO 15124 --- [fifa] [restartedMain] com.zaxxer.hikari.HikariDataSource       : HikariPool-4 - Starting...
2026-09-23 11:46:35.497  INFO 15124 --- [fifa] [restartedMain] com.zaxxer.hikari.pool.HikariPool        : HikariPool-4 - Added connection conn15: url=jdbc:h2:mem:db-kevin user=POSTGRES
2026-09-23 11:46:35.497  INFO 15124 --- [fifa] [restartedMain] com.zaxxer.hikari.HikariDataSource       : HikariPool-4 - Start completed.
2026-09-23 11:46:35.498  INFO 15124 --- [fifa] [restartedMain] org.hibernate.orm.connections.pooling    : HHH10001005: Database info:
	Database JDBC URL [jdbc:h2:mem:db-kevin]
	Database driver: H2 JDBC Driver
	Database dialect: H2Dialect
	Database version: 2.4.240
	Default catalog/schema: DB-KEVIN/PUBLIC
	Autocommit mode: undefined/unknown
	Isolation level: READ_COMMITTED [default READ_COMMITTED]
	JDBC fetch size: 100
	Pool: DataSourceConnectionProvider
	Minimum pool size: undefined/unknown
	Maximum pool size: undefined/unknown
2026-09-23 11:46:35.586  INFO 15124 --- [fifa] [restartedMain] org.hibernate.orm.core                   : HHH000489: No JTA platform available (set 'hibernate.transaction.jta.platform' to enable JTA platform integration)
2026-09-23 11:46:35.595  INFO 15124 --- [fifa] [restartedMain] j.LocalContainerEntityManagerFactoryBean : Initialized JPA EntityManagerFactory for persistence unit 'default'
2026-09-23 11:46:35.691  WARN 15124 --- [fifa] [restartedMain] JpaBaseConfiguration$JpaWebConfiguration : spring.jpa.open-in-view is enabled by default. Therefore, database queries may be performed during view rendering. Explicitly configure spring.jpa.open-in-view to disable this warning
2026-09-23 11:46:35.742  INFO 15124 --- [fifa] [restartedMain] o.s.b.h.a.H2ConsoleAutoConfiguration     : H2 console available at '/h2-console'. Database available at 'jdbc:h2:mem:db-kevin'
2026-09-23 11:46:35.759  INFO 15124 --- [fifa] [restartedMain] o.s.boot.tomcat.TomcatWebServer          : Tomcat started on port 8081 (http) with context path '/fifaparcial'
2026-09-23 11:46:35.761  INFO 15124 --- [fifa] [restartedMain] com.example.demo.DemoApplication         : Started DemoApplication in 0.587 seconds (process running for 183.99)
2026-09-23 11:46:35.762  INFO 15124 --- [fifa] [restartedMain] .ConditionEvaluationDeltaLoggingListener : Condition evaluation unchanged
2026-09-23 11:47:10.847  INFO 15124 --- [fifa] [File Watcher] rtingClassPathChangeChangedEventListener : Restarting due to 1 class path change (0 additions, 0 deletions, 1 modification)
2026-09-23 11:47:10.848  INFO 15124 --- [fifa] [Thread-14] o.s.boot.tomcat.GracefulShutdown         : Commencing graceful shutdown. Waiting for active requests to complete
2026-09-23 11:47:10.872  INFO 15124 --- [fifa] [tomcat-shutdown] o.s.boot.tomcat.GracefulShutdown         : Graceful shutdown complete
2026-09-23 11:47:10.874  INFO 15124 --- [fifa] [Thread-14] j.LocalContainerEntityManagerFactoryBean : Closing JPA EntityManagerFactory for persistence unit 'default'
2026-09-23 11:47:10.876  WARN 15124 --- [fifa] [Thread-14] o.s.b.f.support.DisposableBeanAdapter    : Invocation of destroy method failed on bean with name 'inMemoryDatabaseShutdownExecutor': org.h2.jdbc.JdbcSQLNonTransientConnectionException: La base de datos ya esta cerrada (para des-habilitar el cerrado automatico durante el shutdown de la VM, agregue ";DB_CLOSE_ON_EXIT=FALSE" a la URL de conexión)
Database is already closed (to disable automatic closing at VM shutdown, add ";DB_CLOSE_ON_EXIT=FALSE" to the db URL) [90121-240]
2026-09-23 11:47:10.877  INFO 15124 --- [fifa] [Thread-14] com.zaxxer.hikari.HikariDataSource       : HikariPool-4 - Shutdown initiated...
2026-09-23 11:47:10.877  INFO 15124 --- [fifa] [Thread-14] com.zaxxer.hikari.HikariDataSource       : HikariPool-4 - Shutdown completed.
2026-09-23 11:47:10.962  INFO 15124 --- [fifa] [restartedMain] com.example.demo.DemoApplication         : Starting DemoApplication using Java 24.0.2 with PID 15124 (C:\Users\flore\Documents\UNIVERSIDAD\Sexto Semestre\Compunet 2\SpringBoot\PreParcial_CopaMundial\demo\target\classes started by flore in C:\Users\flore\Documents\UNIVERSIDAD\Sexto Semestre\Compunet 2\SpringBoot\PreParcial_CopaMundial\demo)
2026-09-23 11:47:10.963  INFO 15124 --- [fifa] [restartedMain] com.example.demo.DemoApplication         : The following 1 profile is active: "dev"
2026-09-23 11:47:11.106  INFO 15124 --- [fifa] [restartedMain] .s.d.r.c.RepositoryConfigurationDelegate : Bootstrapping Spring Data JPA repositories in DEFAULT mode.
2026-09-23 11:47:11.136  INFO 15124 --- [fifa] [restartedMain] .s.d.r.c.RepositoryConfigurationDelegate : Finished Spring Data repository scanning in 27 ms. Found 5 JPA repository interfaces.
2026-09-23 11:47:11.254  INFO 15124 --- [fifa] [restartedMain] o.s.boot.tomcat.TomcatWebServer          : Tomcat initialized with port 8081 (http)
2026-09-23 11:47:11.255  INFO 15124 --- [fifa] [restartedMain] o.apache.catalina.core.StandardService   : Starting service [Tomcat]
2026-09-23 11:47:11.256  INFO 15124 --- [fifa] [restartedMain] o.apache.catalina.core.StandardEngine    : Starting Servlet engine: [Apache Tomcat/11.0.24]
2026-09-23 11:47:11.277  INFO 15124 --- [fifa] [restartedMain] b.w.c.s.WebApplicationContextInitializer : Root WebApplicationContext: initialization completed in 313 ms
2026-09-23 11:47:11.302  INFO 15124 --- [fifa] [restartedMain] org.hibernate.orm.jpa                    : HHH008540: Processing PersistenceUnitInfo [name: default]
2026-09-23 11:47:11.340  INFO 15124 --- [fifa] [restartedMain] o.s.o.j.p.SpringPersistenceUnitInfo      : No LoadTimeWeaver setup: ignoring JPA class transformer
2026-09-23 11:47:11.341  INFO 15124 --- [fifa] [restartedMain] com.zaxxer.hikari.HikariDataSource       : HikariPool-5 - Starting...
2026-09-23 11:47:11.344  INFO 15124 --- [fifa] [restartedMain] com.zaxxer.hikari.pool.HikariPool        : HikariPool-5 - Added connection conn20: url=jdbc:h2:mem:db-kevin user=POSTGRES
2026-09-23 11:47:11.345  INFO 15124 --- [fifa] [restartedMain] com.zaxxer.hikari.HikariDataSource       : HikariPool-5 - Start completed.
2026-09-23 11:47:11.347  INFO 15124 --- [fifa] [restartedMain] org.hibernate.orm.connections.pooling    : HHH10001005: Database info:
	Database JDBC URL [jdbc:h2:mem:db-kevin]
	Database driver: H2 JDBC Driver
	Database dialect: H2Dialect
	Database version: 2.4.240
	Default catalog/schema: DB-KEVIN/PUBLIC
	Autocommit mode: undefined/unknown
	Isolation level: READ_COMMITTED [default READ_COMMITTED]
	JDBC fetch size: 100
	Pool: DataSourceConnectionProvider
	Minimum pool size: undefined/unknown
	Maximum pool size: undefined/unknown
2026-09-23 11:47:11.443  INFO 15124 --- [fifa] [restartedMain] org.hibernate.orm.core                   : HHH000489: No JTA platform available (set 'hibernate.transaction.jta.platform' to enable JTA platform integration)
2026-09-23 11:47:11.453  INFO 15124 --- [fifa] [restartedMain] j.LocalContainerEntityManagerFactoryBean : Initialized JPA EntityManagerFactory for persistence unit 'default'
2026-09-23 11:47:11.550  WARN 15124 --- [fifa] [restartedMain] JpaBaseConfiguration$JpaWebConfiguration : spring.jpa.open-in-view is enabled by default. Therefore, database queries may be performed during view rendering. Explicitly configure spring.jpa.open-in-view to disable this warning
2026-09-23 11:47:11.603  INFO 15124 --- [fifa] [restartedMain] o.s.b.h.a.H2ConsoleAutoConfiguration     : H2 console available at '/h2-console'. Database available at 'jdbc:h2:mem:db-kevin'
2026-09-23 11:47:11.621  INFO 15124 --- [fifa] [restartedMain] o.s.boot.tomcat.TomcatWebServer          : Tomcat started on port 8081 (http) with context path '/fifaparcial'
2026-09-23 11:47:11.623  INFO 15124 --- [fifa] [restartedMain] com.example.demo.DemoApplication         : Started DemoApplication in 0.687 seconds (process running for 219.853)
2026-09-23 11:47:11.623  INFO 15124 --- [fifa] [SpringApplicationShutdownHook] o.s.boot.tomcat.GracefulShutdown         : Commencing graceful shutdown. Waiting for active requests to complete
2026-09-23 11:47:11.624  INFO 15124 --- [fifa] [restartedMain] .ConditionEvaluationDeltaLoggingListener : Condition evaluation unchanged
2026-09-23 11:47:11.647  INFO 15124 --- [fifa] [tomcat-shutdown] o.s.boot.tomcat.GracefulShutdown         : Graceful shutdown complete
2026-09-23 11:47:11.649  INFO 15124 --- [fifa] [SpringApplicationShutdownHook] j.LocalContainerEntityManagerFactoryBean : Closing JPA EntityManagerFactory for persistence unit 'default'
2026-09-23 11:47:11.651  WARN 15124 --- [fifa] [SpringApplicationShutdownHook] o.s.b.f.support.DisposableBeanAdapter    : Invocation of destroy method failed on bean with name 'inMemoryDatabaseShutdownExecutor': org.h2.jdbc.JdbcSQLNonTransientConnectionException: La base de datos ya esta cerrada (para des-habilitar el cerrado automatico durante el shutdown de la VM, agregue ";DB_CLOSE_ON_EXIT=FALSE" a la URL de conexión)
Database is already closed (to disable automatic closing at VM shutdown, add ";DB_CLOSE_ON_EXIT=FALSE" to the db URL) [90121-240]
2026-09-23 11:47:11.651  INFO 15124 --- [fifa] [SpringApplicationShutdownHook] com.zaxxer.hikari.HikariDataSource       : HikariPool-5 - Shutdown initiated...
2026-09-23 11:47:11.651  INFO 15124 --- [fifa] [SpringApplicationShutdownHook] com.zaxxer.hikari.HikariDataSource       : HikariPool-5 - Shutdown completed.
2026-09-23 11:47:24.268  INFO 30276 --- [fifa] [restartedMain] com.example.demo.DemoApplication         : Starting DemoApplication using Java 24.0.2 with PID 30276 (C:\Users\flore\Documents\UNIVERSIDAD\Sexto Semestre\Compunet 2\SpringBoot\PreParcial_CopaMundial\demo\target\classes started by flore in C:\Users\flore\Documents\UNIVERSIDAD\Sexto Semestre\Compunet 2\SpringBoot\PreParcial_CopaMundial\demo)
2026-09-23 11:47:24.271  INFO 30276 --- [fifa] [restartedMain] com.example.demo.DemoApplication         : The following 1 profile is active: "dev"
2026-09-23 11:47:24.326  INFO 30276 --- [fifa] [restartedMain] .e.DevToolsPropertyDefaultsPostProcessor : Devtools property defaults active! Set 'spring.devtools.add-properties' to 'false' to disable
2026-09-23 11:47:24.327  INFO 30276 --- [fifa] [restartedMain] .e.DevToolsPropertyDefaultsPostProcessor : For additional web related logging consider setting the 'logging.level.web' property to 'DEBUG'
2026-09-23 11:47:24.900  INFO 30276 --- [fifa] [restartedMain] .s.d.r.c.RepositoryConfigurationDelegate : Bootstrapping Spring Data JPA repositories in DEFAULT mode.
2026-09-23 11:47:24.968  INFO 30276 --- [fifa] [restartedMain] .s.d.r.c.RepositoryConfigurationDelegate : Finished Spring Data repository scanning in 57 ms. Found 5 JPA repository interfaces.
2026-09-23 11:47:25.432  INFO 30276 --- [fifa] [restartedMain] o.s.boot.tomcat.TomcatWebServer          : Tomcat initialized with port 8081 (http)
2026-09-23 11:47:25.447  INFO 30276 --- [fifa] [restartedMain] o.apache.catalina.core.StandardService   : Starting service [Tomcat]
2026-09-23 11:47:25.448  INFO 30276 --- [fifa] [restartedMain] o.apache.catalina.core.StandardEngine    : Starting Servlet engine: [Apache Tomcat/11.0.24]
2026-09-23 11:47:25.492  INFO 30276 --- [fifa] [restartedMain] b.w.c.s.WebApplicationContextInitializer : Root WebApplicationContext: initialization completed in 1165 ms
2026-09-23 11:47:25.646  INFO 30276 --- [fifa] [restartedMain] org.hibernate.orm.jpa                    : HHH008540: Processing PersistenceUnitInfo [name: default]
2026-09-23 11:47:25.699  INFO 30276 --- [fifa] [restartedMain] org.hibernate.orm.core                   : HHH000001: Hibernate ORM core version 7.4.5.Final
2026-09-23 11:47:26.137  INFO 30276 --- [fifa] [restartedMain] o.s.o.j.p.SpringPersistenceUnitInfo      : No LoadTimeWeaver setup: ignoring JPA class transformer
2026-09-23 11:47:26.168  INFO 30276 --- [fifa] [restartedMain] com.zaxxer.hikari.HikariDataSource       : HikariPool-1 - Starting...
2026-09-23 11:47:26.327  INFO 30276 --- [fifa] [restartedMain] com.zaxxer.hikari.pool.HikariPool        : HikariPool-1 - Added connection conn0: url=jdbc:h2:mem:db-kevin user=POSTGRES
2026-09-23 11:47:26.329  INFO 30276 --- [fifa] [restartedMain] com.zaxxer.hikari.HikariDataSource       : HikariPool-1 - Start completed.
2026-09-23 11:47:26.384  INFO 30276 --- [fifa] [restartedMain] org.hibernate.orm.connections.pooling    : HHH10001005: Database info:
	Database JDBC URL [jdbc:h2:mem:db-kevin]
	Database driver: H2 JDBC Driver
	Database dialect: H2Dialect
	Database version: 2.4.240
	Default catalog/schema: DB-KEVIN/PUBLIC
	Autocommit mode: undefined/unknown
	Isolation level: READ_COMMITTED [default READ_COMMITTED]
	JDBC fetch size: 100
	Pool: DataSourceConnectionProvider
	Minimum pool size: undefined/unknown
	Maximum pool size: undefined/unknown
2026-09-23 11:47:27.280  INFO 30276 --- [fifa] [restartedMain] org.hibernate.orm.core                   : HHH000489: No JTA platform available (set 'hibernate.transaction.jta.platform' to enable JTA platform integration)
2026-09-23 11:47:27.352  INFO 30276 --- [fifa] [restartedMain] j.LocalContainerEntityManagerFactoryBean : Initialized JPA EntityManagerFactory for persistence unit 'default'
2026-09-23 11:47:27.423  INFO 30276 --- [fifa] [restartedMain] o.s.d.j.r.query.QueryEnhancerFactories   : Hibernate is in classpath; If applicable, HQL parser will be used.
2026-09-23 11:47:27.640  WARN 30276 --- [fifa] [restartedMain] JpaBaseConfiguration$JpaWebConfiguration : spring.jpa.open-in-view is enabled by default. Therefore, database queries may be performed during view rendering. Explicitly configure spring.jpa.open-in-view to disable this warning
2026-09-23 11:47:27.900  INFO 30276 --- [fifa] [restartedMain] o.s.b.h.a.H2ConsoleAutoConfiguration     : H2 console available at '/h2-console'. Database available at 'jdbc:h2:mem:db-kevin'
2026-09-23 11:47:27.970  INFO 30276 --- [fifa] [restartedMain] o.s.boot.tomcat.TomcatWebServer          : Tomcat started on port 8081 (http) with context path '/fifaparcial'
2026-09-23 11:47:27.975  INFO 30276 --- [fifa] [restartedMain] com.example.demo.DemoApplication         : Started DemoApplication in 4.139 seconds (process running for 4.584)
2026-09-23 11:47:31.908  INFO 30276 --- [fifa] [http-nio-8081-exec-1] o.a.c.c.C.[.[localhost].[/fifaparcial]   : Initializing Spring DispatcherServlet 'dispatcherServlet'
2026-09-23 11:47:31.910  INFO 30276 --- [fifa] [http-nio-8081-exec-1] o.s.web.servlet.DispatcherServlet        : Initializing Servlet 'dispatcherServlet'
2026-09-23 11:47:31.912  INFO 30276 --- [fifa] [http-nio-8081-exec-1] o.s.web.servlet.DispatcherServlet        : Completed initialization in 2 ms
2026-09-23 11:48:26.247  INFO 30276 --- [fifa] [SpringApplicationShutdownHook] o.s.boot.tomcat.GracefulShutdown         : Commencing graceful shutdown. Waiting for active requests to complete
2026-09-23 11:48:26.298  INFO 30276 --- [fifa] [tomcat-shutdown] o.s.boot.tomcat.GracefulShutdown         : Graceful shutdown complete
2026-09-23 11:48:26.308  INFO 30276 --- [fifa] [SpringApplicationShutdownHook] j.LocalContainerEntityManagerFactoryBean : Closing JPA EntityManagerFactory for persistence unit 'default'
2026-09-23 11:48:26.323  WARN 30276 --- [fifa] [SpringApplicationShutdownHook] o.s.b.f.support.DisposableBeanAdapter    : Invocation of destroy method failed on bean with name 'inMemoryDatabaseShutdownExecutor': org.h2.jdbc.JdbcSQLNonTransientConnectionException: La base de datos ya esta cerrada (para des-habilitar el cerrado automatico durante el shutdown de la VM, agregue ";DB_CLOSE_ON_EXIT=FALSE" a la URL de conexión)
Database is already closed (to disable automatic closing at VM shutdown, add ";DB_CLOSE_ON_EXIT=FALSE" to the db URL) [90121-240]
2026-09-23 11:48:26.324  INFO 30276 --- [fifa] [SpringApplicationShutdownHook] com.zaxxer.hikari.HikariDataSource       : HikariPool-1 - Shutdown initiated...
2026-09-23 11:48:26.325  INFO 30276 --- [fifa] [SpringApplicationShutdownHook] com.zaxxer.hikari.HikariDataSource       : HikariPool-1 - Shutdown completed.
2026-09-23 11:48:36.404  INFO 7764 --- [fifa] [restartedMain] com.example.demo.DemoApplication         : Starting DemoApplication using Java 24.0.2 with PID 7764 (C:\Users\flore\Documents\UNIVERSIDAD\Sexto Semestre\Compunet 2\SpringBoot\PreParcial_CopaMundial\demo\target\classes started by flore in C:\Users\flore\Documents\UNIVERSIDAD\Sexto Semestre\Compunet 2\SpringBoot\PreParcial_CopaMundial\demo)
2026-09-23 11:48:36.407  INFO 7764 --- [fifa] [restartedMain] com.example.demo.DemoApplication         : The following 1 profile is active: "dev"
2026-09-23 11:48:36.456  INFO 7764 --- [fifa] [restartedMain] .e.DevToolsPropertyDefaultsPostProcessor : Devtools property defaults active! Set 'spring.devtools.add-properties' to 'false' to disable
2026-09-23 11:48:36.457  INFO 7764 --- [fifa] [restartedMain] .e.DevToolsPropertyDefaultsPostProcessor : For additional web related logging consider setting the 'logging.level.web' property to 'DEBUG'
2026-09-23 11:48:37.020  INFO 7764 --- [fifa] [restartedMain] .s.d.r.c.RepositoryConfigurationDelegate : Bootstrapping Spring Data JPA repositories in DEFAULT mode.
2026-09-23 11:48:37.085  INFO 7764 --- [fifa] [restartedMain] .s.d.r.c.RepositoryConfigurationDelegate : Finished Spring Data repository scanning in 57 ms. Found 5 JPA repository interfaces.
2026-09-23 11:48:37.547  INFO 7764 --- [fifa] [restartedMain] o.s.boot.tomcat.TomcatWebServer          : Tomcat initialized with port 8081 (http)
2026-09-23 11:48:37.562  INFO 7764 --- [fifa] [restartedMain] o.apache.catalina.core.StandardService   : Starting service [Tomcat]
2026-09-23 11:48:37.563  INFO 7764 --- [fifa] [restartedMain] o.apache.catalina.core.StandardEngine    : Starting Servlet engine: [Apache Tomcat/11.0.24]
2026-09-23 11:48:37.615  INFO 7764 --- [fifa] [restartedMain] b.w.c.s.WebApplicationContextInitializer : Root WebApplicationContext: initialization completed in 1158 ms
2026-09-23 11:48:37.776  INFO 7764 --- [fifa] [restartedMain] org.hibernate.orm.jpa                    : HHH008540: Processing PersistenceUnitInfo [name: default]
2026-09-23 11:48:37.839  INFO 7764 --- [fifa] [restartedMain] org.hibernate.orm.core                   : HHH000001: Hibernate ORM core version 7.4.5.Final
2026-09-23 11:48:38.282  INFO 7764 --- [fifa] [restartedMain] o.s.o.j.p.SpringPersistenceUnitInfo      : No LoadTimeWeaver setup: ignoring JPA class transformer
2026-09-23 11:48:38.313  INFO 7764 --- [fifa] [restartedMain] com.zaxxer.hikari.HikariDataSource       : HikariPool-1 - Starting...
2026-09-23 11:48:38.475  INFO 7764 --- [fifa] [restartedMain] com.zaxxer.hikari.pool.HikariPool        : HikariPool-1 - Added connection conn0: url=jdbc:h2:mem:db-kevin user=POSTGRES
2026-09-23 11:48:38.477  INFO 7764 --- [fifa] [restartedMain] com.zaxxer.hikari.HikariDataSource       : HikariPool-1 - Start completed.
2026-09-23 11:48:38.536  INFO 7764 --- [fifa] [restartedMain] org.hibernate.orm.connections.pooling    : HHH10001005: Database info:
	Database JDBC URL [jdbc:h2:mem:db-kevin]
	Database driver: H2 JDBC Driver
	Database dialect: H2Dialect
	Database version: 2.4.240
	Default catalog/schema: DB-KEVIN/PUBLIC
	Autocommit mode: undefined/unknown
	Isolation level: READ_COMMITTED [default READ_COMMITTED]
	JDBC fetch size: 100
	Pool: DataSourceConnectionProvider
	Minimum pool size: undefined/unknown
	Maximum pool size: undefined/unknown
2026-09-23 11:48:39.425  INFO 7764 --- [fifa] [restartedMain] org.hibernate.orm.core                   : HHH000489: No JTA platform available (set 'hibernate.transaction.jta.platform' to enable JTA platform integration)
2026-09-23 11:48:39.483  INFO 7764 --- [fifa] [restartedMain] j.LocalContainerEntityManagerFactoryBean : Initialized JPA EntityManagerFactory for persistence unit 'default'
2026-09-23 11:48:39.567  INFO 7764 --- [fifa] [restartedMain] o.s.d.j.r.query.QueryEnhancerFactories   : Hibernate is in classpath; If applicable, HQL parser will be used.
2026-09-23 11:48:39.778  WARN 7764 --- [fifa] [restartedMain] JpaBaseConfiguration$JpaWebConfiguration : spring.jpa.open-in-view is enabled by default. Therefore, database queries may be performed during view rendering. Explicitly configure spring.jpa.open-in-view to disable this warning
2026-09-23 11:48:40.023  INFO 7764 --- [fifa] [restartedMain] o.s.b.h.a.H2ConsoleAutoConfiguration     : H2 console available at '/h2-console'. Database available at 'jdbc:h2:mem:db-kevin'
2026-09-23 11:48:40.093  INFO 7764 --- [fifa] [restartedMain] o.s.boot.tomcat.TomcatWebServer          : Tomcat started on port 8081 (http) with context path '/fifaparcial'
2026-09-23 11:48:40.097  INFO 7764 --- [fifa] [restartedMain] com.example.demo.DemoApplication         : Started DemoApplication in 4.122 seconds (process running for 4.564)
2026-09-23 11:48:50.715  INFO 7764 --- [fifa] [http-nio-8081-exec-1] o.a.c.c.C.[.[localhost].[/fifaparcial]   : Initializing Spring DispatcherServlet 'dispatcherServlet'
2026-09-23 11:48:50.715  INFO 7764 --- [fifa] [http-nio-8081-exec-1] o.s.web.servlet.DispatcherServlet        : Initializing Servlet 'dispatcherServlet'
2026-09-23 11:48:50.715  INFO 7764 --- [fifa] [http-nio-8081-exec-1] o.s.web.servlet.DispatcherServlet        : Completed initialization in 0 ms
2026-09-23 11:50:34.221  INFO 7764 --- [fifa] [SpringApplicationShutdownHook] o.s.boot.tomcat.GracefulShutdown         : Commencing graceful shutdown. Waiting for active requests to complete
2026-09-23 11:50:34.249  INFO 7764 --- [fifa] [tomcat-shutdown] o.s.boot.tomcat.GracefulShutdown         : Graceful shutdown complete
2026-09-23 11:50:34.252  INFO 7764 --- [fifa] [SpringApplicationShutdownHook] j.LocalContainerEntityManagerFactoryBean : Closing JPA EntityManagerFactory for persistence unit 'default'
2026-09-23 11:50:34.262  WARN 7764 --- [fifa] [SpringApplicationShutdownHook] o.s.b.f.support.DisposableBeanAdapter    : Invocation of destroy method failed on bean with name 'inMemoryDatabaseShutdownExecutor': org.h2.jdbc.JdbcSQLNonTransientConnectionException: La base de datos ya esta cerrada (para des-habilitar el cerrado automatico durante el shutdown de la VM, agregue ";DB_CLOSE_ON_EXIT=FALSE" a la URL de conexión)
Database is already closed (to disable automatic closing at VM shutdown, add ";DB_CLOSE_ON_EXIT=FALSE" to the db URL) [90121-240]
2026-09-23 11:50:34.262  INFO 7764 --- [fifa] [SpringApplicationShutdownHook] com.zaxxer.hikari.HikariDataSource       : HikariPool-1 - Shutdown initiated...
2026-09-23 11:50:34.264  INFO 7764 --- [fifa] [SpringApplicationShutdownHook] com.zaxxer.hikari.HikariDataSource       : HikariPool-1 - Shutdown completed.
2026-09-23 11:50:44.580  INFO 22344 --- [fifa] [restartedMain] com.example.demo.DemoApplication         : Starting DemoApplication using Java 24.0.2 with PID 22344 (C:\Users\flore\Documents\UNIVERSIDAD\Sexto Semestre\Compunet 2\SpringBoot\PreParcial_CopaMundial\demo\target\classes started by flore in C:\Users\flore\Documents\UNIVERSIDAD\Sexto Semestre\Compunet 2\SpringBoot\PreParcial_CopaMundial\demo)
2026-09-23 11:50:44.583  INFO 22344 --- [fifa] [restartedMain] com.example.demo.DemoApplication         : The following 1 profile is active: "dev"
2026-09-23 11:50:44.631  INFO 22344 --- [fifa] [restartedMain] .e.DevToolsPropertyDefaultsPostProcessor : Devtools property defaults active! Set 'spring.devtools.add-properties' to 'false' to disable
2026-09-23 11:50:44.631  INFO 22344 --- [fifa] [restartedMain] .e.DevToolsPropertyDefaultsPostProcessor : For additional web related logging consider setting the 'logging.level.web' property to 'DEBUG'
2026-09-23 11:50:45.261  INFO 22344 --- [fifa] [restartedMain] .s.d.r.c.RepositoryConfigurationDelegate : Bootstrapping Spring Data JPA repositories in DEFAULT mode.
2026-09-23 11:50:45.335  INFO 22344 --- [fifa] [restartedMain] .s.d.r.c.RepositoryConfigurationDelegate : Finished Spring Data repository scanning in 65 ms. Found 5 JPA repository interfaces.
2026-09-23 11:50:45.858  INFO 22344 --- [fifa] [restartedMain] o.s.boot.tomcat.TomcatWebServer          : Tomcat initialized with port 8081 (http)
2026-09-23 11:50:45.874  INFO 22344 --- [fifa] [restartedMain] o.apache.catalina.core.StandardService   : Starting service [Tomcat]
2026-09-23 11:50:45.875  INFO 22344 --- [fifa] [restartedMain] o.apache.catalina.core.StandardEngine    : Starting Servlet engine: [Apache Tomcat/11.0.24]
2026-09-23 11:50:45.923  INFO 22344 --- [fifa] [restartedMain] b.w.c.s.WebApplicationContextInitializer : Root WebApplicationContext: initialization completed in 1292 ms
2026-09-23 11:50:46.084  INFO 22344 --- [fifa] [restartedMain] org.hibernate.orm.jpa                    : HHH008540: Processing PersistenceUnitInfo [name: default]
2026-09-23 11:50:46.141  INFO 22344 --- [fifa] [restartedMain] org.hibernate.orm.core                   : HHH000001: Hibernate ORM core version 7.4.5.Final
2026-09-23 11:50:46.627  INFO 22344 --- [fifa] [restartedMain] o.s.o.j.p.SpringPersistenceUnitInfo      : No LoadTimeWeaver setup: ignoring JPA class transformer
2026-09-23 11:50:46.661  INFO 22344 --- [fifa] [restartedMain] com.zaxxer.hikari.HikariDataSource       : HikariPool-1 - Starting...
2026-09-23 11:50:46.829  INFO 22344 --- [fifa] [restartedMain] com.zaxxer.hikari.pool.HikariPool        : HikariPool-1 - Added connection conn0: url=jdbc:h2:mem:db-kevin user=POSTGRES
2026-09-23 11:50:46.831  INFO 22344 --- [fifa] [restartedMain] com.zaxxer.hikari.HikariDataSource       : HikariPool-1 - Start completed.
2026-09-23 11:50:46.890  INFO 22344 --- [fifa] [restartedMain] org.hibernate.orm.connections.pooling    : HHH10001005: Database info:
	Database JDBC URL [jdbc:h2:mem:db-kevin]
	Database driver: H2 JDBC Driver
	Database dialect: H2Dialect
	Database version: 2.4.240
	Default catalog/schema: DB-KEVIN/PUBLIC
	Autocommit mode: undefined/unknown
	Isolation level: READ_COMMITTED [default READ_COMMITTED]
	JDBC fetch size: 100
	Pool: DataSourceConnectionProvider
	Minimum pool size: undefined/unknown
	Maximum pool size: undefined/unknown
2026-09-23 11:50:47.848  INFO 22344 --- [fifa] [restartedMain] org.hibernate.orm.core                   : HHH000489: No JTA platform available (set 'hibernate.transaction.jta.platform' to enable JTA platform integration)
2026-09-23 11:50:47.937  INFO 22344 --- [fifa] [restartedMain] j.LocalContainerEntityManagerFactoryBean : Initialized JPA EntityManagerFactory for persistence unit 'default'
2026-09-23 11:50:48.033  INFO 22344 --- [fifa] [restartedMain] o.s.d.j.r.query.QueryEnhancerFactories   : Hibernate is in classpath; If applicable, HQL parser will be used.
2026-09-23 11:50:48.344  WARN 22344 --- [fifa] [restartedMain] JpaBaseConfiguration$JpaWebConfiguration : spring.jpa.open-in-view is enabled by default. Therefore, database queries may be performed during view rendering. Explicitly configure spring.jpa.open-in-view to disable this warning
2026-09-23 11:50:48.641  INFO 22344 --- [fifa] [restartedMain] o.s.b.h.a.H2ConsoleAutoConfiguration     : H2 console available at '/h2-console'. Database available at 'jdbc:h2:mem:db-kevin'
2026-09-23 11:50:48.717  INFO 22344 --- [fifa] [restartedMain] o.s.boot.tomcat.TomcatWebServer          : Tomcat started on port 8081 (http) with context path '/fifaparcial'
2026-09-23 11:50:48.722  INFO 22344 --- [fifa] [restartedMain] com.example.demo.DemoApplication         : Started DemoApplication in 4.586 seconds (process running for 5.028)
2026-09-23 11:50:57.086  INFO 22344 --- [fifa] [http-nio-8081-exec-1] o.a.c.c.C.[.[localhost].[/fifaparcial]   : Initializing Spring DispatcherServlet 'dispatcherServlet'
2026-09-23 11:50:57.086  INFO 22344 --- [fifa] [http-nio-8081-exec-1] o.s.web.servlet.DispatcherServlet        : Initializing Servlet 'dispatcherServlet'
2026-09-23 11:50:57.086  INFO 22344 --- [fifa] [http-nio-8081-exec-1] o.s.web.servlet.DispatcherServlet        : Completed initialization in 0 ms
2026-09-23 13:39:27.315  WARN 22344 --- [fifa] [HikariPool-1:housekeeper] com.zaxxer.hikari.pool.HikariPool        : HikariPool-1 - Thread starvation or clock leap detected (housekeeper delta=1h46m10s357ms161µs500ns).
2026-09-23 13:49:33.294  INFO 22344 --- [fifa] [SpringApplicationShutdownHook] o.s.boot.tomcat.GracefulShutdown         : Commencing graceful shutdown. Waiting for active requests to complete
2026-09-23 13:49:33.320  INFO 22344 --- [fifa] [tomcat-shutdown] o.s.boot.tomcat.GracefulShutdown         : Graceful shutdown complete
2026-09-23 13:49:33.323  INFO 22344 --- [fifa] [SpringApplicationShutdownHook] j.LocalContainerEntityManagerFactoryBean : Closing JPA EntityManagerFactory for persistence unit 'default'
2026-09-23 13:49:33.334  WARN 22344 --- [fifa] [SpringApplicationShutdownHook] o.s.b.f.support.DisposableBeanAdapter    : Invocation of destroy method failed on bean with name 'inMemoryDatabaseShutdownExecutor': org.h2.jdbc.JdbcSQLNonTransientConnectionException: La base de datos ya esta cerrada (para des-habilitar el cerrado automatico durante el shutdown de la VM, agregue ";DB_CLOSE_ON_EXIT=FALSE" a la URL de conexión)
Database is already closed (to disable automatic closing at VM shutdown, add ";DB_CLOSE_ON_EXIT=FALSE" to the db URL) [90121-240]
2026-09-23 13:49:33.337  INFO 22344 --- [fifa] [SpringApplicationShutdownHook] com.zaxxer.hikari.HikariDataSource       : HikariPool-1 - Shutdown initiated...
2026-09-23 13:49:33.338  INFO 22344 --- [fifa] [SpringApplicationShutdownHook] com.zaxxer.hikari.HikariDataSource       : HikariPool-1 - Shutdown completed.
